user_name,prev_time,curr_time,transition,next_state,mainstream_risk_ratio,wemedia_risk_ratio,n_mainstream_targets_observed,n_wemedia_targets_observed,time_fe,n_posts,n_total_interactions,active_days,z_n_total_interactions,z_active_days,z_n_posts
123和雅音,2023-02-20 07:05:00,2023-02-20 07:25:00,M->H,H,,,0,0,2023Q1,2,3,1,-1.5176396907187937,-1.4831730072920266,-1.440892138564679
baby-unicorn,2022-12-01 14:55:00,2023-02-06 18:47:00,M->M,M,0.0,,1,0,2023Q1,2,28,2,-0.7113555727547192,-1.4110995023533248,-1.440892138564679
huabiwei,2023-02-01 23:19:00,2023-02-14 22:30:00,H->M,M,,,0,0,2023Q1,2,18,2,-1.033869219940349,-1.4110995023533248,-1.440892138564679
中西医结合医学微博,2023-02-01 16:43:00,2023-02-02 14:04:00,M->M,M,,,0,0,2023Q1,8,21,6,-0.93711512578466,-1.1228054825985176,-1.1718880093688466
中西医结合医学微博,2023-02-02 14:04:00,2023-02-03 07:19:00,M->M,M,1.0,1.0,1,1,2023Q1,8,21,6,-0.93711512578466,-1.1228054825985176,-1.1718880093688466
中西医结合医学微博,2023-02-03 07:19:00,2023-02-03 16:24:00,M->M,M,1.0,,1,0,2023Q1,8,21,6,-0.93711512578466,-1.1228054825985176,-1.1718880093688466
中西医结合医学微博,2023-02-03 16:24:00,2023-02-04 05:42:00,M->M,M,1.0,,1,0,2023Q1,8,21,6,-0.93711512578466,-1.1228054825985176,-1.1718880093688466
中西医结合医学微博,2023-02-04 05:42:00,2023-02-07 10:44:00,M->M,M,1.0,,1,0,2023Q1,8,21,6,-0.93711512578466,-1.1228054825985176,-1.1718880093688466
中西医结合医学微博,2023-02-07 10:44:00,2023-02-08 10:23:00,M->M,M,1.0,,1,0,2023Q1,8,21,6,-0.93711512578466,-1.1228054825985176,-1.1718880093688466
中西医结合医学微博,2023-02-08 10:23:00,2023-02-08 10:27:00,M->M,M,1.0,,1,0,2023Q1,8,21,6,-0.93711512578466,-1.1228054825985176,-1.1718880093688466
元气蔓蔓Oo,2023-02-02 21:04:00,2023-02-11 22:21:00,H->M,M,,,0,0,2023Q1,2,3,2,-1.5176396907187937,-1.4110995023533248,-1.440892138564679
全民wisdom,2022-12-01 19:48:00,2022-12-30 15:54:00,H->H,H,,0.0,0,1,2022Q4,2,11,2,-1.25962877297029,-1.4110995023533248,-1.440892138564679
北京房山韩村河健康教育,2023-02-10 10:18:00,2023-02-15 15:07:00,M->M,M,,,0,0,2023Q1,2,4,2,-1.4853883260002307,-1.4110995023533248,-1.440892138564679
呵呵上海2012,2023-02-03 00:33:00,2023-02-03 00:42:00,M->M,M,,,0,0,2023Q1,3,196,2,4.706873699963862,-1.4110995023533248,-1.3960581170320403
呵呵上海2012,2023-02-03 00:42:00,2023-02-28 13:31:00,M->M,M,,,0,0,2023Q1,3,196,2,4.706873699963862,-1.4110995023533248,-1.3960581170320403
大健康公社,2023-01-06 19:42:00,2023-02-05 21:18:00,M->H,H,,,0,0,2023Q1,3,3,3,-1.5176396907187937,-1.339025997414623,-1.3960581170320403
大健康公社,2023-02-05 21:18:00,2023-02-16 15:18:00,H->L,L,,,0,0,2023Q1,3,3,3,-1.5176396907187937,-1.339025997414623,-1.3960581170320403
张国庆看天下,2023-01-07 19:08:00,2023-01-08 10:35:00,M->M,M,,,0,0,2023Q1,5,10,5,-1.291880137688853,-1.1948789875372194,-1.3063900739667629
张国庆看天下,2023-01-08 10:35:00,2023-01-09 18:51:00,M->L,L,,,0,0,2023Q1,5,10,5,-1.291880137688853,-1.1948789875372194,-1.3063900739667629
张国庆看天下,2023-01-09 18:51:00,2023-01-18 21:13:00,L->M,M,,,0,0,2023Q1,5,10,5,-1.291880137688853,-1.1948789875372194,-1.3063900739667629
张国庆看天下,2023-01-18 21:13:00,2023-02-03 16:31:00,M->M,M,0.0,,1,0,2023Q1,5,10,5,-1.291880137688853,-1.1948789875372194,-1.3063900739667629
彭国珩,2023-02-01 19:43:00,2023-02-02 21:35:00,M->M,M,,,0,0,2023Q1,7,4,7,-1.4853883260002307,-1.0507319776598159,-1.2167220309014852
彭国珩,2023-02-02 21:35:00,2023-02-03 18:25:00,M->M,M,,,0,0,2023Q1,7,4,7,-1.4853883260002307,-1.0507319776598159,-1.2167220309014852
彭国珩,2023-02-03 18:25:00,2023-02-04 20:13:00,M->M,M,,,0,0,2023Q1,7,4,7,-1.4853883260002307,-1.0507319776598159,-1.2167220309014852
彭国珩,2023-02-04 20:13:00,2023-02-05 15:40:00,M->M,M,,,0,0,2023Q1,7,4,7,-1.4853883260002307,-1.0507319776598159,-1.2167220309014852
彭国珩,2023-02-05 15:40:00,2023-02-06 19:46:00,M->M,M,,,0,0,2023Q1,7,4,7,-1.4853883260002307,-1.0507319776598159,-1.2167220309014852
彭国珩,2023-02-06 19:46:00,2023-02-07 15:37:00,M->M,M,,,0,0,2023Q1,7,4,7,-1.4853883260002307,-1.0507319776598159,-1.2167220309014852
我是希尔瑞思,2022-10-02 14:11:00,2022-10-02 14:12:00,M->H,H,,,0,0,2022Q4,56,75,37,0.8044585690177408,1.1114731705012375,0.9801450241978128
我是希尔瑞思,2022-10-02 14:12:00,2022-10-09 19:44:00,H->M,M,,,0,0,2022Q4,56,75,37,0.8044585690177408,1.1114731705012375,0.9801450241978128
我是希尔瑞思,2022-10-09 19:44:00,2022-10-09 23:23:00,M->H,H,,,0,0,2022Q4,56,75,37,0.8044585690177408,1.1114731705012375,0.9801450241978128
我是希尔瑞思,2022-10-09 23:23:00,2022-11-08 09:48:00,H->M,M,,,0,0,2022Q4,56,75,37,0.8044585690177408,1.1114731705012375,0.9801450241978128
我是希尔瑞思,2022-11-08 09:48:00,2022-11-09 21:22:00,M->H,H,,,0,0,2022Q4,56,75,37,0.8044585690177408,1.1114731705012375,0.9801450241978128
我是希尔瑞思,2022-11-09 21:22:00,2022-11-13 13:15:00,H->H,H,1.0,,1,0,2022Q4,56,75,37,0.8044585690177408,1.1114731705012375,0.9801450241978128
我是希尔瑞思,2022-11-13 13:15:00,2022-11-14 10:00:00,H->M,M,0.0,,1,0,2022Q4,56,75,37,0.8044585690177408,1.1114731705012375,0.9801450241978128
我是希尔瑞思,2022-11-14 10:00:00,2022-11-14 11:07:00,M->H,H,,,0,0,2022Q4,56,75,37,0.8044585690177408,1.1114731705012375,0.9801450241978128
我是希尔瑞思,2022-11-14 11:07:00,2022-11-16 11:26:00,H->H,H,,,0,0,2022Q4,56,75,37,0.8044585690177408,1.1114731705012375,0.9801450241978128
我是希尔瑞思,2022-11-16 11:26:00,2022-11-16 11:50:00,H->H,H,,,0,0,2022Q4,56,75,37,0.8044585690177408,1.1114731705012375,0.9801450241978128
我是希尔瑞思,2022-11-16 11:50:00,2022-11-16 11:54:00,H->M,M,,,0,0,2022Q4,56,75,37,0.8044585690177408,1.1114731705012375,0.9801450241978128
我是希尔瑞思,2022-11-16 11:54:00,2022-11-17 00:33:00,M->M,M,,,0,0,2022Q4,56,75,37,0.8044585690177408,1.1114731705012375,0.9801450241978128
我是希尔瑞思,2022-11-17 00:33:00,2022-11-19 20:48:00,M->M,M,,,0,0,2022Q4,56,75,37,0.8044585690177408,1.1114731705012375,0.9801450241978128
我是希尔瑞思,2022-11-19 20:48:00,2022-11-20 10:43:00,M->H,H,,,0,0,2022Q4,56,75,37,0.8044585690177408,1.1114731705012375,0.9801450241978128
我是希尔瑞思,2022-11-20 10:43:00,2022-11-21 10:53:00,H->M,M,,,0,0,2022Q4,56,75,37,0.8044585690177408,1.1114731705012375,0.9801450241978128
我是希尔瑞思,2022-11-21 10:53:00,2022-11-21 10:59:00,M->M,M,0.0,,1,0,2022Q4,56,75,37,0.8044585690177408,1.1114731705012375,0.9801450241978128
我是希尔瑞思,2022-11-21 10:59:00,2022-11-26 08:02:00,M->M,M,0.0,,1,0,2022Q4,56,75,37,0.8044585690177408,1.1114731705012375,0.9801450241978128
我是希尔瑞思,2022-11-26 08:02:00,2022-11-27 10:03:00,M->H,H,,,0,0,2022Q4,56,75,37,0.8044585690177408,1.1114731705012375,0.9801450241978128
我是希尔瑞思,2022-11-27 10:03:00,2022-11-28 08:16:00,H->H,H,0.0,,1,0,2022Q4,56,75,37,0.8044585690177408,1.1114731705012375,0.9801450241978128
我是希尔瑞思,2022-11-28 08:16:00,2022-11-28 13:51:00,H->H,H,,,0,0,2022Q4,56,75,37,0.8044585690177408,1.1114731705012375,0.9801450241978128
我是希尔瑞思,2022-11-28 13:51:00,2022-11-28 15:15:00,H->H,H,,,0,0,2022Q4,56,75,37,0.8044585690177408,1.1114731705012375,0.9801450241978128
我是希尔瑞思,2022-11-28 15:15:00,2022-11-29 14:17:00,H->M,M,,,0,0,2022Q4,56,75,37,0.8044585690177408,1.1114731705012375,0.9801450241978128
我是希尔瑞思,2022-11-29 14:17:00,2022-11-30 00:08:00,M->H,H,0.25,,4,0,2022Q4,56,75,37,0.8044585690177408,1.1114731705012375,0.9801450241978128
我是希尔瑞思,2022-11-30 00:08:00,2022-12-01 11:14:00,H->H,H,,,0,0,2022Q4,56,75,37,0.8044585690177408,1.1114731705012375,0.9801450241978128
我是希尔瑞思,2022-12-01 11:14:00,2022-12-02 10:57:00,H->H,H,0.26666666666666666,,5,0,2022Q4,56,75,37,0.8044585690177408,1.1114731705012375,0.9801450241978128
我是希尔瑞思,2022-12-02 10:57:00,2022-12-03 09:12:00,H->M,M,,,0,0,2022Q4,56,75,37,0.8044585690177408,1.1114731705012375,0.9801450241978128
我是希尔瑞思,2022-12-03 09:12:00,2022-12-03 11:09:00,M->M,M,0.0,,2,0,2022Q4,56,75,37,0.8044585690177408,1.1114731705012375,0.9801450241978128
我是希尔瑞思,2022-12-03 11:09:00,2022-12-03 13:14:00,M->M,M,0.0,,2,0,2022Q4,56,75,37,0.8044585690177408,1.1114731705012375,0.9801450241978128
我是希尔瑞思,2022-12-03 13:14:00,2022-12-04 18:53:00,M->H,H,0.0,,2,0,2022Q4,56,75,37,0.8044585690177408,1.1114731705012375,0.9801450241978128
我是希尔瑞思,2022-12-04 18:53:00,2022-12-06 10:13:00,H->H,H,0.0,,1,0,2022Q4,56,75,37,0.8044585690177408,1.1114731705012375,0.9801450241978128
我是希尔瑞思,2022-12-06 10:13:00,2022-12-08 06:50:00,H->H,H,0.0,,2,0,2022Q4,56,75,37,0.8044585690177408,1.1114731705012375,0.9801450241978128
我是希尔瑞思,2022-12-08 06:50:00,2022-12-08 14:24:00,H->H,H,0.0,,3,0,2022Q4,56,75,37,0.8044585690177408,1.1114731705012375,0.9801450241978128
我是希尔瑞思,2022-12-08 14:24:00,2022-12-08 19:01:00,H->M,M,0.0,,3,0,2022Q4,56,75,37,0.8044585690177408,1.1114731705012375,0.9801450241978128
我是希尔瑞思,2022-12-08 19:01:00,2022-12-09 10:14:00,M->M,M,0.0,,3,0,2022Q4,56,75,37,0.8044585690177408,1.1114731705012375,0.9801450241978128
我是希尔瑞思,2022-12-09 10:14:00,2022-12-09 18:40:00,M->M,M,0.0,,5,0,2022Q4,56,75,37,0.8044585690177408,1.1114731705012375,0.9801450241978128
我是希尔瑞思,2022-12-09 18:40:00,2022-12-09 20:34:00,M->M,M,0.0,,5,0,2022Q4,56,75,37,0.8044585690177408,1.1114731705012375,0.9801450241978128
我是希尔瑞思,2022-12-09 20:34:00,2022-12-10 09:23:00,M->M,M,0.0,,5,0,2022Q4,56,75,37,0.8044585690177408,1.1114731705012375,0.9801450241978128
我是希尔瑞思,2022-12-10 09:23:00,2022-12-11 09:08:00,M->M,M,0.0,,4,0,2022Q4,56,75,37,0.8044585690177408,1.1114731705012375,0.9801450241978128
我是希尔瑞思,2022-12-11 09:08:00,2022-12-11 09:14:00,M->M,M,0.0,,2,0,2022Q4,56,75,37,0.8044585690177408,1.1114731705012375,0.9801450241978128
我是希尔瑞思,2022-12-11 09:14:00,2022-12-11 10:58:00,M->M,M,0.0,,2,0,2022Q4,56,75,37,0.8044585690177408,1.1114731705012375,0.9801450241978128
我是希尔瑞思,2022-12-11 10:58:00,2022-12-15 15:44:00,M->H,H,0.0,,2,0,2022Q4,56,75,37,0.8044585690177408,1.1114731705012375,0.9801450241978128
我是希尔瑞思,2022-12-15 15:44:00,2023-01-02 16:41:00,H->H,H,0.14285714285714285,,7,0,2023Q1,56,75,37,0.8044585690177408,1.1114731705012375,0.9801450241978128
我是希尔瑞思,2023-01-02 16:41:00,2023-01-03 16:24:00,H->H,H,0.65,,5,0,2023Q1,56,75,37,0.8044585690177408,1.1114731705012375,0.9801450241978128
我是希尔瑞思,2023-01-03 16:24:00,2023-01-04 00:17:00,H->M,M,0.35416666666666663,,4,0,2023Q1,56,75,37,0.8044585690177408,1.1114731705012375,0.9801450241978128
我是希尔瑞思,2023-01-04 00:17:00,2023-01-04 09:26:00,M->H,H,0.5,,2,0,2023Q1,56,75,37,0.8044585690177408,1.1114731705012375,0.9801450241978128
我是希尔瑞思,2023-01-04 09:26:00,2023-01-04 22:40:00,H->M,M,0.5,,2,0,2023Q1,56,75,37,0.8044585690177408,1.1114731705012375,0.9801450241978128
我是希尔瑞思,2023-01-04 22:40:00,2023-01-05 11:13:00,M->M,M,0.5,,2,0,2023Q1,56,75,37,0.8044585690177408,1.1114731705012375,0.9801450241978128
我是希尔瑞思,2023-01-05 11:13:00,2023-01-07 14:52:00,M->H,H,0.0,,4,0,2023Q1,56,75,37,0.8044585690177408,1.1114731705012375,0.9801450241978128
我是希尔瑞思,2023-01-07 14:52:00,2023-01-07 15:22:00,H->M,M,0.0,,1,0,2023Q1,56,75,37,0.8044585690177408,1.1114731705012375,0.9801450241978128
我是希尔瑞思,2023-01-07 15:22:00,2023-01-08 10:47:00,M->M,M,0.0,,1,0,2023Q1,56,75,37,0.8044585690177408,1.1114731705012375,0.9801450241978128
我是希尔瑞思,2023-01-08 10:47:00,2023-01-09 22:41:00,M->H,H,0.0,,1,0,2023Q1,56,75,37,0.8044585690177408,1.1114731705012375,0.9801450241978128
我是希尔瑞思,2023-01-09 22:41:00,2023-01-13 09:57:00,H->M,M,0.5,,2,0,2023Q1,56,75,37,0.8044585690177408,1.1114731705012375,0.9801450241978128
我是希尔瑞思,2023-01-13 09:57:00,2023-01-14 15:55:00,M->M,M,0.0,,3,0,2023Q1,56,75,37,0.8044585690177408,1.1114731705012375,0.9801450241978128
我是希尔瑞思,2023-01-14 15:55:00,2023-01-15 22:23:00,M->H,H,,,0,0,2023Q1,56,75,37,0.8044585690177408,1.1114731705012375,0.9801450241978128
我是希尔瑞思,2023-01-15 22:23:00,2023-01-16 10:35:00,H->H,H,0.0,,1,0,2023Q1,56,75,37,0.8044585690177408,1.1114731705012375,0.9801450241978128
星弧权益,2022-12-01 23:25:00,2022-12-15 23:41:00,M->M,M,,0.0,0,1,2022Q4,3,8,3,-1.3563828671259788,-1.339025997414623,-1.3960581170320403
星弧权益,2022-12-15 23:41:00,2023-02-09 23:01:00,M->M,M,,0.0,0,1,2023Q1,3,8,3,-1.3563828671259788,-1.339025997414623,-1.3960581170320403
核聚变ju,2023-02-05 20:05:00,2023-02-19 09:59:00,M->H,H,1.0,,1,0,2023Q1,3,24,2,-0.8403610316289711,-1.4110995023533248,-1.3960581170320403
核聚变ju,2023-02-19 09:59:00,2023-02-19 11:20:00,H->M,M,,,0,0,2023Q1,3,24,2,-0.8403610316289711,-1.4110995023533248,-1.3960581170320403
溧阳人在珀斯,2022-11-24 23:21:00,2022-11-26 16:49:00,M->M,M,,,0,0,2022Q4,11,19,9,-1.001617855221786,-0.9065849677824124,-1.0373859447709304
溧阳人在珀斯,2022-11-26 16:49:00,2022-12-02 22:03:00,M->H,H,,,0,0,2022Q4,11,19,9,-1.001617855221786,-0.9065849677824124,-1.0373859447709304
溧阳人在珀斯,2022-12-02 22:03:00,2022-12-05 14:59:00,H->M,M,,,0,0,2022Q4,11,19,9,-1.001617855221786,-0.9065849677824124,-1.0373859447709304
溧阳人在珀斯,2022-12-05 14:59:00,2022-12-05 15:17:00,M->M,M,,,0,0,2022Q4,11,19,9,-1.001617855221786,-0.9065849677824124,-1.0373859447709304
溧阳人在珀斯,2022-12-05 15:17:00,2022-12-07 11:49:00,M->H,H,,,0,0,2022Q4,11,19,9,-1.001617855221786,-0.9065849677824124,-1.0373859447709304
溧阳人在珀斯,2022-12-07 11:49:00,2022-12-08 16:53:00,H->M,M,0.0,,1,0,2022Q4,11,19,9,-1.001617855221786,-0.9065849677824124,-1.0373859447709304
溧阳人在珀斯,2022-12-08 16:53:00,2022-12-08 18:26:00,M->H,H,0.0,,1,0,2022Q4,11,19,9,-1.001617855221786,-0.9065849677824124,-1.0373859447709304
溧阳人在珀斯,2022-12-08 18:26:00,2022-12-09 14:36:00,H->M,M,0.0,,1,0,2022Q4,11,19,9,-1.001617855221786,-0.9065849677824124,-1.0373859447709304
溧阳人在珀斯,2022-12-09 14:36:00,2022-12-15 23:14:00,M->M,M,0.0,,1,0,2022Q4,11,19,9,-1.001617855221786,-0.9065849677824124,-1.0373859447709304
溧阳人在珀斯,2022-12-15 23:14:00,2022-12-16 11:19:00,M->M,M,0.0,,1,0,2022Q4,11,19,9,-1.001617855221786,-0.9065849677824124,-1.0373859447709304
独立小楼99,2022-12-03 15:35:00,2022-12-04 18:49:00,H->M,M,0.0,,1,0,2022Q4,6,10,6,-1.291880137688853,-1.1228054825985176,-1.261556052434124
独立小楼99,2022-12-04 18:49:00,2022-12-30 15:26:00,M->M,M,,,0,0,2022Q4,6,10,6,-1.291880137688853,-1.1228054825985176,-1.261556052434124
独立小楼99,2022-12-30 15:26:00,2022-12-31 15:00:00,M->M,M,0.25,,1,0,2022Q4,6,10,6,-1.291880137688853,-1.1228054825985176,-1.261556052434124
独立小楼99,2022-12-31 15:00:00,2023-01-08 14:50:00,M->M,M,0.0,,1,0,2023Q1,6,10,6,-1.291880137688853,-1.1228054825985176,-1.261556052434124
独立小楼99,2023-01-08 14:50:00,2023-01-10 11:48:00,M->M,M,0.0,,1,0,2023Q1,6,10,6,-1.291880137688853,-1.1228054825985176,-1.261556052434124
用户7821370827,2023-02-19 12:44:00,2023-02-19 17:04:00,M->H,H,,,0,0,2023Q1,8,40,4,-0.3243391961319635,-1.2669524924759212,-1.1718880093688466
用户7821370827,2023-02-19 17:04:00,2023-02-19 18:08:00,H->H,H,,,0,0,2023Q1,8,40,4,-0.3243391961319635,-1.2669524924759212,-1.1718880093688466
用户7821370827,2023-02-19 18:08:00,2023-02-19 20:15:00,H->H,H,,,0,0,2023Q1,8,40,4,-0.3243391961319635,-1.2669524924759212,-1.1718880093688466
用户7821370827,2023-02-19 20:15:00,2023-02-19 22:44:00,H->M,M,,,0,0,2023Q1,8,40,4,-0.3243391961319635,-1.2669524924759212,-1.1718880093688466
用户7821370827,2023-02-19 22:44:00,2023-02-20 06:07:00,M->H,H,,,0,0,2023Q1,8,40,4,-0.3243391961319635,-1.2669524924759212,-1.1718880093688466
用户7821370827,2023-02-20 06:07:00,2023-02-23 12:06:00,H->M,M,,,0,0,2023Q1,8,40,4,-0.3243391961319635,-1.2669524924759212,-1.1718880093688466
用户7821370827,2023-02-23 12:06:00,2023-02-26 21:00:00,M->M,M,,,0,0,2023Q1,8,40,4,-0.3243391961319635,-1.2669524924759212,-1.1718880093688466
秦梦琉,2022-12-01 14:50:00,2022-12-01 15:12:00,M->M,M,,,0,0,2022Q4,3,9,1,-1.3241315024074158,-1.4831730072920266,-1.3960581170320403
秦梦琉,2022-12-01 15:12:00,2022-12-01 18:22:00,M->M,M,,,0,0,2022Q4,3,9,1,-1.3241315024074158,-1.4831730072920266,-1.3960581170320403
茫茫本尊,2023-02-04 14:22:00,2023-02-04 14:29:00,L->L,L,1.0,,1,0,2023Q1,2,12,1,-1.2273774082517268,-1.4831730072920266,-1.440892138564679
郭晓东_,2023-01-07 20:46:00,2023-01-09 19:44:00,M->L,L,,,0,0,2023Q1,2,7,2,-1.3886342318445417,-1.4110995023533248,-1.440892138564679
陕西汉书下酒,2023-01-15 19:56:00,2023-01-15 20:49:00,M->M,M,1.0,,1,0,2023Q1,45,57,25,0.22393400408360717,0.2465911112368161,0.4869707873387867
陕西汉书下酒,2023-01-15 20:49:00,2023-01-16 08:53:00,M->M,M,1.0,,1,0,2023Q1,45,57,25,0.22393400408360717,0.2465911112368161,0.4869707873387867
陕西汉书下酒,2023-01-16 08:53:00,2023-01-16 11:49:00,M->M,M,0.5,,1,0,2023Q1,45,57,25,0.22393400408360717,0.2465911112368161,0.4869707873387867
陕西汉书下酒,2023-01-16 11:49:00,2023-01-16 20:32:00,M->M,M,0.5,,1,0,2023Q1,45,57,25,0.22393400408360717,0.2465911112368161,0.4869707873387867
陕西汉书下酒,2023-01-16 20:32:00,2023-01-16 22:01:00,M->M,M,0.5,,1,0,2023Q1,45,57,25,0.22393400408360717,0.2465911112368161,0.4869707873387867
陕西汉书下酒,2023-01-16 22:01:00,2023-01-17 08:24:00,M->M,M,0.5,,1,0,2023Q1,45,57,25,0.22393400408360717,0.2465911112368161,0.4869707873387867
陕西汉书下酒,2023-01-17 08:24:00,2023-01-18 10:41:00,M->M,M,1.0,,1,0,2023Q1,45,57,25,0.22393400408360717,0.2465911112368161,0.4869707873387867
陕西汉书下酒,2023-01-18 10:41:00,2023-01-21 07:20:00,M->M,M,0.0,,1,0,2023Q1,45,57,25,0.22393400408360717,0.2465911112368161,0.4869707873387867
陕西汉书下酒,2023-01-21 07:20:00,2023-01-21 09:23:00,M->M,M,0.5,,1,0,2023Q1,45,57,25,0.22393400408360717,0.2465911112368161,0.4869707873387867
陕西汉书下酒,2023-01-21 09:23:00,2023-01-23 07:14:00,M->M,M,0.5,,1,0,2023Q1,45,57,25,0.22393400408360717,0.2465911112368161,0.4869707873387867
陕西汉书下酒,2023-01-23 07:14:00,2023-01-23 07:17:00,M->M,M,1.0,,1,0,2023Q1,45,57,25,0.22393400408360717,0.2465911112368161,0.4869707873387867
陕西汉书下酒,2023-01-23 07:17:00,2023-01-23 11:55:00,M->M,M,1.0,,1,0,2023Q1,45,57,25,0.22393400408360717,0.2465911112368161,0.4869707873387867
陕西汉书下酒,2023-01-23 11:55:00,2023-01-24 11:51:00,M->L,L,1.0,,1,0,2023Q1,45,57,25,0.22393400408360717,0.2465911112368161,0.4869707873387867
陕西汉书下酒,2023-01-24 11:51:00,2023-01-25 08:13:00,L->M,M,1.0,,1,0,2023Q1,45,57,25,0.22393400408360717,0.2465911112368161,0.4869707873387867
陕西汉书下酒,2023-01-25 08:13:00,2023-01-25 09:42:00,M->M,M,0.5,,1,0,2023Q1,45,57,25,0.22393400408360717,0.2465911112368161,0.4869707873387867
陕西汉书下酒,2023-01-25 09:42:00,2023-01-25 12:31:00,M->M,M,0.5,,1,0,2023Q1,45,57,25,0.22393400408360717,0.2465911112368161,0.4869707873387867
陕西汉书下酒,2023-01-25 12:31:00,2023-01-25 19:53:00,M->M,M,0.5,,1,0,2023Q1,45,57,25,0.22393400408360717,0.2465911112368161,0.4869707873387867
陕西汉书下酒,2023-01-25 19:53:00,2023-01-26 08:00:00,M->M,M,0.5,,1,0,2023Q1,45,57,25,0.22393400408360717,0.2465911112368161,0.4869707873387867
陕西汉书下酒,2023-01-26 08:00:00,2023-01-26 08:44:00,M->M,M,1.0,,1,0,2023Q1,45,57,25,0.22393400408360717,0.2465911112368161,0.4869707873387867
陕西汉书下酒,2023-01-26 08:44:00,2023-01-26 10:35:00,M->M,M,1.0,,1,0,2023Q1,45,57,25,0.22393400408360717,0.2465911112368161,0.4869707873387867
陕西汉书下酒,2023-01-26 10:35:00,2023-01-26 19:28:00,M->M,M,1.0,,1,0,2023Q1,45,57,25,0.22393400408360717,0.2465911112368161,0.4869707873387867
陕西汉书下酒,2023-01-26 19:28:00,2023-01-27 07:33:00,M->M,M,1.0,,1,0,2023Q1,45,57,25,0.22393400408360717,0.2465911112368161,0.4869707873387867
陕西汉书下酒,2023-01-27 07:33:00,2023-01-28 07:59:00,M->M,M,0.0,,1,0,2023Q1,45,57,25,0.22393400408360717,0.2465911112368161,0.4869707873387867
陕西汉书下酒,2023-01-28 07:59:00,2023-01-28 10:11:00,M->M,M,1.0,,1,0,2023Q1,45,57,25,0.22393400408360717,0.2465911112368161,0.4869707873387867
陕西汉书下酒,2023-01-28 10:11:00,2023-01-28 18:34:00,M->M,M,1.0,,1,0,2023Q1,45,57,25,0.22393400408360717,0.2465911112368161,0.4869707873387867
陕西汉书下酒,2023-01-28 18:34:00,2023-01-29 14:14:00,M->M,M,1.0,,1,0,2023Q1,45,57,25,0.22393400408360717,0.2465911112368161,0.4869707873387867
陕西汉书下酒,2023-01-29 14:14:00,2023-01-30 09:31:00,M->M,M,0.0,,1,0,2023Q1,45,57,25,0.22393400408360717,0.2465911112368161,0.4869707873387867
陕西汉书下酒,2023-01-30 09:31:00,2023-01-30 16:10:00,M->M,M,1.0,,1,0,2023Q1,45,57,25,0.22393400408360717,0.2465911112368161,0.4869707873387867
陕西汉书下酒,2023-01-30 16:10:00,2023-02-02 09:32:00,M->M,M,1.0,,1,0,2023Q1,45,57,25,0.22393400408360717,0.2465911112368161,0.4869707873387867
陕西汉书下酒,2023-02-02 09:32:00,2023-02-03 11:00:00,M->M,M,1.0,1.0,1,1,2023Q1,45,57,25,0.22393400408360717,0.2465911112368161,0.4869707873387867
陕西汉书下酒,2023-02-03 11:00:00,2023-02-03 14:34:00,M->M,M,1.0,,1,0,2023Q1,45,57,25,0.22393400408360717,0.2465911112368161,0.4869707873387867
陕西汉书下酒,2023-02-03 14:34:00,2023-02-03 20:02:00,M->M,M,1.0,,1,0,2023Q1,45,57,25,0.22393400408360717,0.2465911112368161,0.4869707873387867
陕西汉书下酒,2023-02-03 20:02:00,2023-02-04 20:37:00,M->M,M,1.0,,1,0,2023Q1,45,57,25,0.22393400408360717,0.2465911112368161,0.4869707873387867
陕西汉书下酒,2023-02-04 20:37:00,2023-02-05 17:08:00,M->M,M,1.0,,1,0,2023Q1,45,57,25,0.22393400408360717,0.2465911112368161,0.4869707873387867
陕西汉书下酒,2023-02-05 17:08:00,2023-02-05 20:48:00,M->M,M,1.0,,1,0,2023Q1,45,57,25,0.22393400408360717,0.2465911112368161,0.4869707873387867
陕西汉书下酒,2023-02-05 20:48:00,2023-02-07 06:25:00,M->M,M,1.0,,1,0,2023Q1,45,57,25,0.22393400408360717,0.2465911112368161,0.4869707873387867
陕西汉书下酒,2023-02-07 06:25:00,2023-02-07 15:05:00,M->L,L,1.0,,1,0,2023Q1,45,57,25,0.22393400408360717,0.2465911112368161,0.4869707873387867
陕西汉书下酒,2023-02-07 15:05:00,2023-02-08 11:58:00,L->M,M,1.0,,1,0,2023Q1,45,57,25,0.22393400408360717,0.2465911112368161,0.4869707873387867
陕西汉书下酒,2023-02-08 11:58:00,2023-02-09 15:07:00,M->M,M,1.0,,1,0,2023Q1,45,57,25,0.22393400408360717,0.2465911112368161,0.4869707873387867
陕西汉书下酒,2023-02-09 15:07:00,2023-02-10 17:00:00,M->M,M,1.0,1.0,1,1,2023Q1,45,57,25,0.22393400408360717,0.2465911112368161,0.4869707873387867
陕西汉书下酒,2023-02-10 17:00:00,2023-02-12 16:39:00,M->M,M,0.0,0.5,1,1,2023Q1,45,57,25,0.22393400408360717,0.2465911112368161,0.4869707873387867
陕西汉书下酒,2023-02-12 16:39:00,2023-02-13 15:28:00,M->M,M,1.0,,1,0,2023Q1,45,57,25,0.22393400408360717,0.2465911112368161,0.4869707873387867
陕西汉书下酒,2023-02-13 15:28:00,2023-02-20 08:24:00,M->M,M,0.0,,1,0,2023Q1,45,57,25,0.22393400408360717,0.2465911112368161,0.4869707873387867
陕西汉书下酒,2023-02-20 08:24:00,2023-02-28 15:16:00,M->M,M,0.0,,1,0,2023Q1,45,57,25,0.22393400408360717,0.2465911112368161,0.4869707873387867
青梅糖呀,2023-02-01 11:03:00,2023-02-06 00:29:00,M->L,L,,,0,0,2023Q1,3,11,3,-1.25962877297029,-1.339025997414623,-1.3960581170320403
青梅糖呀,2023-02-06 00:29:00,2023-02-21 11:55:00,L->H,H,,,0,0,2023Q1,3,11,3,-1.25962877297029,-1.339025997414623,-1.3960581170320403
飞天神猪的欢乐窝,2023-02-04 07:46:00,2023-02-05 13:11:00,M->M,M,,,0,0,2023Q1,2,7,2,-1.3886342318445417,-1.4110995023533248,-1.440892138564679
