user_name,exposure_group,prev_time,curr_time,transition,env_type,env_risk_ratio,next_state,time_fe,n_posts,n_total_interactions,active_days,z_n_total_interactions,z_active_days,z_n_posts
-食品与养生-,mainstream_only,2023-02-02 22:03:00,2023-02-07 12:51:00,M->M,risk,1.0,M,2023Q1,3,8,3,-0.4875782311331054,-1.066919649856615,-1.0260120687393575
-食品与养生-,mainstream_only,2023-02-07 12:51:00,2023-02-08 22:28:00,M->M,risk,1.0,M,2023Q1,3,8,3,-0.4875782311331054,-1.066919649856615,-1.0260120687393575
911苏州新闻广播,mainstream_only,2022-10-14 10:21:00,2023-02-09 15:24:00,M->M,risk,1.0,M,2023Q1,2,1,2,-0.7476815756655335,-1.1645304143632966,-1.0836258208881524
Dr嘚嘚,wemedia_only,2022-10-14 11:11:00,2023-02-07 16:20:00,L->M,risk,1.0,M,2023Q1,4,2,4,-0.7105239550180438,-0.9693088853499333,-0.9683983165905627
Dr嘚嘚,wemedia_only,2023-02-07 16:20:00,2023-02-12 16:55:00,M->M,norisk,0.0,M,2023Q1,4,2,4,-0.7105239550180438,-0.9693088853499333,-0.9683983165905627
Dr嘚嘚,wemedia_only,2023-02-12 16:55:00,2023-02-20 12:00:00,M->M,risk,1.0,M,2023Q1,4,2,4,-0.7105239550180438,-0.9693088853499333,-0.9683983165905627
FrancesCJ,mainstream_only,2022-12-01 17:15:00,2022-12-01 18:00:00,M->M,norisk,0.0,M,2022Q4,2,1,1,-0.7476815756655335,-1.2621411788699781,-1.0836258208881524
IssacOnly,wemedia_only,2023-02-08 02:02:00,2023-02-11 00:02:00,L->M,risk,1.0,M,2023Q1,4,10,3,-0.4132629898381259,-1.066919649856615,-0.9683983165905627
IssacOnly,wemedia_only,2023-02-11 00:02:00,2023-02-11 20:03:00,M->M,norisk,0.0,M,2023Q1,4,10,3,-0.4132629898381259,-1.066919649856615,-0.9683983165905627
IssacOnly,wemedia_only,2023-02-11 20:03:00,2023-02-18 15:59:00,M->M,norisk,0.0,M,2023Q1,4,10,3,-0.4132629898381259,-1.066919649856615,-0.9683983165905627
NOSTUPID3,wemedia_only,2023-02-13 15:27:00,2023-02-13 21:20:00,H->M,norisk,0.5,M,2023Q1,3,19,2,-0.07884440401071828,-1.1645304143632966,-1.0260120687393575
NOSTUPID3,wemedia_only,2023-02-13 21:20:00,2023-02-14 19:58:00,M->M,norisk,0.5,M,2023Q1,3,19,2,-0.07884440401071828,-1.1645304143632966,-1.0260120687393575
_阿阿阿阿阿晶er,wemedia_only,2023-01-03 12:58:00,2023-01-11 01:25:00,L->L,risk,1.0,L,2023Q1,2,2,2,-0.7105239550180438,-1.1645304143632966,-1.0836258208881524
baby-unicorn,dual,2022-12-01 14:55:00,2023-02-06 18:47:00,M->M,norisk,0.0,M,2023Q1,2,28,2,0.25557418181668934,-1.1645304143632966,-1.0836258208881524
loskyyyyloccyy,wemedia_only,2023-01-15 14:37:00,2023-01-15 18:41:00,M->M,norisk,0.5,M,2023Q1,3,4,2,-0.6362087137230643,-1.1645304143632966,-1.0260120687393575
loskyyyyloccyy,wemedia_only,2023-01-15 18:41:00,2023-01-16 14:57:00,M->M,norisk,0.5,M,2023Q1,3,4,2,-0.6362087137230643,-1.1645304143632966,-1.0260120687393575
lrine伊琳,wemedia_only,2022-12-29 13:46:00,2023-01-06 00:48:00,L->L,risk,1.0,L,2023Q1,2,2,2,-0.7105239550180438,-1.1645304143632966,-1.0836258208881524
不吃糖不吃糖就是不吃糖,wemedia_only,2023-02-08 10:18:00,2023-02-12 13:14:00,M->M,risk,1.0,M,2023Q1,2,16,2,-0.1903172659531875,-1.1645304143632966,-1.0836258208881524
且慢明朝,wemedia_only,2022-10-14 10:33:00,2022-10-14 10:38:00,H->H,norisk,0.5,H,2022Q4,3,1,2,-0.7476815756655335,-1.1645304143632966,-1.0260120687393575
且慢明朝,wemedia_only,2022-10-14 10:38:00,2022-12-01 16:12:00,H->M,norisk,0.5,M,2022Q4,3,1,2,-0.7476815756655335,-1.1645304143632966,-1.0260120687393575
中医范圣华,wemedia_only,2023-01-07 11:59:00,2023-01-15 12:09:00,M->M,risk,1.0,M,2023Q1,14,6,14,-0.5618934724280849,0.006798759716883247,-0.3922607951026151
中医范圣华,wemedia_only,2023-01-15 12:09:00,2023-01-16 08:30:00,M->M,risk,1.0,M,2023Q1,14,6,14,-0.5618934724280849,0.006798759716883247,-0.3922607951026151
中医范圣华,wemedia_only,2023-01-16 08:30:00,2023-01-17 08:30:00,M->M,risk,1.0,M,2023Q1,14,6,14,-0.5618934724280849,0.006798759716883247,-0.3922607951026151
中医范圣华,wemedia_only,2023-01-17 08:30:00,2023-01-18 08:30:00,M->M,risk,1.0,M,2023Q1,14,6,14,-0.5618934724280849,0.006798759716883247,-0.3922607951026151
中医范圣华,wemedia_only,2023-01-18 08:30:00,2023-01-19 08:30:00,M->M,risk,1.0,M,2023Q1,14,6,14,-0.5618934724280849,0.006798759716883247,-0.3922607951026151
中医范圣华,wemedia_only,2023-01-19 08:30:00,2023-01-20 08:30:00,M->M,norisk,0.0,M,2023Q1,14,6,14,-0.5618934724280849,0.006798759716883247,-0.3922607951026151
中医范圣华,wemedia_only,2023-01-20 08:30:00,2023-01-21 12:18:00,M->M,risk,1.0,M,2023Q1,14,6,14,-0.5618934724280849,0.006798759716883247,-0.3922607951026151
中医范圣华,wemedia_only,2023-01-21 12:18:00,2023-01-22 12:30:00,M->M,norisk,0.0,M,2023Q1,14,6,14,-0.5618934724280849,0.006798759716883247,-0.3922607951026151
中医范圣华,wemedia_only,2023-01-22 12:30:00,2023-02-20 14:59:00,M->M,risk,1.0,M,2023Q1,14,6,14,-0.5618934724280849,0.006798759716883247,-0.3922607951026151
中医范圣华,wemedia_only,2023-02-20 14:59:00,2023-02-22 08:45:00,M->M,risk,1.0,M,2023Q1,14,6,14,-0.5618934724280849,0.006798759716883247,-0.3922607951026151
中医范圣华,wemedia_only,2023-02-22 08:45:00,2023-02-24 07:54:00,M->M,norisk,0.0,M,2023Q1,14,6,14,-0.5618934724280849,0.006798759716883247,-0.3922607951026151
中医范圣华,wemedia_only,2023-02-24 07:54:00,2023-02-25 07:54:00,M->M,norisk,0.0,M,2023Q1,14,6,14,-0.5618934724280849,0.006798759716883247,-0.3922607951026151
中医范圣华,wemedia_only,2023-02-25 07:54:00,2023-02-28 08:31:00,M->M,norisk,0.0,M,2023Q1,14,6,14,-0.5618934724280849,0.006798759716883247,-0.3922607951026151
中西医结合医学微博,dual,2023-02-02 14:04:00,2023-02-03 07:19:00,M->M,risk,1.0,M,2023Q1,8,21,6,-0.0045291627157388135,-0.77408735633657,-0.7379433079953837
中西医结合医学微博,dual,2023-02-03 07:19:00,2023-02-03 16:24:00,M->M,risk,1.0,M,2023Q1,8,21,6,-0.0045291627157388135,-0.77408735633657,-0.7379433079953837
中西医结合医学微博,dual,2023-02-03 16:24:00,2023-02-04 05:42:00,M->M,risk,1.0,M,2023Q1,8,21,6,-0.0045291627157388135,-0.77408735633657,-0.7379433079953837
中西医结合医学微博,dual,2023-02-04 05:42:00,2023-02-07 10:44:00,M->M,risk,1.0,M,2023Q1,8,21,6,-0.0045291627157388135,-0.77408735633657,-0.7379433079953837
中西医结合医学微博,dual,2023-02-07 10:44:00,2023-02-08 10:23:00,M->M,risk,1.0,M,2023Q1,8,21,6,-0.0045291627157388135,-0.77408735633657,-0.7379433079953837
中西医结合医学微博,dual,2023-02-08 10:23:00,2023-02-08 10:27:00,M->M,risk,1.0,M,2023Q1,8,21,6,-0.0045291627157388135,-0.77408735633657,-0.7379433079953837
临沧政法,mainstream_only,2022-12-01 14:47:00,2023-01-03 10:43:00,M->M,norisk,0.0,M,2023Q1,3,4,2,-0.6362087137230643,-1.1645304143632966,-1.0260120687393575
临沧政法,mainstream_only,2023-01-03 10:43:00,2023-01-03 10:48:51,M->M,norisk,0.0,M,2023Q1,3,4,2,-0.6362087137230643,-1.1645304143632966,-1.0260120687393575
乌兰浩特政法,mainstream_only,2022-10-14 13:15:00,2022-10-14 13:15:26,M->M,risk,0.9166666666666666,M,2022Q4,10,8,8,-0.4875782311331054,-0.5788658273232067,-0.6227158036977941
乌兰浩特政法,mainstream_only,2022-10-14 13:15:26,2022-11-29 20:35:46,M->M,risk,0.9166666666666666,M,2022Q4,10,8,8,-0.4875782311331054,-0.5788658273232067,-0.6227158036977941
乌兰浩特政法,mainstream_only,2023-01-02 16:04:45,2023-01-03 09:58:48,M->M,risk,1.0,M,2023Q1,10,8,8,-0.4875782311331054,-0.5788658273232067,-0.6227158036977941
云南政法,mainstream_only,2022-10-14 10:11:00,2022-10-14 10:11:26,M->M,risk,0.8333333333333333,M,2022Q4,23,3,17,-0.673366334370554,0.2996310532369282,0.1262629742365379
云南政法,mainstream_only,2022-10-14 10:11:26,2022-11-29 21:39:31,M->M,risk,0.8333333333333333,M,2022Q4,23,3,17,-0.673366334370554,0.2996310532369282,0.1262629742365379
云南政法,mainstream_only,2022-12-07 14:42:22,2022-12-11 09:54:53,M->M,norisk,0.0,M,2022Q4,23,3,17,-0.673366334370554,0.2996310532369282,0.1262629742365379
云南政法,mainstream_only,2022-12-15 19:23:20,2022-12-18 17:00:06,M->M,norisk,0.0,M,2022Q4,23,3,17,-0.673366334370554,0.2996310532369282,0.1262629742365379
云南政法,mainstream_only,2023-01-02 08:32:56,2023-01-02 14:42:31,M->M,risk,1.0,M,2023Q1,23,3,17,-0.673366334370554,0.2996310532369282,0.1262629742365379
云南政法,mainstream_only,2023-01-02 14:42:31,2023-01-03 10:37:35,M->M,risk,1.0,M,2023Q1,23,3,17,-0.673366334370554,0.2996310532369282,0.1262629742365379
云南政法,mainstream_only,2023-02-26 14:08:00,2023-02-26 16:15:00,M->M,norisk,0.0,M,2023Q1,23,3,17,-0.673366334370554,0.2996310532369282,0.1262629742365379
人民日报健康客户端,mainstream_only,2023-02-02 19:03:00,2023-02-04 17:19:00,M->M,norisk,0.0,M,2023Q1,14,1,13,-0.7476815756655335,-0.09081200478979841,-0.3922607951026151
人民日报健康客户端,mainstream_only,2023-02-04 17:19:00,2023-02-05 11:39:00,M->M,norisk,0.0,M,2023Q1,14,1,13,-0.7476815756655335,-0.09081200478979841,-0.3922607951026151
人民日报健康客户端,mainstream_only,2023-02-05 11:39:00,2023-02-09 15:55:00,M->M,norisk,0.0,M,2023Q1,14,1,13,-0.7476815756655335,-0.09081200478979841,-0.3922607951026151
人民日报健康客户端,mainstream_only,2023-02-09 15:55:00,2023-02-13 09:46:00,M->M,norisk,0.0,M,2023Q1,14,1,13,-0.7476815756655335,-0.09081200478979841,-0.3922607951026151
人民日报健康客户端,mainstream_only,2023-02-13 09:46:00,2023-02-15 10:30:00,M->M,norisk,0.0,M,2023Q1,14,1,13,-0.7476815756655335,-0.09081200478979841,-0.3922607951026151
人民日报健康客户端,mainstream_only,2023-02-15 10:30:00,2023-02-16 12:58:00,M->M,norisk,0.0,M,2023Q1,14,1,13,-0.7476815756655335,-0.09081200478979841,-0.3922607951026151
人民日报健康客户端,mainstream_only,2023-02-16 12:58:00,2023-02-18 21:10:00,M->M,norisk,0.0,M,2023Q1,14,1,13,-0.7476815756655335,-0.09081200478979841,-0.3922607951026151
人民日报健康客户端,mainstream_only,2023-02-18 21:10:00,2023-02-20 10:48:00,M->M,risk,1.0,M,2023Q1,14,1,13,-0.7476815756655335,-0.09081200478979841,-0.3922607951026151
人民日报健康客户端,mainstream_only,2023-02-20 10:48:00,2023-02-21 16:59:00,M->M,norisk,0.0,M,2023Q1,14,1,13,-0.7476815756655335,-0.09081200478979841,-0.3922607951026151
人民日报健康客户端,mainstream_only,2023-02-21 16:59:00,2023-02-21 18:16:00,M->M,risk,1.0,M,2023Q1,14,1,13,-0.7476815756655335,-0.09081200478979841,-0.3922607951026151
人民日报健康客户端,mainstream_only,2023-02-21 18:16:00,2023-02-22 13:24:00,M->M,risk,1.0,M,2023Q1,14,1,13,-0.7476815756655335,-0.09081200478979841,-0.3922607951026151
人民日报健康客户端,mainstream_only,2023-02-22 13:24:00,2023-02-26 22:22:00,M->M,norisk,0.0,M,2023Q1,14,1,13,-0.7476815756655335,-0.09081200478979841,-0.3922607951026151
人民日报健康客户端,mainstream_only,2023-02-26 22:22:00,2023-02-28 09:52:00,M->M,norisk,0.0,M,2023Q1,14,1,13,-0.7476815756655335,-0.09081200478979841,-0.3922607951026151
倪佩婕PeggyNie,wemedia_only,2022-12-01 16:03:00,2023-02-01 06:02:00,M->L,norisk,0.0,L,2023Q1,6,2,6,-0.7105239550180438,-0.77408735633657,-0.8531708122929732
倪佩婕PeggyNie,wemedia_only,2023-02-01 06:02:00,2023-02-06 10:17:00,L->M,risk,1.0,M,2023Q1,6,2,6,-0.7105239550180438,-0.77408735633657,-0.8531708122929732
倪佩婕PeggyNie,wemedia_only,2023-02-06 10:17:00,2023-02-18 12:50:00,M->M,norisk,0.0,M,2023Q1,6,2,6,-0.7105239550180438,-0.77408735633657,-0.8531708122929732
倪佩婕PeggyNie,wemedia_only,2023-02-18 12:50:00,2023-02-24 10:36:00,M->L,norisk,0.0,L,2023Q1,6,2,6,-0.7105239550180438,-0.77408735633657,-0.8531708122929732
倪佩婕PeggyNie,wemedia_only,2023-02-24 10:36:00,2023-02-26 06:00:00,L->M,norisk,0.0,M,2023Q1,6,2,6,-0.7105239550180438,-0.77408735633657,-0.8531708122929732
全南发布,mainstream_only,2022-12-01 12:55:00,2022-12-01 12:55:57,M->M,norisk,0.3333333333333333,M,2022Q4,13,1,9,-0.7476815756655335,-0.481255062816525,-0.44987454725140985
全南发布,mainstream_only,2022-12-01 12:55:57,2022-12-01 17:59:45,M->M,norisk,0.3333333333333333,M,2022Q4,13,1,9,-0.7476815756655335,-0.481255062816525,-0.44987454725140985
全南发布,mainstream_only,2022-12-01 17:59:45,2022-12-09 15:12:00,M->M,norisk,0.3333333333333333,M,2022Q4,13,1,9,-0.7476815756655335,-0.481255062816525,-0.44987454725140985
全南发布,mainstream_only,2022-12-09 15:12:00,2022-12-10 22:34:10,M->M,norisk,0.0,M,2022Q4,13,1,9,-0.7476815756655335,-0.481255062816525,-0.44987454725140985
全南发布,mainstream_only,2022-12-10 22:34:10,2022-12-10 22:44:36,M->M,norisk,0.5,M,2022Q4,13,1,9,-0.7476815756655335,-0.481255062816525,-0.44987454725140985
全南发布,mainstream_only,2022-12-10 22:44:36,2022-12-11 09:52:25,M->M,norisk,0.5,M,2022Q4,13,1,9,-0.7476815756655335,-0.481255062816525,-0.44987454725140985
全南发布,mainstream_only,2022-12-11 09:52:25,2022-12-12 21:27:31,M->M,norisk,0.0,M,2022Q4,13,1,9,-0.7476815756655335,-0.481255062816525,-0.44987454725140985
全南发布,mainstream_only,2022-12-12 21:27:31,2022-12-15 18:38:31,M->M,norisk,0.0,M,2022Q4,13,1,9,-0.7476815756655335,-0.481255062816525,-0.44987454725140985
全南发布,mainstream_only,2022-12-15 18:38:31,2022-12-26 20:38:38,M->M,norisk,0.0,M,2022Q4,13,1,9,-0.7476815756655335,-0.481255062816525,-0.44987454725140985
全南发布,mainstream_only,2022-12-26 20:38:38,2022-12-26 20:40:28,M->M,norisk,0.5,M,2022Q4,13,1,9,-0.7476815756655335,-0.481255062816525,-0.44987454725140985
全南发布,mainstream_only,2022-12-26 20:40:28,2023-01-03 22:39:51,M->M,norisk,0.5,M,2023Q1,13,1,9,-0.7476815756655335,-0.481255062816525,-0.44987454725140985
全南发布,mainstream_only,2023-01-03 22:39:51,2023-02-09 17:00:00,M->M,risk,1.0,M,2023Q1,13,1,9,-0.7476815756655335,-0.481255062816525,-0.44987454725140985
全民wisdom,dual,2022-12-01 19:48:00,2022-12-30 15:54:00,H->H,norisk,0.0,H,2022Q4,2,11,2,-0.3761053691906362,-1.1645304143632966,-1.0836258208881524
六叔咨询,wemedia_only,2023-02-02 08:53:00,2023-02-03 12:17:00,M->M,risk,1.0,M,2023Q1,8,3,7,-0.673366334370554,-0.6764765918298883,-0.7379433079953837
六叔咨询,wemedia_only,2023-02-04 09:55:00,2023-02-08 11:14:00,H->H,risk,1.0,H,2023Q1,8,3,7,-0.673366334370554,-0.6764765918298883,-0.7379433079953837
六叔咨询,wemedia_only,2023-02-08 11:14:00,2023-02-08 11:23:00,H->M,risk,1.0,M,2023Q1,8,3,7,-0.673366334370554,-0.6764765918298883,-0.7379433079953837
六叔咨询,wemedia_only,2023-02-08 11:23:00,2023-02-17 17:12:00,M->M,risk,1.0,M,2023Q1,8,3,7,-0.673366334370554,-0.6764765918298883,-0.7379433079953837
六叔咨询,wemedia_only,2023-02-17 17:12:00,2023-02-19 11:07:00,M->H,risk,0.6666666666666666,H,2023Q1,8,3,7,-0.673366334370554,-0.6764765918298883,-0.7379433079953837
内分泌顾锋,wemedia_only,2023-02-09 18:28:00,2023-02-09 18:29:00,M->M,risk,1.0,M,2023Q1,2,2,1,-0.7105239550180438,-1.2621411788699781,-1.0836258208881524
北方新报,mainstream_only,2022-10-14 09:15:00,2022-10-14 09:15:49,M->M,norisk,0.0,M,2022Q4,12,5,8,-0.5990510930755746,-0.5788658273232067,-0.5074882994002046
北方新报,mainstream_only,2022-10-14 09:15:49,2022-10-14 10:31:00,M->M,norisk,0.0,M,2022Q4,12,5,8,-0.5990510930755746,-0.5788658273232067,-0.5074882994002046
北方新报,mainstream_only,2022-10-14 10:31:00,2022-11-10 18:17:33,M->M,norisk,0.0,M,2022Q4,12,5,8,-0.5990510930755746,-0.5788658273232067,-0.5074882994002046
北方新报,mainstream_only,2022-11-10 18:17:33,2022-12-11 08:14:53,M->M,norisk,0.0,M,2022Q4,12,5,8,-0.5990510930755746,-0.5788658273232067,-0.5074882994002046
北方新报,mainstream_only,2022-12-11 08:14:53,2022-12-11 16:26:46,M->M,norisk,0.0,M,2022Q4,12,5,8,-0.5990510930755746,-0.5788658273232067,-0.5074882994002046
北方新报,mainstream_only,2022-12-11 16:26:46,2022-12-11 16:27:02,M->M,norisk,0.0,M,2022Q4,12,5,8,-0.5990510930755746,-0.5788658273232067,-0.5074882994002046
北方新报,mainstream_only,2022-12-11 16:27:02,2022-12-26 10:17:08,M->M,norisk,0.0,M,2022Q4,12,5,8,-0.5990510930755746,-0.5788658273232067,-0.5074882994002046
北方新报,mainstream_only,2022-12-26 10:17:08,2022-12-27 07:43:48,M->M,norisk,0.0,M,2022Q4,12,5,8,-0.5990510930755746,-0.5788658273232067,-0.5074882994002046
启贺,wemedia_only,2022-12-01 12:56:00,2022-12-02 10:40:00,M->M,norisk,0.0,M,2022Q4,2,4,2,-0.6362087137230643,-1.1645304143632966,-1.0836258208881524
周至法院,mainstream_only,2022-10-14 08:35:00,2022-10-14 11:15:00,M->M,risk,0.6666666666666666,M,2022Q4,3,3,2,-0.673366334370554,-1.1645304143632966,-1.0260120687393575
周至法院,mainstream_only,2022-10-14 11:15:00,2022-12-16 09:41:00,M->M,risk,0.6666666666666666,M,2022Q4,3,3,2,-0.673366334370554,-1.1645304143632966,-1.0260120687393575
呼吸科大夫胡洋,mainstream_only,2023-02-02 16:19:00,2023-02-02 22:45:00,M->M,norisk,0.0,M,2023Q1,16,2,11,-0.7105239550180438,-0.2860335338031617,-0.27703329080502553
呼吸科大夫胡洋,mainstream_only,2023-02-02 22:45:00,2023-02-03 07:36:00,M->H,norisk,0.0,H,2023Q1,16,2,11,-0.7105239550180438,-0.2860335338031617,-0.27703329080502553
呼吸科大夫胡洋,mainstream_only,2023-02-04 07:25:00,2023-02-04 23:03:00,M->M,norisk,0.0,M,2023Q1,16,2,11,-0.7105239550180438,-0.2860335338031617,-0.27703329080502553
呼吸科大夫胡洋,mainstream_only,2023-02-04 23:03:00,2023-02-05 21:07:00,M->M,norisk,0.0,M,2023Q1,16,2,11,-0.7105239550180438,-0.2860335338031617,-0.27703329080502553
呼吸科大夫胡洋,mainstream_only,2023-02-05 21:07:00,2023-02-05 21:38:00,M->M,norisk,0.0,M,2023Q1,16,2,11,-0.7105239550180438,-0.2860335338031617,-0.27703329080502553
呼吸科大夫胡洋,mainstream_only,2023-02-05 21:38:00,2023-02-06 20:07:00,M->M,norisk,0.0,M,2023Q1,16,2,11,-0.7105239550180438,-0.2860335338031617,-0.27703329080502553
呼吸科大夫胡洋,mainstream_only,2023-02-21 17:00:00,2023-02-22 07:01:00,H->M,risk,1.0,M,2023Q1,16,2,11,-0.7105239550180438,-0.2860335338031617,-0.27703329080502553
呼吸科大夫胡洋,mainstream_only,2023-02-22 07:01:00,2023-02-22 07:25:00,M->H,norisk,0.0,H,2023Q1,16,2,11,-0.7105239550180438,-0.2860335338031617,-0.27703329080502553
呼吸科大夫胡洋,mainstream_only,2023-02-22 07:25:00,2023-02-23 15:32:00,H->M,norisk,0.0,M,2023Q1,16,2,11,-0.7105239550180438,-0.2860335338031617,-0.27703329080502553
咸阳检察,mainstream_only,2022-12-07 09:43:05,2022-12-07 14:57:31,M->M,norisk,0.0,M,2022Q4,12,4,9,-0.6362087137230643,-0.481255062816525,-0.5074882994002046
咸阳检察,mainstream_only,2022-12-07 14:57:31,2022-12-09 14:28:04,M->M,norisk,0.0,M,2022Q4,12,4,9,-0.6362087137230643,-0.481255062816525,-0.5074882994002046
咸阳检察,mainstream_only,2022-12-15 16:33:37,2022-12-15 16:45:43,M->M,norisk,0.0,M,2022Q4,12,4,9,-0.6362087137230643,-0.481255062816525,-0.5074882994002046
咸阳检察,mainstream_only,2022-12-15 16:45:43,2022-12-27 10:46:51,M->M,norisk,0.0,M,2022Q4,12,4,9,-0.6362087137230643,-0.481255062816525,-0.5074882994002046
夏昆塔拉,wemedia_only,2022-12-02 13:24:00,2022-12-09 14:55:00,M->M,norisk,0.0,M,2022Q4,2,3,2,-0.673366334370554,-1.1645304143632966,-1.0836258208881524
山东长安网,mainstream_only,2022-12-07 14:43:51,2022-12-15 18:17:32,M->M,norisk,0.0,M,2022Q4,4,2,4,-0.7105239550180438,-0.9693088853499333,-0.9683983165905627
山东长安网,mainstream_only,2022-12-15 18:17:32,2023-01-18 16:51:32,M->M,norisk,0.0,M,2023Q1,4,2,4,-0.7105239550180438,-0.9693088853499333,-0.9683983165905627
干细胞-琦琦,wemedia_only,2023-01-11 21:05:00,2023-01-17 11:25:00,M->M,norisk,0.0,M,2023Q1,18,1,13,-0.7476815756655335,-0.09081200478979841,-0.16180578650743596
干细胞-琦琦,wemedia_only,2023-01-17 11:25:00,2023-01-17 14:19:00,M->M,risk,1.0,M,2023Q1,18,1,13,-0.7476815756655335,-0.09081200478979841,-0.16180578650743596
干细胞-琦琦,wemedia_only,2023-01-17 14:19:00,2023-01-18 18:28:00,M->M,risk,1.0,M,2023Q1,18,1,13,-0.7476815756655335,-0.09081200478979841,-0.16180578650743596
干细胞-琦琦,wemedia_only,2023-01-18 18:28:00,2023-01-19 19:44:00,M->M,norisk,0.0,M,2023Q1,18,1,13,-0.7476815756655335,-0.09081200478979841,-0.16180578650743596
干细胞-琦琦,wemedia_only,2023-01-19 19:44:00,2023-01-30 16:54:00,M->M,norisk,0.0,M,2023Q1,18,1,13,-0.7476815756655335,-0.09081200478979841,-0.16180578650743596
干细胞-琦琦,wemedia_only,2023-01-30 16:54:00,2023-02-04 11:18:00,M->M,norisk,0.0,M,2023Q1,18,1,13,-0.7476815756655335,-0.09081200478979841,-0.16180578650743596
干细胞-琦琦,wemedia_only,2023-02-04 11:18:00,2023-02-06 19:28:00,M->M,norisk,0.0,M,2023Q1,18,1,13,-0.7476815756655335,-0.09081200478979841,-0.16180578650743596
干细胞-琦琦,wemedia_only,2023-02-06 19:28:00,2023-02-08 12:58:00,M->M,norisk,0.0,M,2023Q1,18,1,13,-0.7476815756655335,-0.09081200478979841,-0.16180578650743596
干细胞-琦琦,wemedia_only,2023-02-08 12:58:00,2023-02-09 09:42:00,M->M,norisk,0.0,M,2023Q1,18,1,13,-0.7476815756655335,-0.09081200478979841,-0.16180578650743596
干细胞-琦琦,wemedia_only,2023-02-09 09:42:00,2023-02-09 15:13:00,M->M,norisk,0.0,M,2023Q1,18,1,13,-0.7476815756655335,-0.09081200478979841,-0.16180578650743596
干细胞-琦琦,wemedia_only,2023-02-09 15:13:00,2023-02-09 22:47:00,M->M,norisk,0.0,M,2023Q1,18,1,13,-0.7476815756655335,-0.09081200478979841,-0.16180578650743596
干细胞-琦琦,wemedia_only,2023-02-09 22:47:00,2023-02-10 09:21:00,M->M,norisk,0.0,M,2023Q1,18,1,13,-0.7476815756655335,-0.09081200478979841,-0.16180578650743596
干细胞-琦琦,wemedia_only,2023-02-10 09:21:00,2023-02-10 15:03:00,M->M,norisk,0.0,M,2023Q1,18,1,13,-0.7476815756655335,-0.09081200478979841,-0.16180578650743596
干细胞-琦琦,wemedia_only,2023-02-10 15:03:00,2023-02-14 18:15:00,M->M,norisk,0.0,M,2023Q1,18,1,13,-0.7476815756655335,-0.09081200478979841,-0.16180578650743596
干细胞-琦琦,wemedia_only,2023-02-14 18:15:00,2023-02-15 10:35:00,M->M,norisk,0.0,M,2023Q1,18,1,13,-0.7476815756655335,-0.09081200478979841,-0.16180578650743596
干细胞-琦琦,wemedia_only,2023-02-15 10:35:00,2023-02-15 14:43:00,M->M,norisk,0.5,M,2023Q1,18,1,13,-0.7476815756655335,-0.09081200478979841,-0.16180578650743596
干细胞-琦琦,wemedia_only,2023-02-15 14:43:00,2023-02-20 16:10:00,M->M,norisk,0.5,M,2023Q1,18,1,13,-0.7476815756655335,-0.09081200478979841,-0.16180578650743596
平安古蔺,mainstream_only,2022-10-14 09:15:00,2022-10-14 09:15:27,M->M,risk,1.0,M,2022Q4,7,1,3,-0.7476815756655335,-1.066919649856615,-0.7955570601441785
平安古蔺,mainstream_only,2022-10-14 09:15:27,2022-10-14 10:00:00,M->M,risk,1.0,M,2022Q4,7,1,3,-0.7476815756655335,-1.066919649856615,-0.7955570601441785
平安古蔺,mainstream_only,2022-10-14 10:00:00,2022-10-14 10:58:00,M->M,risk,1.0,M,2022Q4,7,1,3,-0.7476815756655335,-1.066919649856615,-0.7955570601441785
平安古蔺,mainstream_only,2022-10-14 10:58:00,2022-10-14 11:10:00,M->M,risk,1.0,M,2022Q4,7,1,3,-0.7476815756655335,-1.066919649856615,-0.7955570601441785
平安古蔺,mainstream_only,2022-10-14 11:10:00,2022-12-16 16:55:05,M->M,risk,1.0,M,2022Q4,7,1,3,-0.7476815756655335,-1.066919649856615,-0.7955570601441785
平安曲靖,mainstream_only,2023-01-03 08:59:44,2023-01-03 09:05:55,M->M,norisk,0.0,M,2023Q1,3,7,2,-0.5247358517805951,-1.1645304143632966,-1.0260120687393575
平安泸县,mainstream_only,2022-10-14 09:03:00,2023-02-09 16:42:00,M->M,risk,1.0,M,2023Q1,2,1,2,-0.7476815756655335,-1.1645304143632966,-1.0836258208881524
平安绵阳,mainstream_only,2022-10-14 09:54:00,2022-10-14 10:16:00,M->M,risk,1.0,M,2022Q4,6,11,4,-0.3761053691906362,-0.9693088853499333,-0.8531708122929732
平安绵阳,mainstream_only,2022-10-14 10:16:00,2022-10-14 10:40:00,M->M,risk,1.0,M,2022Q4,6,11,4,-0.3761053691906362,-0.9693088853499333,-0.8531708122929732
平安绵阳,mainstream_only,2022-10-14 10:40:00,2023-01-02 09:04:28,M->M,risk,1.0,M,2023Q1,6,11,4,-0.3761053691906362,-0.9693088853499333,-0.8531708122929732
延长法院,mainstream_only,2022-10-14 09:24:00,2022-11-18 10:37:33,M->M,risk,1.0,M,2022Q4,2,3,2,-0.673366334370554,-1.1645304143632966,-1.0836258208881524
开阳县检察院,mainstream_only,2022-12-16 09:02:00,2022-12-16 09:18:00,M->M,norisk,0.0,M,2022Q4,2,6,1,-0.5618934724280849,-1.2621411788699781,-1.0836258208881524
张国庆看天下,dual,2023-01-18 21:13:00,2023-02-03 16:31:00,M->M,norisk,0.0,M,2023Q1,5,10,5,-0.4132629898381259,-0.8716981208432516,-0.910784564441768
得意的弦小二,wemedia_only,2022-12-24 10:56:00,2023-02-03 19:30:00,M->M,risk,1.0,M,2023Q1,2,36,2,0.5528351469966072,-1.1645304143632966,-1.0836258208881524
情感文艺君,wemedia_only,2022-12-28 19:07:00,2023-01-11 11:49:00,M->L,risk,1.0,L,2023Q1,2,9,2,-0.45042061048561566,-1.1645304143632966,-1.0836258208881524
慈溪静姨,wemedia_only,2023-02-02 21:24:00,2023-02-05 17:55:00,L->H,risk,1.0,H,2023Q1,4,4,3,-0.6362087137230643,-1.066919649856615,-0.9683983165905627
慈溪静姨,wemedia_only,2023-02-06 19:30:00,2023-02-06 20:19:00,L->L,risk,1.0,L,2023Q1,4,4,3,-0.6362087137230643,-1.066919649856615,-0.9683983165905627
成都水务,mainstream_only,2022-10-14 09:59:00,2022-10-14 16:17:00,M->M,risk,1.0,M,2022Q4,2,3,1,-0.673366334370554,-1.2621411788699781,-1.0836258208881524
我是佩儿,wemedia_only,2022-12-01 12:44:00,2023-02-15 18:02:00,M->H,norisk,0.0,H,2023Q1,2,3,2,-0.673366334370554,-1.1645304143632966,-1.0836258208881524
我是希尔瑞思,dual,2022-11-09 21:22:00,2022-11-13 13:15:00,H->H,risk,1.0,H,2022Q4,56,75,37,2.001982352248707,2.2518463433705613,2.027516795146765
我是希尔瑞思,dual,2022-11-13 13:15:00,2022-11-14 10:00:00,H->M,norisk,0.0,M,2022Q4,56,75,37,2.001982352248707,2.2518463433705613,2.027516795146765
我是希尔瑞思,dual,2022-11-21 10:53:00,2022-11-21 10:59:00,M->M,norisk,0.0,M,2022Q4,56,75,37,2.001982352248707,2.2518463433705613,2.027516795146765
我是希尔瑞思,dual,2022-11-21 10:59:00,2022-11-26 08:02:00,M->M,norisk,0.0,M,2022Q4,56,75,37,2.001982352248707,2.2518463433705613,2.027516795146765
我是希尔瑞思,dual,2022-11-27 10:03:00,2022-11-28 08:16:00,H->H,norisk,0.0,H,2022Q4,56,75,37,2.001982352248707,2.2518463433705613,2.027516795146765
我是希尔瑞思,dual,2022-11-29 14:17:00,2022-11-30 00:08:00,M->H,norisk,0.25,H,2022Q4,56,75,37,2.001982352248707,2.2518463433705613,2.027516795146765
我是希尔瑞思,dual,2022-12-01 11:14:00,2022-12-02 10:57:00,H->H,norisk,0.26666666666666666,H,2022Q4,56,75,37,2.001982352248707,2.2518463433705613,2.027516795146765
我是希尔瑞思,dual,2022-12-03 09:12:00,2022-12-03 11:09:00,M->M,norisk,0.0,M,2022Q4,56,75,37,2.001982352248707,2.2518463433705613,2.027516795146765
我是希尔瑞思,dual,2022-12-03 11:09:00,2022-12-03 13:14:00,M->M,norisk,0.0,M,2022Q4,56,75,37,2.001982352248707,2.2518463433705613,2.027516795146765
我是希尔瑞思,dual,2022-12-03 13:14:00,2022-12-04 18:53:00,M->H,norisk,0.0,H,2022Q4,56,75,37,2.001982352248707,2.2518463433705613,2.027516795146765
我是希尔瑞思,dual,2022-12-04 18:53:00,2022-12-06 10:13:00,H->H,norisk,0.0,H,2022Q4,56,75,37,2.001982352248707,2.2518463433705613,2.027516795146765
我是希尔瑞思,dual,2022-12-06 10:13:00,2022-12-08 06:50:00,H->H,norisk,0.0,H,2022Q4,56,75,37,2.001982352248707,2.2518463433705613,2.027516795146765
我是希尔瑞思,dual,2022-12-08 06:50:00,2022-12-08 14:24:00,H->H,norisk,0.0,H,2022Q4,56,75,37,2.001982352248707,2.2518463433705613,2.027516795146765
我是希尔瑞思,dual,2022-12-08 14:24:00,2022-12-08 19:01:00,H->M,norisk,0.0,M,2022Q4,56,75,37,2.001982352248707,2.2518463433705613,2.027516795146765
我是希尔瑞思,dual,2022-12-08 19:01:00,2022-12-09 10:14:00,M->M,norisk,0.0,M,2022Q4,56,75,37,2.001982352248707,2.2518463433705613,2.027516795146765
我是希尔瑞思,dual,2022-12-09 10:14:00,2022-12-09 18:40:00,M->M,norisk,0.0,M,2022Q4,56,75,37,2.001982352248707,2.2518463433705613,2.027516795146765
我是希尔瑞思,dual,2022-12-09 18:40:00,2022-12-09 20:34:00,M->M,norisk,0.0,M,2022Q4,56,75,37,2.001982352248707,2.2518463433705613,2.027516795146765
我是希尔瑞思,dual,2022-12-09 20:34:00,2022-12-10 09:23:00,M->M,norisk,0.0,M,2022Q4,56,75,37,2.001982352248707,2.2518463433705613,2.027516795146765
我是希尔瑞思,dual,2022-12-10 09:23:00,2022-12-11 09:08:00,M->M,norisk,0.0,M,2022Q4,56,75,37,2.001982352248707,2.2518463433705613,2.027516795146765
我是希尔瑞思,dual,2022-12-11 09:08:00,2022-12-11 09:14:00,M->M,norisk,0.0,M,2022Q4,56,75,37,2.001982352248707,2.2518463433705613,2.027516795146765
我是希尔瑞思,dual,2022-12-11 09:14:00,2022-12-11 10:58:00,M->M,norisk,0.0,M,2022Q4,56,75,37,2.001982352248707,2.2518463433705613,2.027516795146765
我是希尔瑞思,dual,2022-12-11 10:58:00,2022-12-15 15:44:00,M->H,norisk,0.0,H,2022Q4,56,75,37,2.001982352248707,2.2518463433705613,2.027516795146765
我是希尔瑞思,dual,2022-12-15 15:44:00,2023-01-02 16:41:00,H->H,norisk,0.14285714285714285,H,2023Q1,56,75,37,2.001982352248707,2.2518463433705613,2.027516795146765
我是希尔瑞思,dual,2023-01-02 16:41:00,2023-01-03 16:24:00,H->H,risk,0.65,H,2023Q1,56,75,37,2.001982352248707,2.2518463433705613,2.027516795146765
我是希尔瑞思,dual,2023-01-03 16:24:00,2023-01-04 00:17:00,H->M,norisk,0.35416666666666663,M,2023Q1,56,75,37,2.001982352248707,2.2518463433705613,2.027516795146765
我是希尔瑞思,dual,2023-01-04 00:17:00,2023-01-04 09:26:00,M->H,norisk,0.5,H,2023Q1,56,75,37,2.001982352248707,2.2518463433705613,2.027516795146765
我是希尔瑞思,dual,2023-01-04 09:26:00,2023-01-04 22:40:00,H->M,norisk,0.5,M,2023Q1,56,75,37,2.001982352248707,2.2518463433705613,2.027516795146765
我是希尔瑞思,dual,2023-01-04 22:40:00,2023-01-05 11:13:00,M->M,norisk,0.5,M,2023Q1,56,75,37,2.001982352248707,2.2518463433705613,2.027516795146765
我是希尔瑞思,dual,2023-01-05 11:13:00,2023-01-07 14:52:00,M->H,norisk,0.0,H,2023Q1,56,75,37,2.001982352248707,2.2518463433705613,2.027516795146765
我是希尔瑞思,dual,2023-01-07 14:52:00,2023-01-07 15:22:00,H->M,norisk,0.0,M,2023Q1,56,75,37,2.001982352248707,2.2518463433705613,2.027516795146765
我是希尔瑞思,dual,2023-01-07 15:22:00,2023-01-08 10:47:00,M->M,norisk,0.0,M,2023Q1,56,75,37,2.001982352248707,2.2518463433705613,2.027516795146765
我是希尔瑞思,dual,2023-01-08 10:47:00,2023-01-09 22:41:00,M->H,norisk,0.0,H,2023Q1,56,75,37,2.001982352248707,2.2518463433705613,2.027516795146765
我是希尔瑞思,dual,2023-01-09 22:41:00,2023-01-13 09:57:00,H->M,norisk,0.5,M,2023Q1,56,75,37,2.001982352248707,2.2518463433705613,2.027516795146765
我是希尔瑞思,dual,2023-01-13 09:57:00,2023-01-14 15:55:00,M->M,norisk,0.0,M,2023Q1,56,75,37,2.001982352248707,2.2518463433705613,2.027516795146765
我是希尔瑞思,dual,2023-01-15 22:23:00,2023-01-16 10:35:00,H->H,norisk,0.0,H,2023Q1,56,75,37,2.001982352248707,2.2518463433705613,2.027516795146765
手感造物,wemedia_only,2022-12-18 11:11:00,2022-12-20 12:29:00,M->M,norisk,0.0,M,2022Q4,2,1,2,-0.7476815756655335,-1.1645304143632966,-1.0836258208881524
无忧差评,wemedia_only,2022-12-01 13:39:00,2022-12-29 15:00:00,H->H,risk,1.0,H,2022Q4,3,2,3,-0.7105239550180438,-1.066919649856615,-1.0260120687393575
无忧差评,wemedia_only,2022-12-29 15:00:00,2022-12-30 06:55:00,H->M,risk,1.0,M,2022Q4,3,2,3,-0.7105239550180438,-1.066919649856615,-1.0260120687393575
昆明市西山区发布,mainstream_only,2023-02-26 09:53:00,2023-02-28 09:23:00,M->M,norisk,0.0,M,2023Q1,6,3,5,-0.673366334370554,-0.8716981208432516,-0.8531708122929732
星弧权益,dual,2022-12-01 23:25:00,2022-12-15 23:41:00,M->M,norisk,0.0,M,2022Q4,3,8,3,-0.4875782311331054,-1.066919649856615,-1.0260120687393575
星弧权益,dual,2022-12-15 23:41:00,2023-02-09 23:01:00,M->M,norisk,0.0,M,2023Q1,3,8,3,-0.4875782311331054,-1.066919649856615,-1.0260120687393575
是安沐呀,wemedia_only,2022-12-27 14:36:00,2022-12-29 09:12:00,L->H,risk,1.0,H,2022Q4,2,5,2,-0.5990510930755746,-1.1645304143632966,-1.0836258208881524
普洱政法,mainstream_only,2022-12-11 12:51:53,2022-12-15 20:40:28,M->M,norisk,0.0,M,2022Q4,4,3,4,-0.673366334370554,-0.9693088853499333,-0.9683983165905627
普洱政法,mainstream_only,2022-12-15 20:40:28,2022-12-18 17:08:54,M->M,norisk,0.0,M,2022Q4,4,3,4,-0.673366334370554,-0.9693088853499333,-0.9683983165905627
普洱政法,mainstream_only,2022-12-18 17:08:54,2022-12-25 15:50:14,M->M,norisk,0.5,M,2022Q4,4,3,4,-0.673366334370554,-0.9693088853499333,-0.9683983165905627
木白弓虽,wemedia_only,2023-02-05 21:56:00,2023-02-08 06:36:00,M->M,norisk,0.0,M,2023Q1,2,9,2,-0.45042061048561566,-1.1645304143632966,-1.0836258208881524
李贵明-医生,wemedia_only,2023-01-18 20:47:00,2023-02-05 09:01:00,M->M,norisk,0.0,M,2023Q1,3,3,3,-0.673366334370554,-1.066919649856615,-1.0260120687393575
李贵明-医生,wemedia_only,2023-02-05 09:01:00,2023-02-11 19:14:00,M->M,risk,1.0,M,2023Q1,3,3,3,-0.673366334370554,-1.066919649856615,-1.0260120687393575
杨晓峰医生,wemedia_only,2022-12-29 20:25:00,2023-01-02 00:05:00,M->M,risk,1.0,M,2023Q1,19,2,15,-0.7105239550180438,0.10440952422356489,-0.1041920343586412
杨晓峰医生,wemedia_only,2023-01-02 00:05:00,2023-01-02 00:20:00,M->M,norisk,0.0,M,2023Q1,19,2,15,-0.7105239550180438,0.10440952422356489,-0.1041920343586412
杨晓峰医生,wemedia_only,2023-01-02 00:20:00,2023-01-09 22:07:00,M->M,norisk,0.0,M,2023Q1,19,2,15,-0.7105239550180438,0.10440952422356489,-0.1041920343586412
杨晓峰医生,wemedia_only,2023-01-09 22:07:00,2023-01-09 22:37:00,M->M,risk,1.0,M,2023Q1,19,2,15,-0.7105239550180438,0.10440952422356489,-0.1041920343586412
杨晓峰医生,wemedia_only,2023-01-09 22:37:00,2023-01-11 00:05:00,M->M,risk,1.0,M,2023Q1,19,2,15,-0.7105239550180438,0.10440952422356489,-0.1041920343586412
杨晓峰医生,wemedia_only,2023-01-11 00:05:00,2023-01-11 00:24:00,M->M,norisk,0.5,M,2023Q1,19,2,15,-0.7105239550180438,0.10440952422356489,-0.1041920343586412
杨晓峰医生,wemedia_only,2023-01-11 00:24:00,2023-01-12 16:52:00,M->M,norisk,0.5,M,2023Q1,19,2,15,-0.7105239550180438,0.10440952422356489,-0.1041920343586412
杨晓峰医生,wemedia_only,2023-01-12 16:52:00,2023-01-13 23:23:00,M->M,risk,1.0,M,2023Q1,19,2,15,-0.7105239550180438,0.10440952422356489,-0.1041920343586412
杨晓峰医生,wemedia_only,2023-01-13 23:23:00,2023-01-14 22:30:00,M->M,norisk,0.0,M,2023Q1,19,2,15,-0.7105239550180438,0.10440952422356489,-0.1041920343586412
杨晓峰医生,wemedia_only,2023-01-14 22:30:00,2023-01-15 21:46:00,M->M,norisk,0.0,M,2023Q1,19,2,15,-0.7105239550180438,0.10440952422356489,-0.1041920343586412
杨晓峰医生,wemedia_only,2023-01-15 21:46:00,2023-01-16 23:51:00,M->M,norisk,0.0,M,2023Q1,19,2,15,-0.7105239550180438,0.10440952422356489,-0.1041920343586412
杨晓峰医生,wemedia_only,2023-01-16 23:51:00,2023-01-20 21:16:00,M->M,norisk,0.0,M,2023Q1,19,2,15,-0.7105239550180438,0.10440952422356489,-0.1041920343586412
杨晓峰医生,wemedia_only,2023-01-20 21:16:00,2023-01-20 21:26:00,M->M,norisk,0.5,M,2023Q1,19,2,15,-0.7105239550180438,0.10440952422356489,-0.1041920343586412
杨晓峰医生,wemedia_only,2023-01-20 21:26:00,2023-01-21 15:14:00,M->M,norisk,0.5,M,2023Q1,19,2,15,-0.7105239550180438,0.10440952422356489,-0.1041920343586412
杨晓峰医生,wemedia_only,2023-01-21 15:14:00,2023-01-28 23:47:00,M->M,norisk,0.0,M,2023Q1,19,2,15,-0.7105239550180438,0.10440952422356489,-0.1041920343586412
杨晓峰医生,wemedia_only,2023-01-28 23:47:00,2023-01-29 21:38:00,M->M,risk,1.0,M,2023Q1,19,2,15,-0.7105239550180438,0.10440952422356489,-0.1041920343586412
杨晓峰医生,wemedia_only,2023-01-29 21:38:00,2023-02-03 17:06:00,M->L,risk,1.0,L,2023Q1,19,2,15,-0.7105239550180438,0.10440952422356489,-0.1041920343586412
杨晓峰医生,wemedia_only,2023-02-03 17:06:00,2023-02-18 12:02:00,L->M,norisk,0.0,M,2023Q1,19,2,15,-0.7105239550180438,0.10440952422356489,-0.1041920343586412
核聚变ju,dual,2023-02-05 20:05:00,2023-02-19 09:59:00,M->H,risk,1.0,H,2023Q1,3,24,2,0.1069436992267304,-1.1645304143632966,-1.0260120687393575
楚复生,wemedia_only,2022-11-04 13:23:00,2022-11-15 23:17:00,M->M,norisk,0.0,M,2022Q4,3,4,3,-0.6362087137230643,-1.066919649856615,-1.0260120687393575
楚复生,wemedia_only,2022-11-15 23:17:00,2022-12-07 10:20:00,M->M,norisk,0.0,M,2022Q4,3,4,3,-0.6362087137230643,-1.066919649856615,-1.0260120687393575
死肥宅学长,wemedia_only,2022-12-01 15:04:00,2022-12-01 15:21:00,M->M,norisk,0.0,M,2022Q4,2,1,1,-0.7476815756655335,-1.2621411788699781,-1.0836258208881524
永州发布,mainstream_only,2022-10-20 10:40:11,2022-11-03 10:46:51,M->M,norisk,0.0,M,2022Q4,23,4,19,-0.6362087137230643,0.4948525822502915,0.1262629742365379
永州发布,mainstream_only,2022-11-03 10:46:51,2022-11-04 13:45:50,M->M,norisk,0.0,M,2022Q4,23,4,19,-0.6362087137230643,0.4948525822502915,0.1262629742365379
永州发布,mainstream_only,2022-11-04 13:45:50,2022-11-05 08:59:46,M->M,norisk,0.0,M,2022Q4,23,4,19,-0.6362087137230643,0.4948525822502915,0.1262629742365379
永州发布,mainstream_only,2022-11-05 08:59:46,2022-11-05 11:34:05,M->M,norisk,0.0,M,2022Q4,23,4,19,-0.6362087137230643,0.4948525822502915,0.1262629742365379
永州发布,mainstream_only,2022-11-05 11:34:05,2022-11-26 09:31:51,M->M,norisk,0.0,M,2022Q4,23,4,19,-0.6362087137230643,0.4948525822502915,0.1262629742365379
永州发布,mainstream_only,2022-11-26 09:31:51,2022-11-27 09:06:51,M->M,norisk,0.0,M,2022Q4,23,4,19,-0.6362087137230643,0.4948525822502915,0.1262629742365379
永州发布,mainstream_only,2022-11-27 09:06:51,2022-11-30 08:55:03,M->M,norisk,0.0,M,2022Q4,23,4,19,-0.6362087137230643,0.4948525822502915,0.1262629742365379
永州发布,mainstream_only,2022-11-30 08:55:03,2022-12-09 10:03:20,M->M,norisk,0.0,M,2022Q4,23,4,19,-0.6362087137230643,0.4948525822502915,0.1262629742365379
永州发布,mainstream_only,2022-12-09 10:03:20,2022-12-09 15:09:09,M->M,norisk,0.0,M,2022Q4,23,4,19,-0.6362087137230643,0.4948525822502915,0.1262629742365379
永州发布,mainstream_only,2022-12-09 15:09:09,2022-12-09 16:12:08,M->M,norisk,0.0,M,2022Q4,23,4,19,-0.6362087137230643,0.4948525822502915,0.1262629742365379
永州发布,mainstream_only,2022-12-09 16:12:08,2022-12-16 09:00:00,M->M,norisk,0.0,M,2022Q4,23,4,19,-0.6362087137230643,0.4948525822502915,0.1262629742365379
永州发布,mainstream_only,2022-12-16 09:00:00,2022-12-16 09:00:29,M->M,norisk,0.0,M,2022Q4,23,4,19,-0.6362087137230643,0.4948525822502915,0.1262629742365379
永州发布,mainstream_only,2022-12-16 09:00:29,2022-12-18 13:17:35,M->M,norisk,0.0,M,2022Q4,23,4,19,-0.6362087137230643,0.4948525822502915,0.1262629742365379
永州发布,mainstream_only,2022-12-18 13:17:35,2022-12-26 14:14:38,M->M,norisk,0.0,M,2022Q4,23,4,19,-0.6362087137230643,0.4948525822502915,0.1262629742365379
永州发布,mainstream_only,2022-12-26 14:14:38,2022-12-27 08:13:29,M->M,norisk,0.0,M,2022Q4,23,4,19,-0.6362087137230643,0.4948525822502915,0.1262629742365379
永州发布,mainstream_only,2022-12-27 08:13:29,2022-12-30 09:33:25,M->M,norisk,0.0,M,2022Q4,23,4,19,-0.6362087137230643,0.4948525822502915,0.1262629742365379
永州发布,mainstream_only,2022-12-30 09:33:25,2022-12-31 13:15:56,M->M,norisk,0.0,M,2022Q4,23,4,19,-0.6362087137230643,0.4948525822502915,0.1262629742365379
永州发布,mainstream_only,2022-12-31 13:15:56,2023-01-02 16:23:44,M->M,risk,1.0,M,2023Q1,23,4,19,-0.6362087137230643,0.4948525822502915,0.1262629742365379
永州发布,mainstream_only,2023-01-02 16:23:44,2023-01-04 11:01:03,M->M,risk,1.0,M,2023Q1,23,4,19,-0.6362087137230643,0.4948525822502915,0.1262629742365379
永州发布,mainstream_only,2023-01-04 11:01:03,2023-01-12 07:58:41,M->M,risk,1.0,M,2023Q1,23,4,19,-0.6362087137230643,0.4948525822502915,0.1262629742365379
永州发布,mainstream_only,2023-01-12 07:58:41,2023-01-13 21:27:17,M->M,risk,1.0,M,2023Q1,23,4,19,-0.6362087137230643,0.4948525822502915,0.1262629742365379
永州发布,mainstream_only,2023-01-13 21:27:17,2023-01-15 08:57:17,M->M,norisk,0.0,M,2023Q1,23,4,19,-0.6362087137230643,0.4948525822502915,0.1262629742365379
河口广电,mainstream_only,2023-01-02 15:20:36,2023-02-09 16:29:00,M->M,risk,1.0,M,2023Q1,2,1,2,-0.7476815756655335,-1.1645304143632966,-1.0836258208881524
洛爷William,wemedia_only,2022-12-01 13:46:00,2023-02-11 11:42:00,M->M,norisk,0.0,M,2023Q1,2,1,2,-0.7476815756655335,-1.1645304143632966,-1.0836258208881524
津云新闻,mainstream_only,2022-11-10 11:00:01,2022-12-06 15:00:03,M->M,norisk,0.0,M,2022Q4,15,3,13,-0.673366334370554,-0.09081200478979841,-0.3346470429538203
津云新闻,mainstream_only,2022-12-06 15:00:03,2022-12-07 13:31:08,M->M,norisk,0.0,M,2022Q4,15,3,13,-0.673366334370554,-0.09081200478979841,-0.3346470429538203
津云新闻,mainstream_only,2022-12-07 13:31:08,2022-12-08 23:02:14,M->M,norisk,0.0,M,2022Q4,15,3,13,-0.673366334370554,-0.09081200478979841,-0.3346470429538203
津云新闻,mainstream_only,2022-12-08 23:02:14,2022-12-16 11:20:01,M->H,norisk,0.0,H,2022Q4,15,3,13,-0.673366334370554,-0.09081200478979841,-0.3346470429538203
津云新闻,mainstream_only,2022-12-16 11:20:01,2022-12-16 21:00:03,H->M,norisk,0.5,M,2022Q4,15,3,13,-0.673366334370554,-0.09081200478979841,-0.3346470429538203
津云新闻,mainstream_only,2022-12-16 21:00:03,2022-12-18 16:18:29,M->M,norisk,0.5,M,2022Q4,15,3,13,-0.673366334370554,-0.09081200478979841,-0.3346470429538203
津云新闻,mainstream_only,2022-12-18 16:18:29,2022-12-21 22:40:02,M->M,norisk,0.0,M,2022Q4,15,3,13,-0.673366334370554,-0.09081200478979841,-0.3346470429538203
津云新闻,mainstream_only,2022-12-21 22:40:02,2022-12-26 17:20:00,M->M,norisk,0.0,M,2022Q4,15,3,13,-0.673366334370554,-0.09081200478979841,-0.3346470429538203
津云新闻,mainstream_only,2022-12-26 17:20:00,2022-12-27 09:00:01,M->M,norisk,0.0,M,2022Q4,15,3,13,-0.673366334370554,-0.09081200478979841,-0.3346470429538203
津云新闻,mainstream_only,2022-12-27 09:00:01,2022-12-31 10:20:00,M->M,norisk,0.0,M,2022Q4,15,3,13,-0.673366334370554,-0.09081200478979841,-0.3346470429538203
津云新闻,mainstream_only,2022-12-31 10:20:00,2023-01-02 21:20:00,M->M,risk,1.0,M,2023Q1,15,3,13,-0.673366334370554,-0.09081200478979841,-0.3346470429538203
津云新闻,mainstream_only,2023-01-02 21:20:00,2023-01-03 07:40:00,M->M,risk,1.0,M,2023Q1,15,3,13,-0.673366334370554,-0.09081200478979841,-0.3346470429538203
津云新闻,mainstream_only,2023-01-03 07:40:00,2023-01-03 20:25:30,M->M,norisk,0.5,M,2023Q1,15,3,13,-0.673366334370554,-0.09081200478979841,-0.3346470429538203
津云新闻,mainstream_only,2023-01-03 20:25:30,2023-02-09 15:40:00,M->M,norisk,0.5,M,2023Q1,15,3,13,-0.673366334370554,-0.09081200478979841,-0.3346470429538203
浦东发布,wemedia_only,2022-11-15 08:54:13,2022-12-08 14:27:05,M->M,norisk,0.0,M,2022Q4,10,2,9,-0.7105239550180438,-0.481255062816525,-0.6227158036977941
浦东发布,wemedia_only,2022-12-08 14:27:05,2022-12-08 14:44:53,M->M,norisk,0.0,M,2022Q4,10,2,9,-0.7105239550180438,-0.481255062816525,-0.6227158036977941
浦东发布,wemedia_only,2022-12-08 14:44:53,2022-12-15 20:33:53,M->M,norisk,0.0,M,2022Q4,10,2,9,-0.7105239550180438,-0.481255062816525,-0.6227158036977941
浦东发布,wemedia_only,2022-12-15 20:33:53,2022-12-16 16:58:51,M->M,norisk,0.0,M,2022Q4,10,2,9,-0.7105239550180438,-0.481255062816525,-0.6227158036977941
浦东发布,wemedia_only,2022-12-16 16:58:51,2022-12-20 14:21:27,M->M,norisk,0.0,M,2022Q4,10,2,9,-0.7105239550180438,-0.481255062816525,-0.6227158036977941
浦东发布,wemedia_only,2022-12-20 14:21:27,2022-12-21 11:18:23,M->M,norisk,0.0,M,2022Q4,10,2,9,-0.7105239550180438,-0.481255062816525,-0.6227158036977941
浦东发布,wemedia_only,2022-12-21 11:18:23,2022-12-27 15:08:43,M->M,risk,1.0,M,2022Q4,10,2,9,-0.7105239550180438,-0.481255062816525,-0.6227158036977941
浦东发布,wemedia_only,2022-12-27 15:08:43,2023-01-20 09:22:08,M->M,risk,1.0,M,2023Q1,10,2,9,-0.7105239550180438,-0.481255062816525,-0.6227158036977941
浦东发布,wemedia_only,2023-01-20 09:22:08,2023-02-07 14:53:00,M->M,norisk,0.0,M,2023Q1,10,2,9,-0.7105239550180438,-0.481255062816525,-0.6227158036977941
游仙公安,mainstream_only,2022-10-14 10:58:00,2022-10-14 10:58:00,M->M,risk,0.9166666666666666,M,2022Q4,2,12,1,-0.33894774854314647,-1.2621411788699781,-1.0836258208881524
溧阳人在珀斯,dual,2022-12-07 11:49:00,2022-12-08 16:53:00,H->M,norisk,0.0,M,2022Q4,11,19,9,-0.07884440401071828,-0.481255062816525,-0.5651020515489994
溧阳人在珀斯,dual,2022-12-08 16:53:00,2022-12-08 18:26:00,M->H,norisk,0.0,H,2022Q4,11,19,9,-0.07884440401071828,-0.481255062816525,-0.5651020515489994
溧阳人在珀斯,dual,2022-12-08 18:26:00,2022-12-09 14:36:00,H->M,norisk,0.0,M,2022Q4,11,19,9,-0.07884440401071828,-0.481255062816525,-0.5651020515489994
溧阳人在珀斯,dual,2022-12-09 14:36:00,2022-12-15 23:14:00,M->M,norisk,0.0,M,2022Q4,11,19,9,-0.07884440401071828,-0.481255062816525,-0.5651020515489994
溧阳人在珀斯,dual,2022-12-15 23:14:00,2022-12-16 11:19:00,M->M,norisk,0.0,M,2022Q4,11,19,9,-0.07884440401071828,-0.481255062816525,-0.5651020515489994
漫长岁月,wemedia_only,2022-10-14 09:15:00,2023-02-21 09:08:00,M->L,risk,1.0,L,2023Q1,2,3,2,-0.673366334370554,-1.1645304143632966,-1.0836258208881524
潘彼得PeterPan,wemedia_only,2022-12-01 15:53:00,2022-12-05 12:09:00,H->M,risk,1.0,M,2022Q4,2,5,2,-0.5990510930755746,-1.1645304143632966,-1.0836258208881524
牛神nddpg111,wemedia_only,2022-10-14 12:05:00,2022-12-01 12:45:00,M->M,risk,1.0,M,2022Q4,3,3,2,-0.673366334370554,-1.1645304143632966,-1.0260120687393575
牛神nddpg111,wemedia_only,2022-12-01 12:45:00,2022-12-01 12:55:00,M->M,norisk,0.0,M,2022Q4,3,3,2,-0.673366334370554,-1.1645304143632966,-1.0260120687393575
独立小楼99,dual,2022-12-03 15:35:00,2022-12-04 18:49:00,H->M,norisk,0.0,M,2022Q4,6,10,6,-0.4132629898381259,-0.77408735633657,-0.8531708122929732
独立小楼99,dual,2022-12-30 15:26:00,2022-12-31 15:00:00,M->M,norisk,0.25,M,2022Q4,6,10,6,-0.4132629898381259,-0.77408735633657,-0.8531708122929732
独立小楼99,dual,2022-12-31 15:00:00,2023-01-08 14:50:00,M->M,norisk,0.0,M,2023Q1,6,10,6,-0.4132629898381259,-0.77408735633657,-0.8531708122929732
独立小楼99,dual,2023-01-08 14:50:00,2023-01-10 11:48:00,M->M,norisk,0.0,M,2023Q1,6,10,6,-0.4132629898381259,-0.77408735633657,-0.8531708122929732
王言嘉-,wemedia_only,2022-12-04 16:37:00,2022-12-16 10:49:00,M->M,norisk,0.0,M,2022Q4,5,5,5,-0.5990510930755746,-0.8716981208432516,-0.910784564441768
王言嘉-,wemedia_only,2022-12-16 10:49:00,2023-01-14 11:20:00,M->M,norisk,0.0,M,2023Q1,5,5,5,-0.5990510930755746,-0.8716981208432516,-0.910784564441768
王言嘉-,wemedia_only,2023-01-14 11:20:00,2023-01-16 21:27:00,M->M,risk,1.0,M,2023Q1,5,5,5,-0.5990510930755746,-0.8716981208432516,-0.910784564441768
王言嘉-,wemedia_only,2023-01-16 21:27:00,2023-01-28 20:48:00,M->M,norisk,0.0,M,2023Q1,5,5,5,-0.5990510930755746,-0.8716981208432516,-0.910784564441768
登高_2023,mainstream_only,2022-12-01 11:48:00,2022-12-03 17:35:00,M->M,norisk,0.0,M,2022Q4,2,1,2,-0.7476815756655335,-1.1645304143632966,-1.0836258208881524
皇族养心堂卢阿姨,wemedia_only,2023-02-13 17:53:00,2023-02-16 09:36:00,M->L,risk,1.0,L,2023Q1,2,1,2,-0.7476815756655335,-1.1645304143632966,-1.0836258208881524
祖传中医肖春林,wemedia_only,2023-02-02 17:13:00,2023-02-04 09:53:00,M->M,norisk,0.0,M,2023Q1,4,1,3,-0.7476815756655335,-1.066919649856615,-0.9683983165905627
祖传中医肖春林,wemedia_only,2023-02-04 09:53:00,2023-02-24 16:05:00,M->M,norisk,0.0,M,2023Q1,4,1,3,-0.7476815756655335,-1.066919649856615,-0.9683983165905627
祖传中医肖春林,wemedia_only,2023-02-24 16:05:00,2023-02-24 16:12:00,M->M,norisk,0.0,M,2023Q1,4,1,3,-0.7476815756655335,-1.066919649856615,-0.9683983165905627
章鱼洋洋,wemedia_only,2022-12-01 17:24:00,2022-12-01 17:49:00,M->M,norisk,0.0,M,2022Q4,2,3,1,-0.673366334370554,-1.2621411788699781,-1.0836258208881524
童童叶1598,wemedia_only,2023-01-10 11:40:00,2023-01-10 11:46:00,L->H,risk,1.0,H,2023Q1,2,2,1,-0.7105239550180438,-1.2621411788699781,-1.0836258208881524
美国医级资源_Sonmore,wemedia_only,2022-10-15 10:08:00,2022-10-22 23:13:00,M->M,risk,1.0,M,2022Q4,2,8,2,-0.4875782311331054,-1.1645304143632966,-1.0836258208881524
美好的圆溜溜,wemedia_only,2023-02-04 14:50:00,2023-02-04 14:53:00,M->M,risk,1.0,M,2023Q1,8,1,5,-0.7476815756655335,-0.8716981208432516,-0.7379433079953837
美好的圆溜溜,wemedia_only,2023-02-04 14:53:00,2023-02-27 17:17:00,M->M,risk,1.0,M,2023Q1,8,1,5,-0.7476815756655335,-0.8716981208432516,-0.7379433079953837
育儿专家-王玉玮,wemedia_only,2022-12-07 09:31:00,2022-12-07 10:29:00,M->M,norisk,0.0,M,2022Q4,2,7,1,-0.5247358517805951,-1.2621411788699781,-1.0836258208881524
若vs衡,wemedia_only,2022-12-26 18:28:00,2022-12-29 10:42:00,L->M,risk,1.0,M,2022Q4,2,3,2,-0.673366334370554,-1.1645304143632966,-1.0836258208881524
茫茫本尊,dual,2023-02-04 14:22:00,2023-02-04 14:29:00,L->L,risk,1.0,L,2023Q1,2,12,1,-0.33894774854314647,-1.2621411788699781,-1.0836258208881524
药子陌,wemedia_only,2023-02-04 11:06:00,2023-02-09 15:09:00,M->M,norisk,0.0,M,2023Q1,3,4,3,-0.6362087137230643,-1.066919649856615,-1.0260120687393575
药师驾到助健康,wemedia_only,2022-12-23 15:38:00,2022-12-23 15:39:00,M->M,risk,1.0,M,2022Q4,2,1,1,-0.7476815756655335,-1.2621411788699781,-1.0836258208881524
蒙味始觉,wemedia_only,2022-10-14 11:35:00,2022-10-15 06:51:00,M->M,risk,1.0,M,2022Q4,3,20,3,-0.04168678336322855,-1.066919649856615,-1.0260120687393575
蒙味始觉,wemedia_only,2022-10-15 06:51:00,2022-12-01 16:54:00,M->M,risk,1.0,M,2022Q4,3,20,3,-0.04168678336322855,-1.066919649856615,-1.0260120687393575
袅袅水芝红nnszh,mainstream_only,2023-02-05 12:47:00,2023-02-06 08:53:00,M->H,norisk,0.0,H,2023Q1,4,1,3,-0.7476815756655335,-1.066919649856615,-0.9683983165905627
逃离陌上的软耳甜兔,wemedia_only,2022-10-14 13:49:00,2022-12-01 12:39:00,M->M,risk,1.0,M,2022Q4,2,1,2,-0.7476815756655335,-1.1645304143632966,-1.0836258208881524
金州检察,mainstream_only,2022-10-14 10:36:00,2022-12-16 08:48:00,M->M,risk,0.6666666666666666,M,2022Q4,3,3,3,-0.673366334370554,-1.066919649856615,-1.0260120687393575
金州检察,mainstream_only,2022-12-16 08:48:00,2023-02-09 17:02:00,M->M,norisk,0.5,M,2023Q1,3,3,3,-0.673366334370554,-1.066919649856615,-1.0260120687393575
阿普游记,wemedia_only,2022-12-01 11:47:00,2022-12-01 17:48:00,M->M,norisk,0.5,M,2022Q4,2,1,1,-0.7476815756655335,-1.2621411788699781,-1.0836258208881524
阿龙哥BLOG,wemedia_only,2022-10-14 13:11:00,2023-02-23 08:18:00,M->H,risk,1.0,H,2023Q1,2,6,2,-0.5618934724280849,-1.1645304143632966,-1.0836258208881524
陕西汉书下酒,dual,2023-01-15 19:56:00,2023-01-15 20:49:00,M->M,risk,1.0,M,2023Q1,45,57,25,1.3331451805938916,1.0805171692903814,1.3937655215100229
陕西汉书下酒,dual,2023-01-15 20:49:00,2023-01-16 08:53:00,M->M,risk,1.0,M,2023Q1,45,57,25,1.3331451805938916,1.0805171692903814,1.3937655215100229
陕西汉书下酒,dual,2023-01-16 08:53:00,2023-01-16 11:49:00,M->M,norisk,0.5,M,2023Q1,45,57,25,1.3331451805938916,1.0805171692903814,1.3937655215100229
陕西汉书下酒,dual,2023-01-16 11:49:00,2023-01-16 20:32:00,M->M,norisk,0.5,M,2023Q1,45,57,25,1.3331451805938916,1.0805171692903814,1.3937655215100229
陕西汉书下酒,dual,2023-01-16 20:32:00,2023-01-16 22:01:00,M->M,norisk,0.5,M,2023Q1,45,57,25,1.3331451805938916,1.0805171692903814,1.3937655215100229
陕西汉书下酒,dual,2023-01-16 22:01:00,2023-01-17 08:24:00,M->M,norisk,0.5,M,2023Q1,45,57,25,1.3331451805938916,1.0805171692903814,1.3937655215100229
陕西汉书下酒,dual,2023-01-17 08:24:00,2023-01-18 10:41:00,M->M,risk,1.0,M,2023Q1,45,57,25,1.3331451805938916,1.0805171692903814,1.3937655215100229
陕西汉书下酒,dual,2023-01-18 10:41:00,2023-01-21 07:20:00,M->M,norisk,0.0,M,2023Q1,45,57,25,1.3331451805938916,1.0805171692903814,1.3937655215100229
陕西汉书下酒,dual,2023-01-21 07:20:00,2023-01-21 09:23:00,M->M,norisk,0.5,M,2023Q1,45,57,25,1.3331451805938916,1.0805171692903814,1.3937655215100229
陕西汉书下酒,dual,2023-01-21 09:23:00,2023-01-23 07:14:00,M->M,norisk,0.5,M,2023Q1,45,57,25,1.3331451805938916,1.0805171692903814,1.3937655215100229
陕西汉书下酒,dual,2023-01-23 07:14:00,2023-01-23 07:17:00,M->M,risk,1.0,M,2023Q1,45,57,25,1.3331451805938916,1.0805171692903814,1.3937655215100229
陕西汉书下酒,dual,2023-01-23 07:17:00,2023-01-23 11:55:00,M->M,risk,1.0,M,2023Q1,45,57,25,1.3331451805938916,1.0805171692903814,1.3937655215100229
陕西汉书下酒,dual,2023-01-23 11:55:00,2023-01-24 11:51:00,M->L,risk,1.0,L,2023Q1,45,57,25,1.3331451805938916,1.0805171692903814,1.3937655215100229
陕西汉书下酒,dual,2023-01-24 11:51:00,2023-01-25 08:13:00,L->M,risk,1.0,M,2023Q1,45,57,25,1.3331451805938916,1.0805171692903814,1.3937655215100229
陕西汉书下酒,dual,2023-01-25 08:13:00,2023-01-25 09:42:00,M->M,norisk,0.5,M,2023Q1,45,57,25,1.3331451805938916,1.0805171692903814,1.3937655215100229
陕西汉书下酒,dual,2023-01-25 09:42:00,2023-01-25 12:31:00,M->M,norisk,0.5,M,2023Q1,45,57,25,1.3331451805938916,1.0805171692903814,1.3937655215100229
陕西汉书下酒,dual,2023-01-25 12:31:00,2023-01-25 19:53:00,M->M,norisk,0.5,M,2023Q1,45,57,25,1.3331451805938916,1.0805171692903814,1.3937655215100229
陕西汉书下酒,dual,2023-01-25 19:53:00,2023-01-26 08:00:00,M->M,norisk,0.5,M,2023Q1,45,57,25,1.3331451805938916,1.0805171692903814,1.3937655215100229
陕西汉书下酒,dual,2023-01-26 08:00:00,2023-01-26 08:44:00,M->M,risk,1.0,M,2023Q1,45,57,25,1.3331451805938916,1.0805171692903814,1.3937655215100229
陕西汉书下酒,dual,2023-01-26 08:44:00,2023-01-26 10:35:00,M->M,risk,1.0,M,2023Q1,45,57,25,1.3331451805938916,1.0805171692903814,1.3937655215100229
陕西汉书下酒,dual,2023-01-26 10:35:00,2023-01-26 19:28:00,M->M,risk,1.0,M,2023Q1,45,57,25,1.3331451805938916,1.0805171692903814,1.3937655215100229
陕西汉书下酒,dual,2023-01-26 19:28:00,2023-01-27 07:33:00,M->M,risk,1.0,M,2023Q1,45,57,25,1.3331451805938916,1.0805171692903814,1.3937655215100229
陕西汉书下酒,dual,2023-01-27 07:33:00,2023-01-28 07:59:00,M->M,norisk,0.0,M,2023Q1,45,57,25,1.3331451805938916,1.0805171692903814,1.3937655215100229
陕西汉书下酒,dual,2023-01-28 07:59:00,2023-01-28 10:11:00,M->M,risk,1.0,M,2023Q1,45,57,25,1.3331451805938916,1.0805171692903814,1.3937655215100229
陕西汉书下酒,dual,2023-01-28 10:11:00,2023-01-28 18:34:00,M->M,risk,1.0,M,2023Q1,45,57,25,1.3331451805938916,1.0805171692903814,1.3937655215100229
陕西汉书下酒,dual,2023-01-28 18:34:00,2023-01-29 14:14:00,M->M,risk,1.0,M,2023Q1,45,57,25,1.3331451805938916,1.0805171692903814,1.3937655215100229
陕西汉书下酒,dual,2023-01-29 14:14:00,2023-01-30 09:31:00,M->M,norisk,0.0,M,2023Q1,45,57,25,1.3331451805938916,1.0805171692903814,1.3937655215100229
陕西汉书下酒,dual,2023-01-30 09:31:00,2023-01-30 16:10:00,M->M,risk,1.0,M,2023Q1,45,57,25,1.3331451805938916,1.0805171692903814,1.3937655215100229
陕西汉书下酒,dual,2023-01-30 16:10:00,2023-02-02 09:32:00,M->M,risk,1.0,M,2023Q1,45,57,25,1.3331451805938916,1.0805171692903814,1.3937655215100229
陕西汉书下酒,dual,2023-02-02 09:32:00,2023-02-03 11:00:00,M->M,risk,1.0,M,2023Q1,45,57,25,1.3331451805938916,1.0805171692903814,1.3937655215100229
陕西汉书下酒,dual,2023-02-03 11:00:00,2023-02-03 14:34:00,M->M,risk,1.0,M,2023Q1,45,57,25,1.3331451805938916,1.0805171692903814,1.3937655215100229
陕西汉书下酒,dual,2023-02-03 14:34:00,2023-02-03 20:02:00,M->M,risk,1.0,M,2023Q1,45,57,25,1.3331451805938916,1.0805171692903814,1.3937655215100229
陕西汉书下酒,dual,2023-02-03 20:02:00,2023-02-04 20:37:00,M->M,risk,1.0,M,2023Q1,45,57,25,1.3331451805938916,1.0805171692903814,1.3937655215100229
陕西汉书下酒,dual,2023-02-04 20:37:00,2023-02-05 17:08:00,M->M,risk,1.0,M,2023Q1,45,57,25,1.3331451805938916,1.0805171692903814,1.3937655215100229
陕西汉书下酒,dual,2023-02-05 17:08:00,2023-02-05 20:48:00,M->M,risk,1.0,M,2023Q1,45,57,25,1.3331451805938916,1.0805171692903814,1.3937655215100229
陕西汉书下酒,dual,2023-02-05 20:48:00,2023-02-07 06:25:00,M->M,risk,1.0,M,2023Q1,45,57,25,1.3331451805938916,1.0805171692903814,1.3937655215100229
陕西汉书下酒,dual,2023-02-07 06:25:00,2023-02-07 15:05:00,M->L,risk,1.0,L,2023Q1,45,57,25,1.3331451805938916,1.0805171692903814,1.3937655215100229
陕西汉书下酒,dual,2023-02-07 15:05:00,2023-02-08 11:58:00,L->M,risk,1.0,M,2023Q1,45,57,25,1.3331451805938916,1.0805171692903814,1.3937655215100229
陕西汉书下酒,dual,2023-02-08 11:58:00,2023-02-09 15:07:00,M->M,risk,1.0,M,2023Q1,45,57,25,1.3331451805938916,1.0805171692903814,1.3937655215100229
陕西汉书下酒,dual,2023-02-09 15:07:00,2023-02-10 17:00:00,M->M,risk,1.0,M,2023Q1,45,57,25,1.3331451805938916,1.0805171692903814,1.3937655215100229
陕西汉书下酒,dual,2023-02-10 17:00:00,2023-02-12 16:39:00,M->M,norisk,0.25,M,2023Q1,45,57,25,1.3331451805938916,1.0805171692903814,1.3937655215100229
陕西汉书下酒,dual,2023-02-12 16:39:00,2023-02-13 15:28:00,M->M,risk,1.0,M,2023Q1,45,57,25,1.3331451805938916,1.0805171692903814,1.3937655215100229
陕西汉书下酒,dual,2023-02-13 15:28:00,2023-02-20 08:24:00,M->M,norisk,0.0,M,2023Q1,45,57,25,1.3331451805938916,1.0805171692903814,1.3937655215100229
陕西汉书下酒,dual,2023-02-20 08:24:00,2023-02-28 15:16:00,M->M,norisk,0.0,M,2023Q1,45,57,25,1.3331451805938916,1.0805171692903814,1.3937655215100229
陕西消防,mainstream_only,2022-10-14 14:12:00,2022-12-19 19:26:00,M->M,risk,1.0,M,2022Q4,2,8,2,-0.4875782311331054,-1.1645304143632966,-1.0836258208881524
难般聊聊,wemedia_only,2023-02-02 21:22:00,2023-02-04 09:26:00,L->M,risk,1.0,M,2023Q1,37,57,20,1.3331451805938916,0.5924633467569732,0.9328555043196647
难般聊聊,wemedia_only,2023-02-04 09:26:00,2023-02-04 12:09:00,M->M,risk,1.0,M,2023Q1,37,57,20,1.3331451805938916,0.5924633467569732,0.9328555043196647
难般聊聊,wemedia_only,2023-02-04 12:09:00,2023-02-06 08:59:00,M->L,risk,1.0,L,2023Q1,37,57,20,1.3331451805938916,0.5924633467569732,0.9328555043196647
难般聊聊,wemedia_only,2023-02-06 08:59:00,2023-02-07 10:37:00,L->L,risk,1.0,L,2023Q1,37,57,20,1.3331451805938916,0.5924633467569732,0.9328555043196647
难般聊聊,wemedia_only,2023-02-07 10:37:00,2023-02-08 09:02:00,L->L,risk,1.0,L,2023Q1,37,57,20,1.3331451805938916,0.5924633467569732,0.9328555043196647
难般聊聊,wemedia_only,2023-02-08 09:02:00,2023-02-08 15:11:00,L->L,risk,1.0,L,2023Q1,37,57,20,1.3331451805938916,0.5924633467569732,0.9328555043196647
难般聊聊,wemedia_only,2023-02-08 15:11:00,2023-02-09 18:24:00,L->M,risk,1.0,M,2023Q1,37,57,20,1.3331451805938916,0.5924633467569732,0.9328555043196647
难般聊聊,wemedia_only,2023-02-09 18:24:00,2023-02-10 14:43:00,M->M,risk,1.0,M,2023Q1,37,57,20,1.3331451805938916,0.5924633467569732,0.9328555043196647
难般聊聊,wemedia_only,2023-02-10 14:43:00,2023-02-13 12:52:00,M->L,risk,1.0,L,2023Q1,37,57,20,1.3331451805938916,0.5924633467569732,0.9328555043196647
难般聊聊,wemedia_only,2023-02-13 12:52:00,2023-02-13 20:16:00,L->M,risk,1.0,M,2023Q1,37,57,20,1.3331451805938916,0.5924633467569732,0.9328555043196647
难般聊聊,wemedia_only,2023-02-13 20:16:00,2023-02-14 08:34:00,M->H,risk,1.0,H,2023Q1,37,57,20,1.3331451805938916,0.5924633467569732,0.9328555043196647
难般聊聊,wemedia_only,2023-02-14 08:34:00,2023-02-14 09:45:00,H->L,risk,1.0,L,2023Q1,37,57,20,1.3331451805938916,0.5924633467569732,0.9328555043196647
难般聊聊,wemedia_only,2023-02-14 09:45:00,2023-02-14 10:19:00,L->M,risk,1.0,M,2023Q1,37,57,20,1.3331451805938916,0.5924633467569732,0.9328555043196647
难般聊聊,wemedia_only,2023-02-14 10:19:00,2023-02-14 13:32:00,M->H,risk,1.0,H,2023Q1,37,57,20,1.3331451805938916,0.5924633467569732,0.9328555043196647
难般聊聊,wemedia_only,2023-02-14 13:32:00,2023-02-14 20:54:00,H->M,risk,1.0,M,2023Q1,37,57,20,1.3331451805938916,0.5924633467569732,0.9328555043196647
难般聊聊,wemedia_only,2023-02-14 20:54:00,2023-02-15 10:15:00,M->H,risk,1.0,H,2023Q1,37,57,20,1.3331451805938916,0.5924633467569732,0.9328555043196647
难般聊聊,wemedia_only,2023-02-15 10:15:00,2023-02-15 11:04:00,H->M,risk,1.0,M,2023Q1,37,57,20,1.3331451805938916,0.5924633467569732,0.9328555043196647
难般聊聊,wemedia_only,2023-02-15 11:04:00,2023-02-16 07:59:00,M->M,risk,1.0,M,2023Q1,37,57,20,1.3331451805938916,0.5924633467569732,0.9328555043196647
难般聊聊,wemedia_only,2023-02-16 07:59:00,2023-02-16 09:10:00,M->H,risk,1.0,H,2023Q1,37,57,20,1.3331451805938916,0.5924633467569732,0.9328555043196647
难般聊聊,wemedia_only,2023-02-16 09:10:00,2023-02-16 12:45:00,H->M,risk,1.0,M,2023Q1,37,57,20,1.3331451805938916,0.5924633467569732,0.9328555043196647
难般聊聊,wemedia_only,2023-02-16 12:45:00,2023-02-16 13:32:00,M->L,risk,1.0,L,2023Q1,37,57,20,1.3331451805938916,0.5924633467569732,0.9328555043196647
难般聊聊,wemedia_only,2023-02-16 13:32:00,2023-02-16 14:31:00,L->M,risk,1.0,M,2023Q1,37,57,20,1.3331451805938916,0.5924633467569732,0.9328555043196647
难般聊聊,wemedia_only,2023-02-16 14:31:00,2023-02-17 08:14:00,M->L,risk,1.0,L,2023Q1,37,57,20,1.3331451805938916,0.5924633467569732,0.9328555043196647
难般聊聊,wemedia_only,2023-02-17 08:14:00,2023-02-17 13:12:00,L->L,risk,0.6666666666666666,L,2023Q1,37,57,20,1.3331451805938916,0.5924633467569732,0.9328555043196647
难般聊聊,wemedia_only,2023-02-17 13:12:00,2023-02-17 14:22:00,L->M,risk,0.6666666666666666,M,2023Q1,37,57,20,1.3331451805938916,0.5924633467569732,0.9328555043196647
难般聊聊,wemedia_only,2023-02-17 14:22:00,2023-02-18 04:11:00,M->M,risk,0.6666666666666666,M,2023Q1,37,57,20,1.3331451805938916,0.5924633467569732,0.9328555043196647
难般聊聊,wemedia_only,2023-02-18 04:11:00,2023-02-18 08:23:00,M->L,risk,1.0,L,2023Q1,37,57,20,1.3331451805938916,0.5924633467569732,0.9328555043196647
难般聊聊,wemedia_only,2023-02-18 08:23:00,2023-02-18 09:52:00,L->M,risk,1.0,M,2023Q1,37,57,20,1.3331451805938916,0.5924633467569732,0.9328555043196647
难般聊聊,wemedia_only,2023-02-18 09:52:00,2023-02-19 08:35:00,M->L,risk,1.0,L,2023Q1,37,57,20,1.3331451805938916,0.5924633467569732,0.9328555043196647
难般聊聊,wemedia_only,2023-02-19 08:35:00,2023-02-19 15:12:00,L->H,risk,1.0,H,2023Q1,37,57,20,1.3331451805938916,0.5924633467569732,0.9328555043196647
难般聊聊,wemedia_only,2023-02-19 15:12:00,2023-02-20 14:58:00,H->M,risk,1.0,M,2023Q1,37,57,20,1.3331451805938916,0.5924633467569732,0.9328555043196647
难般聊聊,wemedia_only,2023-02-20 14:58:00,2023-02-22 16:47:00,M->L,risk,1.0,L,2023Q1,37,57,20,1.3331451805938916,0.5924633467569732,0.9328555043196647
难般聊聊,wemedia_only,2023-02-22 16:47:00,2023-02-25 17:03:00,L->M,risk,1.0,M,2023Q1,37,57,20,1.3331451805938916,0.5924633467569732,0.9328555043196647
难般聊聊,wemedia_only,2023-02-25 17:03:00,2023-02-26 17:18:00,M->M,risk,1.0,M,2023Q1,37,57,20,1.3331451805938916,0.5924633467569732,0.9328555043196647
难般聊聊,wemedia_only,2023-02-26 17:18:00,2023-02-27 09:56:00,M->L,norisk,0.0,L,2023Q1,37,57,20,1.3331451805938916,0.5924633467569732,0.9328555043196647
难般聊聊,wemedia_only,2023-02-27 09:56:00,2023-02-28 09:55:00,L->M,risk,1.0,M,2023Q1,37,57,20,1.3331451805938916,0.5924633467569732,0.9328555043196647
静姐姐吃的学问,wemedia_only,2022-12-31 21:46:00,2023-01-03 19:07:00,M->M,norisk,0.0,M,2023Q1,3,1,3,-0.7476815756655335,-1.066919649856615,-1.0260120687393575
静姐姐吃的学问,wemedia_only,2023-01-03 19:07:00,2023-01-06 18:15:00,M->M,risk,1.0,M,2023Q1,3,1,3,-0.7476815756655335,-1.066919649856615,-1.0260120687393575
马宝琳谈房颤,wemedia_only,2023-02-02 07:52:00,2023-02-02 19:32:00,M->M,risk,1.0,M,2023Q1,12,3,8,-0.673366334370554,-0.5788658273232067,-0.5074882994002046
马宝琳谈房颤,wemedia_only,2023-02-02 19:32:00,2023-02-06 10:42:00,M->M,risk,1.0,M,2023Q1,12,3,8,-0.673366334370554,-0.5788658273232067,-0.5074882994002046
马宝琳谈房颤,wemedia_only,2023-02-06 10:42:00,2023-02-09 19:10:00,M->M,risk,1.0,M,2023Q1,12,3,8,-0.673366334370554,-0.5788658273232067,-0.5074882994002046
马宝琳谈房颤,wemedia_only,2023-02-09 19:10:00,2023-02-10 08:43:00,M->M,risk,1.0,M,2023Q1,12,3,8,-0.673366334370554,-0.5788658273232067,-0.5074882994002046
马宝琳谈房颤,wemedia_only,2023-02-10 08:43:00,2023-02-10 14:38:00,M->M,norisk,0.5,M,2023Q1,12,3,8,-0.673366334370554,-0.5788658273232067,-0.5074882994002046
马宝琳谈房颤,wemedia_only,2023-02-10 14:38:00,2023-02-14 18:58:00,M->M,norisk,0.5,M,2023Q1,12,3,8,-0.673366334370554,-0.5788658273232067,-0.5074882994002046
马宝琳谈房颤,wemedia_only,2023-02-14 18:58:00,2023-02-25 12:10:00,M->M,risk,1.0,M,2023Q1,12,3,8,-0.673366334370554,-0.5788658273232067,-0.5074882994002046
马宝琳谈房颤,wemedia_only,2023-02-25 12:10:00,2023-02-25 21:07:00,M->L,risk,1.0,L,2023Q1,12,3,8,-0.673366334370554,-0.5788658273232067,-0.5074882994002046
黄昏起了雪犹其宁静,wemedia_only,2022-12-01 13:39:00,2022-12-01 13:41:00,H->M,norisk,0.5,M,2022Q4,2,1,1,-0.7476815756655335,-1.2621411788699781,-1.0836258208881524
齐鲁青未了-3,wemedia_only,2022-12-24 09:27:00,2023-01-07 23:35:00,M->M,risk,1.0,M,2023Q1,6,14,6,-0.26463250724816695,-0.77408735633657,-0.8531708122929732
