user_name,n_posts,n_transitions,exposure_group,n_total_interactions,active_days,first_post_month,upgrade_rate,cooling_rate,stable_rate,H->H,p_H->H,H->M,p_H->M,H->L,p_H->L,M->H,p_M->H,M->M,p_M->M,M->L,p_M->L,L->H,p_L->H,L->M,p_L->M,L->L,p_L->L
-朱妈妈,4,3,no_media,0,1,2023-02,0.0,0.0,1.0,0,0.0,0,0.0,0,0.0,0,0.0,3,1.0,0,0.0,0,0.0,0,0.0,0,0.0
-食品与养生-,3,2,mainstream_only,8,3,2023-02,0.0,0.0,1.0,0,0.0,0,0.0,0,0.0,0,0.0,2,1.0,0,0.0,0,0.0,0,0.0,0,0.0
021视频,4,3,no_media,0,3,2022-12,0.0,0.0,1.0,0,0.0,0,0.0,0,0.0,0,0.0,3,1.0,0,0.0,0,0.0,0,0.0,0,0.0
1011陕西秦腔广播,3,2,no_media,0,2,2022-12,0.0,0.0,1.0,0,0.0,0,0.0,0,0.0,0,0.0,2,1.0,0,0.0,0,0.0,0,0.0,0,0.0
123和雅音,2,1,dual,3,1,2023-02,1.0,0.0,0.0,0,0.0,0,0.0,0,0.0,1,1.0,0,0.0,0,0.0,0,0.0,0,0.0,0,0.0
2013静笃,3,2,no_media,8,3,2023-01,0.5,0.5,0.0,0,0.0,1,0.5,0,0.0,1,0.5,0,0.0,0,0.0,0,0.0,0,0.0,0,0.0
365-厦门大雨,2,1,no_media,0,2,2023-01,0.0,0.0,0.0,0,0.0,0,0.0,0,0.0,0,0.0,0,0.0,1,1.0,0,0.0,0,0.0,0,0.0
911苏州新闻广播,2,1,mainstream_only,1,2,2022-10,0.0,0.0,1.0,0,0.0,0,0.0,0,0.0,0,0.0,1,1.0,0,0.0,0,0.0,0,0.0,0,0.0
Achen-阿晨,3,2,no_media,0,3,2022-12,0.0,0.0,0.0,0,0.0,0,0.0,0,0.0,0,0.0,0,0.0,0,0.0,0,0.0,0,0.0,2,1.0
Annann-陈言,4,3,no_media,0,4,2023-01,0.0,0.0,0.3333333333333333,0,0.0,0,0.0,0,0.0,0,0.0,1,0.3333333333333333,0,0.0,0,0.0,1,0.3333333333333333,1,0.3333333333333333
A大的遊戲晉級了,2,1,mainstream_only,7,2,2022-12,0.0,0.0,1.0,0,0.0,0,0.0,0,0.0,0,0.0,1,1.0,0,0.0,0,0.0,0,0.0,0,0.0
A退伍军人,2,1,mainstream_only,1,2,2022-12,0.0,0.0,1.0,0,0.0,0,0.0,0,0.0,0,0.0,1,1.0,0,0.0,0,0.0,0,0.0,0,0.0
Baby__砻and蕊,2,1,no_media,0,2,2022-12,0.0,1.0,0.0,0,0.0,0,0.0,1,1.0,0,0.0,0,0.0,0,0.0,0,0.0,0,0.0,0,0.0
Bobo-芃芃,2,1,no_media,0,2,2022-12,0.0,0.0,0.0,0,0.0,0,0.0,0,0.0,0,0.0,0,0.0,0,0.0,0,0.0,0,0.0,1,1.0
CGTN,7,6,no_media,0,7,2022-10,0.0,0.0,1.0,0,0.0,0,0.0,0,0.0,0,0.0,6,1.0,0,0.0,0,0.0,0,0.0,0,0.0
Danny赖,2,1,no_media,0,2,2022-12,0.0,0.0,0.0,0,0.0,0,0.0,0,0.0,0,0.0,0,0.0,0,0.0,0,0.0,0,0.0,1,1.0
Dr嘚嘚,4,3,wemedia_only,2,4,2022-10,0.0,0.0,0.6666666666666666,0,0.0,0,0.0,0,0.0,0,0.0,2,0.6666666666666666,0,0.0,0,0.0,1,0.3333333333333333,0,0.0
Eva·Art,3,2,no_media,0,3,2022-12,0.0,0.0,0.0,0,0.0,0,0.0,0,0.0,0,0.0,0,0.0,1,0.5,0,0.0,1,0.5,0,0.0
FM955大医生来了,2,1,no_media,0,2,2023-01,0.0,0.0,1.0,0,0.0,0,0.0,0,0.0,0,0.0,1,1.0,0,0.0,0,0.0,0,0.0,0,0.0
FrancesCJ,2,1,mainstream_only,1,1,2022-12,0.0,0.0,1.0,0,0.0,0,0.0,0,0.0,0,0.0,1,1.0,0,0.0,0,0.0,0,0.0,0,0.0
Fungi1314,2,1,mainstream_only,8,2,2023-02,0.0,1.0,0.0,0,0.0,1,1.0,0,0.0,0,0.0,0,0.0,0,0.0,0,0.0,0,0.0,0,0.0
GEM-NMN,4,3,no_media,0,4,2023-01,0.0,0.0,1.0,0,0.0,0,0.0,0,0.0,0,0.0,3,1.0,0,0.0,0,0.0,0,0.0,0,0.0
Gorgeous_Hope,5,4,no_media,3,5,2023-01,0.0,0.0,0.75,0,0.0,0,0.0,0,0.0,0,0.0,3,0.75,1,0.25,0,0.0,0,0.0,0,0.0
Gounun经典,5,4,no_media,0,4,2022-12,0.0,0.0,1.0,0,0.0,0,0.0,0,0.0,0,0.0,4,1.0,0,0.0,0,0.0,0,0.0,0,0.0
HomeTest丁妈家庭实验室,2,1,no_media,0,2,2023-01,0.0,0.0,1.0,0,0.0,0,0.0,0,0.0,0,0.0,1,1.0,0,0.0,0,0.0,0,0.0,0,0.0
IStarive,2,1,no_media,0,2,2022-12,0.0,0.0,0.0,0,0.0,0,0.0,0,0.0,0,0.0,0,0.0,0,0.0,0,0.0,0,0.0,1,1.0
IssacOnly,4,3,wemedia_only,10,3,2023-02,0.0,0.0,0.6666666666666666,0,0.0,0,0.0,0,0.0,0,0.0,2,0.6666666666666666,0,0.0,0,0.0,1,0.3333333333333333,0,0.0
JohnnieWalker_,2,1,no_media,0,2,2023-01,0.0,0.0,0.0,0,0.0,0,0.0,0,0.0,0,0.0,0,0.0,0,0.0,0,0.0,0,0.0,1,1.0
Jokielicious,3,2,no_media,8,2,2022-10,0.0,0.5,0.5,0,0.0,1,0.5,0,0.0,0,0.0,1,0.5,0,0.0,0,0.0,0,0.0,0,0.0
Kamaria清和,2,1,no_media,3,2,2022-12,0.0,0.0,0.0,1,1.0,0,0.0,0,0.0,0,0.0,0,0.0,0,0.0,0,0.0,0,0.0,0,0.0
K少家的阿菲,2,1,wemedia_only,2,1,2023-02,0.0,0.0,1.0,0,0.0,0,0.0,0,0.0,0,0.0,1,1.0,0,0.0,0,0.0,0,0.0,0,0.0
L__-__L,2,1,no_media,20,2,2023-01,0.0,1.0,0.0,0,0.0,0,0.0,1,1.0,0,0.0,0,0.0,0,0.0,0,0.0,0,0.0,0,0.0
Li了个梨,2,1,no_media,6,1,2022-12,0.0,0.0,0.0,0,0.0,0,0.0,0,0.0,0,0.0,0,0.0,0,0.0,0,0.0,0,0.0,1,1.0
MNT筋膜空间平衡,3,2,no_media,0,2,2023-02,0.0,0.0,1.0,0,0.0,0,0.0,0,0.0,0,0.0,2,1.0,0,0.0,0,0.0,0,0.0,0,0.0
Mozakii,2,1,no_media,1,2,2022-12,0.0,0.0,0.0,0,0.0,0,0.0,0,0.0,0,0.0,0,0.0,0,0.0,0,0.0,1,1.0,0,0.0
MusicFM993,4,3,no_media,0,3,2022-12,0.0,0.0,1.0,0,0.0,0,0.0,0,0.0,0,0.0,3,1.0,0,0.0,0,0.0,0,0.0,0,0.0
NOSTUPID3,3,2,wemedia_only,19,2,2023-02,0.0,0.5,0.5,0,0.0,1,0.5,0,0.0,0,0.0,1,0.5,0,0.0,0,0.0,0,0.0,0,0.0
N视频,2,1,no_media,0,2,2022-12,0.0,0.0,1.0,0,0.0,0,0.0,0,0.0,0,0.0,1,1.0,0,0.0,0,0.0,0,0.0,0,0.0
PretendCole,2,1,no_media,0,2,2023-01,0.0,0.0,0.0,0,0.0,0,0.0,0,0.0,0,0.0,0,0.0,0,0.0,0,0.0,0,0.0,1,1.0
QH岐黄网,9,8,no_media,0,8,2022-10,0.0,0.0,1.0,0,0.0,0,0.0,0,0.0,0,0.0,8,1.0,0,0.0,0,0.0,0,0.0,0,0.0
Qianniansea,2,1,wemedia_only,4,2,2023-02,0.0,1.0,0.0,0,0.0,1,1.0,0,0.0,0,0.0,0,0.0,0,0.0,0,0.0,0,0.0,0,0.0
SARS_VOC_Tracker,2,1,no_media,0,2,2023-01,0.0,0.0,1.0,0,0.0,0,0.0,0,0.0,0,0.0,1,1.0,0,0.0,0,0.0,0,0.0,0,0.0
SODAsogagaga,4,3,no_media,1,3,2022-12,0.0,0.0,0.0,0,0.0,0,0.0,0,0.0,0,0.0,0,0.0,1,0.3333333333333333,0,0.0,1,0.3333333333333333,1,0.3333333333333333
SUNSHINE雅雅666,3,2,no_media,5,2,2023-01,0.0,0.5,0.0,1,0.5,0,0.0,1,0.5,0,0.0,0,0.0,0,0.0,0,0.0,0,0.0,0,0.0
Seien是一条大咸鱼,2,1,no_media,0,1,2023-02,0.0,1.0,0.0,0,0.0,0,0.0,1,1.0,0,0.0,0,0.0,0,0.0,0,0.0,0,0.0,0,0.0
V新派网,2,1,no_media,0,2,2023-01,0.0,0.0,1.0,0,0.0,0,0.0,0,0.0,0,0.0,1,1.0,0,0.0,0,0.0,0,0.0,0,0.0
Y1ZE,4,3,no_media,0,3,2022-11,0.0,0.0,1.0,0,0.0,0,0.0,0,0.0,0,0.0,3,1.0,0,0.0,0,0.0,0,0.0,0,0.0
YG-iiiiiii,2,1,no_media,4,2,2022-12,0.0,1.0,0.0,0,0.0,1,1.0,0,0.0,0,0.0,0,0.0,0,0.0,0,0.0,0,0.0,0,0.0
YS_鸭比,2,1,no_media,0,1,2022-12,0.0,1.0,0.0,0,0.0,0,0.0,1,1.0,0,0.0,0,0.0,0,0.0,0,0.0,0,0.0,0,0.0
ZYZY_1219,2,1,no_media,1,2,2022-12,0.0,0.0,1.0,0,0.0,0,0.0,0,0.0,0,0.0,1,1.0,0,0.0,0,0.0,0,0.0,0,0.0
Zenobruto,4,3,mainstream_only,8,4,2022-11,0.3333333333333333,0.0,0.6666666666666666,0,0.0,0,0.0,0,0.0,1,0.3333333333333333,2,0.6666666666666666,0,0.0,0,0.0,0,0.0,0,0.0
Zoe_DD,2,1,no_media,1,2,2023-02,0.0,1.0,0.0,0,0.0,0,0.0,1,1.0,0,0.0,0,0.0,0,0.0,0,0.0,0,0.0,0,0.0
__睡不醒小姐,2,1,no_media,0,2,2022-12,0.0,0.0,0.0,0,0.0,0,0.0,0,0.0,0,0.0,0,0.0,0,0.0,0,0.0,0,0.0,1,1.0
_阿阿阿阿阿晶er,2,1,wemedia_only,2,2,2023-01,0.0,0.0,0.0,0,0.0,0,0.0,0,0.0,0,0.0,0,0.0,0,0.0,0,0.0,0,0.0,1,1.0
baby-unicorn,2,1,dual,28,2,2022-12,0.0,0.0,1.0,0,0.0,0,0.0,0,0.0,0,0.0,1,1.0,0,0.0,0,0.0,0,0.0,0,0.0
evanfink西瓜,2,1,no_media,0,2,2023-01,0.0,1.0,0.0,0,0.0,1,1.0,0,0.0,0,0.0,0,0.0,0,0.0,0,0.0,0,0.0,0,0.0
huabiwei,2,1,dual,18,2,2023-02,0.0,1.0,0.0,0,0.0,1,1.0,0,0.0,0,0.0,0,0.0,0,0.0,0,0.0,0,0.0,0,0.0
loskyyyyloccyy,3,2,wemedia_only,4,2,2023-01,0.0,0.0,1.0,0,0.0,0,0.0,0,0.0,0,0.0,2,1.0,0,0.0,0,0.0,0,0.0,0,0.0
lrine伊琳,2,1,wemedia_only,2,2,2022-12,0.0,0.0,0.0,0,0.0,0,0.0,0,0.0,0,0.0,0,0.0,0,0.0,0,0.0,0,0.0,1,1.0
myra就是笙於,2,1,mainstream_only,7,1,2022-12,0.0,0.0,1.0,0,0.0,0,0.0,0,0.0,0,0.0,1,1.0,0,0.0,0,0.0,0,0.0,0,0.0
nan晨露,2,1,no_media,0,2,2022-12,0.0,1.0,0.0,0,0.0,0,0.0,1,1.0,0,0.0,0,0.0,0,0.0,0,0.0,0,0.0,0,0.0
ousmz,2,1,wemedia_only,25,2,2023-02,0.0,0.0,1.0,0,0.0,0,0.0,0,0.0,0,0.0,1,1.0,0,0.0,0,0.0,0,0.0,0,0.0
sanna-sanna,9,8,no_media,7,8,2022-10,0.125,0.125,0.75,0,0.0,1,0.125,0,0.0,1,0.125,6,0.75,0,0.0,0,0.0,0,0.0,0,0.0
xiangxiang713,2,1,no_media,0,1,2023-01,0.0,1.0,0.0,0,0.0,0,0.0,1,1.0,0,0.0,0,0.0,0,0.0,0,0.0,0,0.0,0,0.0
yayahuhu,2,1,no_media,0,2,2023-01,0.0,0.0,0.0,0,0.0,0,0.0,0,0.0,0,0.0,0,0.0,1,1.0,0,0.0,0,0.0,0,0.0
一个人的街角zt,2,1,no_media,14,2,2023-01,0.0,0.0,0.0,1,1.0,0,0.0,0,0.0,0,0.0,0,0.0,0,0.0,0,0.0,0,0.0,0,0.0
七环视频,8,7,no_media,0,5,2022-10,0.0,0.0,1.0,0,0.0,0,0.0,0,0.0,0,0.0,7,1.0,0,0.0,0,0.0,0,0.0,0,0.0
万州发布,4,3,no_media,0,4,2022-12,0.0,0.0,1.0,0,0.0,0,0.0,0,0.0,0,0.0,3,1.0,0,0.0,0,0.0,0,0.0,0,0.0
三亚日报,3,2,no_media,0,3,2022-12,0.0,0.0,1.0,0,0.0,0,0.0,0,0.0,0,0.0,2,1.0,0,0.0,0,0.0,0,0.0,0,0.0
三思逍遥,3,2,no_media,8,3,2022-10,0.0,0.0,1.0,0,0.0,0,0.0,0,0.0,0,0.0,2,1.0,0,0.0,0,0.0,0,0.0,0,0.0
三水之诗,3,2,no_media,2,3,2023-01,0.0,0.5,0.0,0,0.0,0,0.0,1,0.5,0,0.0,0,0.0,0,0.0,0,0.0,0,0.0,1,0.5
三秦都市报,3,2,no_media,0,3,2022-11,0.0,0.0,1.0,0,0.0,0,0.0,0,0.0,0,0.0,2,1.0,0,0.0,0,0.0,0,0.0,0,0.0
三联生活周刊,17,16,no_media,0,14,2022-10,0.0,0.0,1.0,0,0.0,0,0.0,0,0.0,0,0.0,16,1.0,0,0.0,0,0.0,0,0.0,0,0.0
上海体育发布,3,2,no_media,0,3,2022-11,0.0,0.0,1.0,0,0.0,0,0.0,0,0.0,0,0.0,2,1.0,0,0.0,0,0.0,0,0.0,0,0.0
上海反邪教,2,1,no_media,0,2,2023-01,0.0,0.0,1.0,0,0.0,0,0.0,0,0.0,0,0.0,1,1.0,0,0.0,0,0.0,0,0.0,0,0.0
上海发布,4,3,no_media,0,3,2022-12,0.0,0.0,1.0,0,0.0,0,0.0,0,0.0,0,0.0,3,1.0,0,0.0,0,0.0,0,0.0,0,0.0
上海奉贤发布,9,8,no_media,0,8,2022-12,0.125,0.125,0.75,0,0.0,1,0.125,0,0.0,1,0.125,6,0.75,0,0.0,0,0.0,0,0.0,0,0.0
上海宝山发布,3,2,no_media,0,3,2022-12,0.0,0.0,1.0,0,0.0,0,0.0,0,0.0,0,0.0,2,1.0,0,0.0,0,0.0,0,0.0,0,0.0
上海徐汇发布,8,7,no_media,0,7,2022-10,0.0,0.0,1.0,0,0.0,0,0.0,0,0.0,0,0.0,7,1.0,0,0.0,0,0.0,0,0.0,0,0.0
上海松江发布,10,9,no_media,0,8,2022-10,0.0,0.0,1.0,0,0.0,0,0.0,0,0.0,0,0.0,9,1.0,0,0.0,0,0.0,0,0.0,0,0.0
上海虹口,13,12,no_media,0,9,2022-12,0.0,0.0,1.0,0,0.0,0,0.0,0,0.0,0,0.0,12,1.0,0,0.0,0,0.0,0,0.0,0,0.0
上海静安,5,4,no_media,0,5,2022-12,0.0,0.0,1.0,0,0.0,0,0.0,0,0.0,0,0.0,4,1.0,0,0.0,0,0.0,0,0.0,0,0.0
上游新闻,11,10,no_media,0,10,2022-10,0.0,0.0,1.0,0,0.0,0,0.0,0,0.0,0,0.0,10,1.0,0,0.0,0,0.0,0,0.0,0,0.0
上观新闻,6,5,no_media,0,6,2022-12,0.0,0.0,1.0,0,0.0,0,0.0,0,0.0,0,0.0,5,1.0,0,0.0,0,0.0,0,0.0,0,0.0
不zuo的ph-4,3,2,wemedia_only,19,2,2023-02,0.5,0.0,0.5,0,0.0,0,0.0,0,0.0,1,0.5,1,0.5,0,0.0,0,0.0,0,0.0,0,0.0
不吃糖不吃糖就是不吃糖,2,1,wemedia_only,16,2,2023-02,0.0,0.0,1.0,0,0.0,0,0.0,0,0.0,0,0.0,1,1.0,0,0.0,0,0.0,0,0.0,0,0.0
不如遇春风,3,2,no_media,2,3,2022-12,0.0,0.5,0.5,0,0.0,1,0.5,0,0.0,0,0.0,1,0.5,0,0.0,0,0.0,0,0.0,0,0.0
不爱吃粽子的蜗牛,7,6,mainstream_only,8,5,2022-10,0.16666666666666666,0.16666666666666666,0.6666666666666666,0,0.0,1,0.16666666666666666,0,0.0,1,0.16666666666666666,4,0.6666666666666666,0,0.0,0,0.0,0,0.0,0,0.0
且慢明朝,3,2,wemedia_only,1,2,2022-10,0.0,0.5,0.0,1,0.5,1,0.5,0,0.0,0,0.0,0,0.0,0,0.0,0,0.0,0,0.0,0,0.0
东南早报,10,9,no_media,0,9,2022-12,0.0,0.0,1.0,0,0.0,0,0.0,0,0.0,0,0.0,9,1.0,0,0.0,0,0.0,0,0.0,0,0.0
东方圣城网,23,22,no_media,0,17,2022-11,0.0,0.0,0.9090909090909091,0,0.0,0,0.0,0,0.0,0,0.0,20,0.9090909090909091,1,0.045454545454545456,0,0.0,1,0.045454545454545456,0,0.0
东方网,5,4,no_media,0,5,2022-10,0.0,0.0,1.0,0,0.0,0,0.0,0,0.0,0,0.0,4,1.0,0,0.0,0,0.0,0,0.0,0,0.0
东营广播电视台,11,10,no_media,0,11,2022-11,0.0,0.0,1.0,0,0.0,0,0.0,0,0.0,0,0.0,10,1.0,0,0.0,0,0.0,0,0.0,0,0.0
东营网警,2,1,no_media,0,2,2022-12,0.0,0.0,1.0,0,0.0,0,0.0,0,0.0,0,0.0,1,1.0,0,0.0,0,0.0,0,0.0,0,0.0
东西湖发布,2,1,no_media,0,2,2023-01,0.0,0.0,1.0,0,0.0,0,0.0,0,0.0,0,0.0,1,1.0,0,0.0,0,0.0,0,0.0,0,0.0
中医刘茜檬,6,5,wemedia_only,10,5,2023-02,0.0,0.0,1.0,0,0.0,0,0.0,0,0.0,0,0.0,5,1.0,0,0.0,0,0.0,0,0.0,0,0.0
中医周晓卿主任,7,6,no_media,0,7,2023-01,0.0,0.0,0.8333333333333334,0,0.0,0,0.0,0,0.0,0,0.0,5,0.8333333333333334,0,0.0,0,0.0,1,0.16666666666666666,0,0.0
中医田应旭,6,5,wemedia_only,99,4,2023-02,0.0,0.0,1.0,0,0.0,0,0.0,0,0.0,0,0.0,5,1.0,0,0.0,0,0.0,0,0.0,0,0.0
中医米奇,9,8,no_media,1,5,2023-02,0.0,0.0,0.5,0,0.0,0,0.0,0,0.0,0,0.0,4,0.5,2,0.25,0,0.0,2,0.25,0,0.0
中医肖阁敏,2,1,no_media,7,2,2022-11,0.0,0.0,1.0,0,0.0,0,0.0,0,0.0,0,0.0,1,1.0,0,0.0,0,0.0,0,0.0,0,0.0
中医范圣华,14,13,wemedia_only,6,14,2023-01,0.0,0.0,1.0,0,0.0,0,0.0,0,0.0,0,0.0,13,1.0,0,0.0,0,0.0,0,0.0,0,0.0
中国中医药报,18,17,no_media,0,17,2022-12,0.0,0.0,1.0,0,0.0,0,0.0,0,0.0,0,0.0,17,1.0,0,0.0,0,0.0,0,0.0,0,0.0
中国互联网联合辟谣平台,4,3,no_media,0,4,2022-12,0.0,0.0,1.0,0,0.0,0,0.0,0,0.0,0,0.0,3,1.0,0,0.0,0,0.0,0,0.0,0,0.0
中国吉林网,4,3,no_media,0,4,2022-12,0.0,0.0,1.0,0,0.0,0,0.0,0,0.0,0,0.0,3,1.0,0,0.0,0,0.0,0,0.0,0,0.0
中国商报,4,3,no_media,0,4,2022-11,0.0,0.0,1.0,0,0.0,0,0.0,0,0.0,0,0.0,3,1.0,0,0.0,0,0.0,0,0.0,0,0.0
中国宁波网,3,2,no_media,0,3,2022-12,0.0,0.0,1.0,0,0.0,0,0.0,0,0.0,0,0.0,2,1.0,0,0.0,0,0.0,0,0.0,0,0.0
中国教育报,5,4,no_media,0,5,2022-12,0.0,0.0,1.0,0,0.0,0,0.0,0,0.0,0,0.0,4,1.0,0,0.0,0,0.0,0,0.0,0,0.0
中国新闻社,5,4,no_media,0,5,2022-12,0.0,0.0,1.0,0,0.0,0,0.0,0,0.0,0,0.0,4,1.0,0,0.0,0,0.0,0,0.0,0,0.0
中国日报-英语点津,3,2,no_media,0,3,2022-12,0.0,0.0,1.0,0,0.0,0,0.0,0,0.0,0,0.0,2,1.0,0,0.0,0,0.0,0,0.0,0,0.0
中国日报中文网,2,1,no_media,0,2,2022-12,0.0,0.0,1.0,0,0.0,0,0.0,0,0.0,0,0.0,1,1.0,0,0.0,0,0.0,0,0.0,0,0.0
中国日报网,14,13,no_media,0,10,2022-12,0.0,0.0,1.0,0,0.0,0,0.0,0,0.0,0,0.0,13,1.0,0,0.0,0,0.0,0,0.0,0,0.0
中国水运报,4,3,no_media,0,4,2022-11,0.0,0.0,1.0,0,0.0,0,0.0,0,0.0,0,0.0,3,1.0,0,0.0,0,0.0,0,0.0,0,0.0
中国江苏网,7,6,no_media,0,6,2022-12,0.0,0.0,1.0,0,0.0,0,0.0,0,0.0,0,0.0,6,1.0,0,0.0,0,0.0,0,0.0,0,0.0
中国消费者报,2,1,no_media,0,2,2022-12,0.0,0.0,1.0,0,0.0,0,0.0,0,0.0,0,0.0,1,1.0,0,0.0,0,0.0,0,0.0,0,0.0
中国环境,2,1,no_media,0,2,2023-01,0.0,0.0,1.0,0,0.0,0,0.0,0,0.0,0,0.0,1,1.0,0,0.0,0,0.0,0,0.0,0,0.0
中国科普网,2,1,no_media,0,2,2022-11,0.0,0.0,1.0,0,0.0,0,0.0,0,0.0,0,0.0,1,1.0,0,0.0,0,0.0,0,0.0,0,0.0
中国经济周刊,6,5,no_media,0,6,2022-10,0.0,0.0,1.0,0,0.0,0,0.0,0,0.0,0,0.0,5,1.0,0,0.0,0,0.0,0,0.0,0,0.0
中国绿发会,2,1,no_media,0,2,2023-02,0.0,0.0,1.0,0,0.0,0,0.0,0,0.0,0,0.0,1,1.0,0,0.0,0,0.0,0,0.0,0,0.0
中国网,5,4,no_media,0,5,2022-12,0.0,0.0,1.0,0,0.0,0,0.0,0,0.0,0,0.0,4,1.0,0,0.0,0,0.0,0,0.0,0,0.0
中国网新闻中心,10,9,no_media,0,9,2022-10,0.0,0.0,1.0,0,0.0,0,0.0,0,0.0,0,0.0,9,1.0,0,0.0,0,0.0,0,0.0,0,0.0
中国网财经,18,17,no_media,0,15,2022-11,0.0,0.0,1.0,0,0.0,0,0.0,0,0.0,0,0.0,17,1.0,0,0.0,0,0.0,0,0.0,0,0.0
中国青年网,7,6,no_media,0,6,2022-12,0.0,0.0,1.0,0,0.0,0,0.0,0,0.0,0,0.0,6,1.0,0,0.0,0,0.0,0,0.0,0,0.0
中宏网,12,11,no_media,0,12,2022-11,0.0,0.0,1.0,0,0.0,0,0.0,0,0.0,0,0.0,11,1.0,0,0.0,0,0.0,0,0.0,0,0.0
中工网,14,13,no_media,0,12,2022-12,0.0,0.0,1.0,0,0.0,0,0.0,0,0.0,0,0.0,13,1.0,0,0.0,0,0.0,0,0.0,0,0.0
中新浙里,8,7,no_media,0,7,2022-12,0.0,0.0,1.0,0,0.0,0,0.0,0,0.0,0,0.0,7,1.0,0,0.0,0,0.0,0,0.0,0,0.0
中新社福建,2,1,no_media,0,2,2022-10,0.0,0.0,1.0,0,0.0,0,0.0,0,0.0,0,0.0,1,1.0,0,0.0,0,0.0,0,0.0,0,0.0
中新网海南,4,3,no_media,0,4,2022-10,0.0,0.0,1.0,0,0.0,0,0.0,0,0.0,0,0.0,3,1.0,0,0.0,0,0.0,0,0.0,0,0.0
中新视频,3,2,no_media,0,3,2022-10,0.0,0.0,1.0,0,0.0,0,0.0,0,0.0,0,0.0,2,1.0,0,0.0,0,0.0,0,0.0,0,0.0
中科大胡不归,7,6,no_media,0,7,2022-10,0.0,0.0,1.0,0,0.0,0,0.0,0,0.0,0,0.0,6,1.0,0,0.0,0,0.0,0,0.0,0,0.0
中西医结合医学微博,8,7,dual,21,6,2023-02,0.0,0.0,1.0,0,0.0,0,0.0,0,0.0,0,0.0,7,1.0,0,0.0,0,0.0,0,0.0,0,0.0
中警安徽,2,1,no_media,0,1,2022-12,0.0,0.0,1.0,0,0.0,0,0.0,0,0.0,0,0.0,1,1.0,0,0.0,0,0.0,0,0.0,0,0.0
丰铝WV,2,1,no_media,0,2,2023-01,0.0,0.0,1.0,0,0.0,0,0.0,0,0.0,0,0.0,1,1.0,0,0.0,0,0.0,0,0.0,0,0.0
临沂发布,2,1,no_media,0,2,2022-12,0.0,0.0,1.0,0,0.0,0,0.0,0,0.0,0,0.0,1,1.0,0,0.0,0,0.0,0,0.0,0,0.0
临沂日报,3,2,no_media,0,3,2022-11,0.5,0.0,0.5,0,0.0,0,0.0,0,0.0,1,0.5,1,0.5,0,0.0,0,0.0,0,0.0,0,0.0
临沧政法,3,2,mainstream_only,4,2,2022-12,0.0,0.0,1.0,0,0.0,0,0.0,0,0.0,0,0.0,2,1.0,0,0.0,0,0.0,0,0.0,0,0.0
临渭检察,34,33,no_media,0,13,2022-10,0.0,0.0,1.0,0,0.0,0,0.0,0,0.0,0,0.0,33,1.0,0,0.0,0,0.0,0,0.0,0,0.0
为曼巴烽狂,3,2,no_media,1,3,2022-12,0.0,0.0,0.0,0,0.0,0,0.0,0,0.0,0,0.0,0,0.0,1,0.5,0,0.0,0,0.0,1,0.5
主播李蔚,2,1,no_media,0,1,2022-11,0.0,0.0,1.0,0,0.0,0,0.0,0,0.0,0,0.0,1,1.0,0,0.0,0,0.0,0,0.0,0,0.0
乌兰浩特政法,10,9,mainstream_only,8,8,2022-10,0.0,0.0,1.0,0,0.0,0,0.0,0,0.0,0,0.0,9,1.0,0,0.0,0,0.0,0,0.0,0,0.0
二猪,3,2,mainstream_only,7,1,2023-02,0.0,0.0,1.0,0,0.0,0,0.0,0,0.0,0,0.0,2,1.0,0,0.0,0,0.0,0,0.0,0,0.0
云南发布,10,9,no_media,0,9,2022-12,0.0,0.0,1.0,0,0.0,0,0.0,0,0.0,0,0.0,9,1.0,0,0.0,0,0.0,0,0.0,0,0.0
云南政法,23,22,mainstream_only,3,17,2022-10,0.0,0.0,1.0,0,0.0,0,0.0,0,0.0,0,0.0,22,1.0,0,0.0,0,0.0,0,0.0,0,0.0
云南法制报,2,1,no_media,0,2,2022-12,0.0,0.0,1.0,0,0.0,0,0.0,0,0.0,0,0.0,1,1.0,0,0.0,0,0.0,0,0.0,0,0.0
云南网,4,3,no_media,0,4,2022-12,0.0,0.0,1.0,0,0.0,0,0.0,0,0.0,0,0.0,3,1.0,0,0.0,0,0.0,0,0.0,0,0.0
云夏kylin,2,1,no_media,0,1,2022-12,0.0,0.0,0.0,0,0.0,0,0.0,0,0.0,0,0.0,0,0.0,0,0.0,0,0.0,0,0.0,1,1.0
互因科技,5,4,no_media,0,5,2022-12,0.0,0.0,1.0,0,0.0,0,0.0,0,0.0,0,0.0,4,1.0,0,0.0,0,0.0,0,0.0,0,0.0
亳州晚报,9,8,no_media,0,8,2022-12,0.0,0.0,1.0,0,0.0,0,0.0,0,0.0,0,0.0,8,1.0,0,0.0,0,0.0,0,0.0,0,0.0
亳州检察,2,1,no_media,0,2,2023-01,0.0,0.0,1.0,0,0.0,0,0.0,0,0.0,0,0.0,1,1.0,0,0.0,0,0.0,0,0.0,0,0.0
人民政协报,12,11,no_media,0,11,2022-11,0.0,0.0,1.0,0,0.0,0,0.0,0,0.0,0,0.0,11,1.0,0,0.0,0,0.0,0,0.0,0,0.0
人民政协网,11,10,no_media,0,10,2022-11,0.0,0.0,1.0,0,0.0,0,0.0,0,0.0,0,0.0,10,1.0,0,0.0,0,0.0,0,0.0,0,0.0
人民日报健康客户端,14,13,mainstream_only,1,13,2023-02,0.0,0.0,1.0,0,0.0,0,0.0,0,0.0,0,0.0,13,1.0,0,0.0,0,0.0,0,0.0,0,0.0
人民日报海外版-海外网,4,3,no_media,0,4,2022-12,0.0,0.0,1.0,0,0.0,0,0.0,0,0.0,0,0.0,3,1.0,0,0.0,0,0.0,0,0.0,0,0.0
人民网云南频道,2,1,no_media,0,2,2022-12,0.0,0.0,1.0,0,0.0,0,0.0,0,0.0,0,0.0,1,1.0,0,0.0,0,0.0,0,0.0,0,0.0
人民网河南频道,24,23,no_media,0,20,2022-10,0.0,0.0,1.0,0,0.0,0,0.0,0,0.0,0,0.0,23,1.0,0,0.0,0,0.0,0,0.0,0,0.0
人民网湖北频道,3,2,no_media,0,3,2022-11,0.0,0.0,1.0,0,0.0,0,0.0,0,0.0,0,0.0,2,1.0,0,0.0,0,0.0,0,0.0,0,0.0
今日剑川,4,3,mainstream_only,5,4,2023-02,0.0,0.0,1.0,0,0.0,0,0.0,0,0.0,0,0.0,3,1.0,0,0.0,0,0.0,0,0.0,0,0.0
今日女报,6,5,no_media,0,6,2022-12,0.0,0.0,0.8,0,0.0,0,0.0,0,0.0,0,0.0,4,0.8,1,0.2,0,0.0,0,0.0,0,0.0
伊仕生物美赞医学检验所,2,1,no_media,0,2,2023-02,0.0,0.0,1.0,0,0.0,0,0.0,0,0.0,0,0.0,1,1.0,0,0.0,0,0.0,0,0.0,0,0.0
会宁发布,2,1,no_media,0,1,2022-12,0.0,0.0,1.0,0,0.0,0,0.0,0,0.0,0,0.0,1,1.0,0,0.0,0,0.0,0,0.0,0,0.0
会泽政法,2,1,mainstream_only,5,1,2022-12,0.0,0.0,1.0,0,0.0,0,0.0,0,0.0,0,0.0,1,1.0,0,0.0,0,0.0,0,0.0,0,0.0
传说otto,6,5,no_media,3,5,2023-01,0.0,0.2,0.2,1,0.2,1,0.2,0,0.0,0,0.0,1,0.2,1,0.2,0,0.0,1,0.2,0,0.0
佛门之生,4,3,no_media,0,2,2023-02,0.0,0.0,0.0,3,1.0,0,0.0,0,0.0,0,0.0,0,0.0,0,0.0,0,0.0,0,0.0,0,0.0
你好啊_493,2,1,mainstream_only,5,1,2023-02,0.0,0.0,1.0,0,0.0,0,0.0,0,0.0,0,0.0,1,1.0,0,0.0,0,0.0,0,0.0,0,0.0
你想弄死我咋地,2,1,no_media,0,2,2023-01,0.0,0.0,0.0,0,0.0,0,0.0,0,0.0,0,0.0,0,0.0,0,0.0,0,0.0,0,0.0,1,1.0
依依的1985,2,1,wemedia_only,8,1,2023-02,0.0,0.0,1.0,0,0.0,0,0.0,0,0.0,0,0.0,1,1.0,0,0.0,0,0.0,0,0.0,0,0.0
侠客岛,7,6,no_media,0,5,2022-11,0.0,0.0,1.0,0,0.0,0,0.0,0,0.0,0,0.0,6,1.0,0,0.0,0,0.0,0,0.0,0,0.0
倪佩婕PeggyNie,6,5,wemedia_only,2,6,2022-12,0.0,0.0,0.2,0,0.0,0,0.0,0,0.0,0,0.0,1,0.2,2,0.4,0,0.0,2,0.4,0,0.0
偏头痛社区,4,3,no_media,1,4,2022-12,0.0,0.0,0.6666666666666666,0,0.0,0,0.0,0,0.0,0,0.0,2,0.6666666666666666,1,0.3333333333333333,0,0.0,0,0.0,0,0.0
健康中国,19,18,no_media,0,15,2022-11,0.0,0.0,1.0,0,0.0,0,0.0,0,0.0,0,0.0,18,1.0,0,0.0,0,0.0,0,0.0,0,0.0
健康日报,30,29,no_media,0,21,2022-10,0.034482758620689655,0.0,0.9310344827586207,1,0.034482758620689655,0,0.0,0,0.0,1,0.034482758620689655,27,0.9310344827586207,0,0.0,0,0.0,0,0.0,0,0.0
健康河北官微,2,1,mainstream_only,1,2,2023-02,0.0,0.0,1.0,0,0.0,0,0.0,0,0.0,0,0.0,1,1.0,0,0.0,0,0.0,0,0.0,0,0.0
健识局,2,1,no_media,0,2,2023-01,1.0,0.0,0.0,0,0.0,0,0.0,0,0.0,1,1.0,0,0.0,0,0.0,0,0.0,0,0.0,0,0.0
元气先声合伙人招商中,2,1,no_media,0,1,2023-01,0.0,0.0,0.0,1,1.0,0,0.0,0,0.0,0,0.0,0,0.0,0,0.0,0,0.0,0,0.0,0,0.0
元气蔓蔓Oo,2,1,dual,3,2,2023-02,0.0,1.0,0.0,0,0.0,1,1.0,0,0.0,0,0.0,0,0.0,0,0.0,0,0.0,0,0.0,0,0.0
光明日报,6,5,no_media,0,6,2022-12,0.0,0.0,1.0,0,0.0,0,0.0,0,0.0,0,0.0,5,1.0,0,0.0,0,0.0,0,0.0,0,0.0
党报阅览室,2,1,no_media,0,2,2022-11,0.0,0.0,1.0,0,0.0,0,0.0,0,0.0,0,0.0,1,1.0,0,0.0,0,0.0,0,0.0,0,0.0
全南发布,13,12,mainstream_only,1,9,2022-12,0.0,0.0,1.0,0,0.0,0,0.0,0,0.0,0,0.0,12,1.0,0,0.0,0,0.0,0,0.0,0,0.0
全国妇联女性之声,3,2,no_media,0,3,2022-11,0.0,0.0,1.0,0,0.0,0,0.0,0,0.0,0,0.0,2,1.0,0,0.0,0,0.0,0,0.0,0,0.0
全民wisdom,2,1,dual,11,2,2022-12,0.0,0.0,0.0,1,1.0,0,0.0,0,0.0,0,0.0,0,0.0,0,0.0,0,0.0,0,0.0,0,0.0
八納KA,2,1,no_media,5,2,2022-12,0.0,0.0,0.0,0,0.0,0,0.0,0,0.0,0,0.0,0,0.0,1,1.0,0,0.0,0,0.0,0,0.0
六叔咨询,8,7,wemedia_only,3,7,2023-02,0.2857142857142857,0.14285714285714285,0.42857142857142855,1,0.14285714285714285,1,0.14285714285714285,0,0.0,2,0.2857142857142857,3,0.42857142857142855,0,0.0,0,0.0,0,0.0,0,0.0
六安广播电视台,4,3,no_media,0,4,2022-12,0.0,0.0,1.0,0,0.0,0,0.0,0,0.0,0,0.0,3,1.0,0,0.0,0,0.0,0,0.0,0,0.0
兰州发布,3,2,no_media,0,2,2022-11,0.0,0.0,1.0,0,0.0,0,0.0,0,0.0,0,0.0,2,1.0,0,0.0,0,0.0,0,0.0,0,0.0
兰州新区发布,12,11,no_media,0,11,2022-10,0.0,0.0,1.0,0,0.0,0,0.0,0,0.0,0,0.0,11,1.0,0,0.0,0,0.0,0,0.0,0,0.0
兰州检察,4,3,no_media,0,4,2022-11,0.0,0.0,1.0,0,0.0,0,0.0,0,0.0,0,0.0,3,1.0,0,0.0,0,0.0,0,0.0,0,0.0
兰院长讲心理,2,1,wemedia_only,11,2,2022-12,0.0,1.0,0.0,0,0.0,1,1.0,0,0.0,0,0.0,0,0.0,0,0.0,0,0.0,0,0.0,0,0.0
冀看点,2,1,no_media,0,2,2022-12,0.0,0.0,1.0,0,0.0,0,0.0,0,0.0,0,0.0,1,1.0,0,0.0,0,0.0,0,0.0,0,0.0
内分泌顾锋,2,1,wemedia_only,2,1,2023-02,0.0,0.0,1.0,0,0.0,0,0.0,0,0.0,0,0.0,1,1.0,0,0.0,0,0.0,0,0.0,0,0.0
内蒙古日报,44,43,no_media,0,30,2022-10,0.0,0.0,1.0,0,0.0,0,0.0,0,0.0,0,0.0,43,1.0,0,0.0,0,0.0,0,0.0,0,0.0
内蒙古晨报,9,8,no_media,0,9,2022-11,0.0,0.0,1.0,0,0.0,0,0.0,0,0.0,0,0.0,8,1.0,0,0.0,0,0.0,0,0.0,0,0.0
内蒙古长安网,6,5,no_media,0,6,2022-10,0.0,0.0,1.0,0,0.0,0,0.0,0,0.0,0,0.0,5,1.0,0,0.0,0,0.0,0,0.0,0,0.0
农民日报,13,12,no_media,0,11,2022-11,0.0,0.0,1.0,0,0.0,0,0.0,0,0.0,0,0.0,12,1.0,0,0.0,0,0.0,0,0.0,0,0.0
凤凰卫视,8,7,no_media,0,7,2022-10,0.0,0.0,1.0,0,0.0,0,0.0,0,0.0,0,0.0,7,1.0,0,0.0,0,0.0,0,0.0,0,0.0
凤凰卫视美洲台,4,3,no_media,0,3,2022-10,0.3333333333333333,0.3333333333333333,0.3333333333333333,0,0.0,1,0.3333333333333333,0,0.0,1,0.3333333333333333,1,0.3333333333333333,0,0.0,0,0.0,0,0.0,0,0.0
凤凰网,2,1,no_media,0,2,2022-12,0.0,0.0,1.0,0,0.0,0,0.0,0,0.0,0,0.0,1,1.0,0,0.0,0,0.0,0,0.0,0,0.0
凤凰网健康,23,22,no_media,0,19,2022-10,0.0,0.0,1.0,0,0.0,0,0.0,0,0.0,0,0.0,22,1.0,0,0.0,0,0.0,0,0.0,0,0.0
凤凰网科技,4,3,no_media,0,4,2022-12,0.0,0.0,1.0,0,0.0,0,0.0,0,0.0,0,0.0,3,1.0,0,0.0,0,0.0,0,0.0,0,0.0
凤凰网视频,6,5,no_media,0,6,2022-12,0.0,0.0,1.0,0,0.0,0,0.0,0,0.0,0,0.0,5,1.0,0,0.0,0,0.0,0,0.0,0,0.0
分宜发布,6,5,no_media,0,6,2022-11,0.0,0.0,1.0,0,0.0,0,0.0,0,0.0,0,0.0,5,1.0,0,0.0,0,0.0,0,0.0,0,0.0
动感936,2,1,no_media,0,2,2022-12,0.0,0.0,1.0,0,0.0,0,0.0,0,0.0,0,0.0,1,1.0,0,0.0,0,0.0,0,0.0,0,0.0
动静贵州,2,1,no_media,0,2,2022-12,0.0,0.0,1.0,0,0.0,0,0.0,0,0.0,0,0.0,1,1.0,0,0.0,0,0.0,0,0.0,0,0.0
努力修炼的Lily,2,1,no_media,0,1,2022-12,0.0,0.0,0.0,0,0.0,0,0.0,0,0.0,0,0.0,0,0.0,0,0.0,0,0.0,0,0.0,1,1.0
包头新闻网,6,5,no_media,0,5,2022-12,0.0,0.0,1.0,0,0.0,0,0.0,0,0.0,0,0.0,5,1.0,0,0.0,0,0.0,0,0.0,0,0.0
北京交通广播,40,39,no_media,0,21,2022-11,0.0,0.0,0.9487179487179487,0,0.0,0,0.0,0,0.0,0,0.0,37,0.9487179487179487,1,0.02564102564102564,0,0.0,1,0.02564102564102564,0,0.0
北京发布,23,22,no_media,0,19,2022-11,0.0,0.0,1.0,0,0.0,0,0.0,0,0.0,0,0.0,22,1.0,0,0.0,0,0.0,0,0.0,0,0.0
北京商报,13,12,no_media,0,13,2022-10,0.0,0.0,1.0,0,0.0,0,0.0,0,0.0,0,0.0,12,1.0,0,0.0,0,0.0,0,0.0,0,0.0
北京头条,43,42,no_media,0,23,2022-11,0.0,0.0,1.0,0,0.0,0,0.0,0,0.0,0,0.0,42,1.0,0,0.0,0,0.0,0,0.0,0,0.0
北京房山韩村河健康教育,2,1,dual,4,2,2023-02,0.0,0.0,1.0,0,0.0,0,0.0,0,0.0,0,0.0,1,1.0,0,0.0,0,0.0,0,0.0,0,0.0
北京日报,31,30,no_media,0,21,2022-11,0.03333333333333333,0.03333333333333333,0.9333333333333333,0,0.0,1,0.03333333333333333,0,0.0,1,0.03333333333333333,28,0.9333333333333333,0,0.0,0,0.0,0,0.0,0,0.0
北京时间,42,41,no_media,0,24,2022-11,0.0,0.0,1.0,0,0.0,0,0.0,0,0.0,0,0.0,41,1.0,0,0.0,0,0.0,0,0.0,0,0.0
北京时间直播,4,3,no_media,0,4,2022-11,0.0,0.0,1.0,0,0.0,0,0.0,0,0.0,0,0.0,3,1.0,0,0.0,0,0.0,0,0.0,0,0.0
北京昌平,11,10,no_media,0,10,2022-10,0.0,0.0,1.0,0,0.0,0,0.0,0,0.0,0,0.0,10,1.0,0,0.0,0,0.0,0,0.0,0,0.0
北京维元诊所,3,2,no_media,0,2,2022-12,0.0,0.0,1.0,0,0.0,0,0.0,0,0.0,0,0.0,2,1.0,0,0.0,0,0.0,0,0.0,0,0.0
北京青年报之青睐有约,2,1,no_media,0,2,2022-12,0.0,0.0,1.0,0,0.0,0,0.0,0,0.0,0,0.0,1,1.0,0,0.0,0,0.0,0,0.0,0,0.0
北京鲁戈,2,1,no_media,16,2,2022-10,0.0,0.0,1.0,0,0.0,0,0.0,0,0.0,0,0.0,1,1.0,0,0.0,0,0.0,0,0.0,0,0.0
北方新报,12,11,mainstream_only,5,8,2022-10,0.0,0.0,1.0,0,0.0,0,0.0,0,0.0,0,0.0,11,1.0,0,0.0,0,0.0,0,0.0,0,0.0
北方法制报,4,3,no_media,0,3,2022-12,0.0,0.0,1.0,0,0.0,0,0.0,0,0.0,0,0.0,3,1.0,0,0.0,0,0.0,0,0.0,0,0.0
北方频道,3,2,no_media,0,3,2022-10,0.0,0.0,1.0,0,0.0,0,0.0,0,0.0,0,0.0,2,1.0,0,0.0,0,0.0,0,0.0,0,0.0
北青即时,8,7,no_media,0,6,2022-12,0.0,0.0,1.0,0,0.0,0,0.0,0,0.0,0,0.0,7,1.0,0,0.0,0,0.0,0,0.0,0,0.0
北青深一度,2,1,no_media,0,2,2022-12,0.0,0.0,1.0,0,0.0,0,0.0,0,0.0,0,0.0,1,1.0,0,0.0,0,0.0,0,0.0,0,0.0
北青网,6,5,no_media,0,6,2022-11,0.0,0.0,1.0,0,0.0,0,0.0,0,0.0,0,0.0,5,1.0,0,0.0,0,0.0,0,0.0,0,0.0
医路向前巍子,2,1,no_media,0,2,2022-12,1.0,0.0,0.0,0,0.0,0,0.0,0,0.0,1,1.0,0,0.0,0,0.0,0,0.0,0,0.0,0,0.0
半两财经,3,2,no_media,0,3,2022-12,0.0,0.0,1.0,0,0.0,0,0.0,0,0.0,0,0.0,2,1.0,0,0.0,0,0.0,0,0.0,0,0.0
半岛网,4,3,no_media,0,4,2022-12,0.0,0.0,1.0,0,0.0,0,0.0,0,0.0,0,0.0,3,1.0,0,0.0,0,0.0,0,0.0,0,0.0
半月谈,8,7,no_media,0,8,2022-11,0.0,0.0,1.0,0,0.0,0,0.0,0,0.0,0,0.0,7,1.0,0,0.0,0,0.0,0,0.0,0,0.0
半清夏,2,1,no_media,0,2,2022-12,1.0,0.0,0.0,0,0.0,0,0.0,0,0.0,0,0.0,0,0.0,0,0.0,1,1.0,0,0.0,0,0.0
华商报,46,45,no_media,0,29,2022-10,0.0,0.0,0.9333333333333333,0,0.0,0,0.0,0,0.0,0,0.0,42,0.9333333333333333,1,0.022222222222222223,0,0.0,2,0.044444444444444446,0,0.0
华商网,7,6,no_media,0,6,2022-12,0.0,0.0,1.0,0,0.0,0,0.0,0,0.0,0,0.0,6,1.0,0,0.0,0,0.0,0,0.0,0,0.0
南京广播电视台,3,2,no_media,0,3,2022-12,0.0,0.0,1.0,0,0.0,0,0.0,0,0.0,0,0.0,2,1.0,0,0.0,0,0.0,0,0.0,0,0.0
南京零距离,3,2,no_media,0,3,2022-12,0.0,0.0,1.0,0,0.0,0,0.0,0,0.0,0,0.0,2,1.0,0,0.0,0,0.0,0,0.0,0,0.0
南山钺,3,2,mainstream_only,3,3,2022-12,0.5,0.0,0.0,1,0.5,0,0.0,0,0.0,1,0.5,0,0.0,0,0.0,0,0.0,0,0.0,0,0.0
南岸发布,14,13,no_media,0,12,2022-10,0.0,0.0,1.0,0,0.0,0,0.0,0,0.0,0,0.0,13,1.0,0,0.0,0,0.0,0,0.0,0,0.0
南方周末,3,2,no_media,0,3,2022-12,0.0,0.0,1.0,0,0.0,0,0.0,0,0.0,0,0.0,2,1.0,0,0.0,0,0.0,0,0.0,0,0.0
南昌东湖区发布,3,2,no_media,0,3,2022-12,0.0,0.0,1.0,0,0.0,0,0.0,0,0.0,0,0.0,2,1.0,0,0.0,0,0.0,0,0.0,0,0.0
南昌新建发布,2,1,no_media,0,2,2023-01,0.0,0.0,1.0,0,0.0,0,0.0,0,0.0,0,0.0,1,1.0,0,0.0,0,0.0,0,0.0,0,0.0
南昌新闻网,4,3,no_media,0,4,2022-10,0.0,0.0,1.0,0,0.0,0,0.0,0,0.0,0,0.0,3,1.0,0,0.0,0,0.0,0,0.0,0,0.0
南昌日报,4,3,no_media,0,4,2022-10,0.0,0.0,1.0,0,0.0,0,0.0,0,0.0,0,0.0,3,1.0,0,0.0,0,0.0,0,0.0,0,0.0
南桔北枳2,2,1,no_media,0,1,2022-12,1.0,0.0,0.0,0,0.0,0,0.0,0,0.0,1,1.0,0,0.0,0,0.0,0,0.0,0,0.0,0,0.0
南通政法,8,7,no_media,0,7,2022-12,0.0,0.0,1.0,0,0.0,0,0.0,0,0.0,0,0.0,7,1.0,0,0.0,0,0.0,0,0.0,0,0.0
南阳日报,18,17,no_media,0,14,2022-12,0.0,0.0,1.0,0,0.0,0,0.0,0,0.0,0,0.0,17,1.0,0,0.0,0,0.0,0,0.0,0,0.0
南阳晚报,15,14,no_media,0,12,2022-12,0.0,0.0,1.0,0,0.0,0,0.0,0,0.0,0,0.0,14,1.0,0,0.0,0,0.0,0,0.0,0,0.0
南阳网官方微博,2,1,no_media,0,2,2022-10,0.0,0.0,1.0,0,0.0,0,0.0,0,0.0,0,0.0,1,1.0,0,0.0,0,0.0,0,0.0,0,0.0
南风小怪物,2,1,no_media,3,2,2022-12,0.0,0.0,0.0,0,0.0,0,0.0,0,0.0,0,0.0,0,0.0,0,0.0,0,0.0,1,1.0,0,0.0
卤煮疫苗,2,1,wemedia_only,2,2,2023-02,0.0,0.0,1.0,0,0.0,0,0.0,0,0.0,0,0.0,1,1.0,0,0.0,0,0.0,0,0.0,0,0.0
卧龙观势V,2,1,no_media,1,2,2022-12,0.0,1.0,0.0,0,0.0,1,1.0,0,0.0,0,0.0,0,0.0,0,0.0,0,0.0,0,0.0,0,0.0
厦门日报,2,1,no_media,0,2,2023-01,0.0,0.0,1.0,0,0.0,0,0.0,0,0.0,0,0.0,1,1.0,0,0.0,0,0.0,0,0.0,0,0.0
厦门晚报,6,5,no_media,0,4,2022-12,0.0,0.0,1.0,0,0.0,0,0.0,0,0.0,0,0.0,5,1.0,0,0.0,0,0.0,0,0.0,0,0.0
厦门网,2,1,no_media,0,2,2022-12,0.0,0.0,1.0,0,0.0,0,0.0,0,0.0,0,0.0,1,1.0,0,0.0,0,0.0,0,0.0,0,0.0
参考消息,8,7,no_media,0,8,2022-10,0.14285714285714285,0.14285714285714285,0.7142857142857143,0,0.0,1,0.14285714285714285,0,0.0,1,0.14285714285714285,5,0.7142857142857143,0,0.0,0,0.0,0,0.0,0,0.0
双子幺幺儿,3,2,no_media,0,3,2023-01,0.0,0.0,0.0,0,0.0,0,0.0,0,0.0,0,0.0,0,0.0,0,0.0,0,0.0,1,0.5,1,0.5
句迷人,4,3,no_media,10,4,2023-02,0.0,0.0,0.0,0,0.0,0,0.0,0,0.0,0,0.0,0,0.0,0,0.0,0,0.0,0,0.0,3,1.0
可口可乐可甜可闲,4,3,no_media,0,3,2022-12,0.0,0.0,0.0,0,0.0,0,0.0,0,0.0,0,0.0,0,0.0,1,0.3333333333333333,0,0.0,2,0.6666666666666666,0,0.0
吃水蜜桃的胖桃,2,1,no_media,14,2,2022-12,0.0,0.0,0.0,0,0.0,0,0.0,0,0.0,0,0.0,0,0.0,0,0.0,0,0.0,0,0.0,1,1.0
吃货的小表情,3,2,no_media,0,3,2022-12,0.0,0.0,0.0,0,0.0,0,0.0,0,0.0,0,0.0,0,0.0,1,0.5,0,0.0,1,0.5,0,0.0
各界导报社官微,32,31,no_media,0,23,2022-12,0.0,0.0,1.0,0,0.0,0,0.0,0,0.0,0,0.0,31,1.0,0,0.0,0,0.0,0,0.0,0,0.0
合肥反邪教,2,1,mainstream_only,3,2,2022-12,0.0,0.0,1.0,0,0.0,0,0.0,0,0.0,0,0.0,1,1.0,0,0.0,0,0.0,0,0.0,0,0.0
合肥在线,7,6,no_media,0,7,2022-11,0.0,0.0,1.0,0,0.0,0,0.0,0,0.0,0,0.0,6,1.0,0,0.0,0,0.0,0,0.0,0,0.0
合肥日报,6,5,no_media,0,6,2022-10,0.0,0.0,1.0,0,0.0,0,0.0,0,0.0,0,0.0,5,1.0,0,0.0,0,0.0,0,0.0,0,0.0
合肥晚报,6,5,no_media,0,6,2022-11,0.0,0.0,1.0,0,0.0,0,0.0,0,0.0,0,0.0,5,1.0,0,0.0,0,0.0,0,0.0,0,0.0
吉林市发布,11,10,no_media,0,10,2022-12,0.0,0.0,1.0,0,0.0,0,0.0,0,0.0,0,0.0,10,1.0,0,0.0,0,0.0,0,0.0,0,0.0
吉林日报,4,3,no_media,0,4,2022-12,0.0,0.0,1.0,0,0.0,0,0.0,0,0.0,0,0.0,3,1.0,0,0.0,0,0.0,0,0.0,0,0.0
同有三和中医周医生,3,2,no_media,0,3,2023-01,0.0,0.0,1.0,0,0.0,0,0.0,0,0.0,0,0.0,2,1.0,0,0.0,0,0.0,0,0.0,0,0.0
含雪love,4,3,no_media,0,3,2023-01,0.0,0.0,0.3333333333333333,0,0.0,0,0.0,0,0.0,0,0.0,1,0.3333333333333333,1,0.3333333333333333,0,0.0,1,0.3333333333333333,0,0.0
听不动你说什么,4,3,no_media,2,4,2022-12,0.0,0.0,0.0,0,0.0,0,0.0,0,0.0,0,0.0,0,0.0,0,0.0,0,0.0,0,0.0,3,1.0
听中国,8,7,no_media,0,8,2022-11,0.0,0.0,1.0,0,0.0,0,0.0,0,0.0,0,0.0,7,1.0,0,0.0,0,0.0,0,0.0,0,0.0
启贺,2,1,wemedia_only,4,2,2022-12,0.0,0.0,1.0,0,0.0,0,0.0,0,0.0,0,0.0,1,1.0,0,0.0,0,0.0,0,0.0,0,0.0
吴西视点,2,1,wemedia_only,2,2,2022-12,0.0,0.0,1.0,0,0.0,0,0.0,0,0.0,0,0.0,1,1.0,0,0.0,0,0.0,0,0.0,0,0.0
呈贡发布,4,3,mainstream_only,3,4,2022-12,0.0,0.0,1.0,0,0.0,0,0.0,0,0.0,0,0.0,3,1.0,0,0.0,0,0.0,0,0.0,0,0.0
周到上海,25,24,no_media,0,20,2022-10,0.0,0.0,1.0,0,0.0,0,0.0,0,0.0,0,0.0,24,1.0,0,0.0,0,0.0,0,0.0,0,0.0
周口日报,5,4,no_media,0,5,2022-12,0.0,0.0,1.0,0,0.0,0,0.0,0,0.0,0,0.0,4,1.0,0,0.0,0,0.0,0,0.0,0,0.0
周口晚报zkwb,13,12,no_media,0,11,2022-12,0.0,0.0,1.0,0,0.0,0,0.0,0,0.0,0,0.0,12,1.0,0,0.0,0,0.0,0,0.0,0,0.0
周至法院,3,2,mainstream_only,3,2,2022-10,0.0,0.0,1.0,0,0.0,0,0.0,0,0.0,0,0.0,2,1.0,0,0.0,0,0.0,0,0.0,0,0.0
呵呵上海2012,3,2,dual,196,2,2023-02,0.0,0.0,1.0,0,0.0,0,0.0,0,0.0,0,0.0,2,1.0,0,0.0,0,0.0,0,0.0,0,0.0
呼吸科大夫胡洋,16,15,mainstream_only,2,11,2023-02,0.2,0.2,0.6,0,0.0,3,0.2,0,0.0,3,0.2,9,0.6,0,0.0,0,0.0,0,0.0,0,0.0
咕噜尼面包圈_小菲Fei,2,1,no_media,0,1,2023-01,1.0,0.0,0.0,0,0.0,0,0.0,0,0.0,0,0.0,0,0.0,0,0.0,1,1.0,0,0.0,0,0.0
咸阳日报,14,13,no_media,0,10,2022-11,0.0,0.0,1.0,0,0.0,0,0.0,0,0.0,0,0.0,13,1.0,0,0.0,0,0.0,0,0.0,0,0.0
咸阳检察,12,11,mainstream_only,4,9,2022-11,0.0,0.0,1.0,0,0.0,0,0.0,0,0.0,0,0.0,11,1.0,0,0.0,0,0.0,0,0.0,0,0.0
哈尔滨政法,2,1,mainstream_only,2,2,2022-10,0.0,0.0,1.0,0,0.0,0,0.0,0,0.0,0,0.0,1,1.0,0,0.0,0,0.0,0,0.0,0,0.0
哈尔滨日报,3,2,no_media,0,3,2022-10,0.0,0.0,1.0,0,0.0,0,0.0,0,0.0,0,0.0,2,1.0,0,0.0,0,0.0,0,0.0,0,0.0
哈尔滨铁路,7,6,no_media,0,6,2022-12,0.0,0.0,1.0,0,0.0,0,0.0,0,0.0,0,0.0,6,1.0,0,0.0,0,0.0,0,0.0,0,0.0
唤我真名-筱,3,2,no_media,18,3,2023-01,0.0,0.5,0.5,0,0.0,1,0.5,0,0.0,0,0.0,1,0.5,0,0.0,0,0.0,0,0.0,0,0.0
商丘日报,33,32,no_media,0,26,2022-11,0.0,0.0,1.0,0,0.0,0,0.0,0,0.0,0,0.0,32,1.0,0,0.0,0,0.0,0,0.0,0,0.0
商丘网,27,26,no_media,0,19,2022-10,0.0,0.0,1.0,0,0.0,0,0.0,0,0.0,0,0.0,26,1.0,0,0.0,0,0.0,0,0.0,0,0.0
商学院杂志,4,3,no_media,0,4,2022-12,0.0,0.0,1.0,0,0.0,0,0.0,0,0.0,0,0.0,3,1.0,0,0.0,0,0.0,0,0.0,0,0.0
嘉善老顾,3,2,mainstream_only,2,2,2022-10,0.0,0.0,1.0,0,0.0,0,0.0,0,0.0,0,0.0,2,1.0,0,0.0,0,0.0,0,0.0,0,0.0
四川发布,4,3,no_media,0,4,2022-12,0.0,0.0,1.0,0,0.0,0,0.0,0,0.0,0,0.0,3,1.0,0,0.0,0,0.0,0,0.0,0,0.0
四川观察,3,2,no_media,0,3,2022-12,0.0,0.0,1.0,0,0.0,0,0.0,0,0.0,0,0.0,2,1.0,0,0.0,0,0.0,0,0.0,0,0.0
四川观察新闻眼,2,1,no_media,0,2,2023-01,0.0,0.0,1.0,0,0.0,0,0.0,0,0.0,0,0.0,1,1.0,0,0.0,0,0.0,0,0.0,0,0.0
国是直通车,16,15,no_media,0,15,2022-10,0.0,0.0,1.0,0,0.0,0,0.0,0,0.0,0,0.0,15,1.0,0,0.0,0,0.0,0,0.0,0,0.0
国际旅游岛商报,5,4,no_media,0,5,2022-10,0.0,0.0,1.0,0,0.0,0,0.0,0,0.0,0,0.0,4,1.0,0,0.0,0,0.0,0,0.0,0,0.0
圆又圆额汤圆二代,2,1,wemedia_only,2,2,2023-02,0.0,0.0,0.0,0,0.0,0,0.0,0,0.0,0,0.0,0,0.0,1,1.0,0,0.0,0,0.0,0,0.0
城关发布,7,6,no_media,0,6,2022-11,0.0,0.0,1.0,0,0.0,0,0.0,0,0.0,0,0.0,6,1.0,0,0.0,0,0.0,0,0.0,0,0.0
城市晚报官方微博,2,1,no_media,0,2,2022-12,0.0,0.0,1.0,0,0.0,0,0.0,0,0.0,0,0.0,1,1.0,0,0.0,0,0.0,0,0.0,0,0.0
城市速递官方微博,8,7,no_media,0,7,2022-12,0.0,0.0,1.0,0,0.0,0,0.0,0,0.0,0,0.0,7,1.0,0,0.0,0,0.0,0,0.0,0,0.0
基源医学在线,6,5,mainstream_only,2,5,2023-02,0.0,0.0,1.0,0,0.0,0,0.0,0,0.0,0,0.0,5,1.0,0,0.0,0,0.0,0,0.0,0,0.0
夏昆塔拉,2,1,wemedia_only,3,2,2022-12,0.0,0.0,1.0,0,0.0,0,0.0,0,0.0,0,0.0,1,1.0,0,0.0,0,0.0,0,0.0,0,0.0
外星人看地球村民那些事201602,2,1,wemedia_only,1,2,2023-02,0.0,0.0,1.0,0,0.0,0,0.0,0,0.0,0,0.0,1,1.0,0,0.0,0,0.0,0,0.0,0,0.0
多彩贵州网,6,5,no_media,0,6,2022-12,0.0,0.0,1.0,0,0.0,0,0.0,0,0.0,0,0.0,5,1.0,0,0.0,0,0.0,0,0.0,0,0.0
夜满月Crystal,12,11,wemedia_only,26,11,2022-10,0.09090909090909091,0.18181818181818182,0.7272727272727273,0,0.0,2,0.18181818181818182,0,0.0,1,0.09090909090909091,8,0.7272727272727273,0,0.0,0,0.0,0,0.0,0,0.0
大众新闻-半岛都市报,12,11,no_media,0,9,2022-11,0.0,0.0,1.0,0,0.0,0,0.0,0,0.0,0,0.0,11,1.0,0,0.0,0,0.0,0,0.0,0,0.0
大众日报,10,9,no_media,0,10,2022-12,0.0,0.0,1.0,0,0.0,0,0.0,0,0.0,0,0.0,9,1.0,0,0.0,0,0.0,0,0.0,0,0.0
大健康公社,3,2,dual,3,3,2023-01,0.5,0.5,0.0,0,0.0,0,0.0,1,0.5,1,0.5,0,0.0,0,0.0,0,0.0,0,0.0,0,0.0
大武汉美食排行榜,3,2,no_media,0,3,2022-12,0.0,0.0,0.0,0,0.0,0,0.0,0,0.0,0,0.0,0,0.0,1,0.5,0,0.0,1,0.5,0,0.0
大江网,3,2,no_media,0,2,2022-12,0.0,0.0,1.0,0,0.0,0,0.0,0,0.0,0,0.0,2,1.0,0,0.0,0,0.0,0,0.0,0,0.0
大河网,19,18,no_media,0,13,2022-10,0.0,0.0,1.0,0,0.0,0,0.0,0,0.0,0,0.0,18,1.0,0,0.0,0,0.0,0,0.0,0,0.0
大竹发布,3,2,no_media,0,3,2022-12,0.0,0.0,1.0,0,0.0,0,0.0,0,0.0,0,0.0,2,1.0,0,0.0,0,0.0,0,0.0,0,0.0
大耳朵中医,32,31,wemedia_only,33,22,2022-12,0.0,0.0,1.0,0,0.0,0,0.0,0,0.0,0,0.0,31,1.0,0,0.0,0,0.0,0,0.0,0,0.0
大象新闻,7,6,no_media,0,4,2022-11,0.0,0.0,1.0,0,0.0,0,0.0,0,0.0,0,0.0,6,1.0,0,0.0,0,0.0,0,0.0,0,0.0
大象时政,4,3,no_media,0,4,2022-12,0.0,0.0,1.0,0,0.0,0,0.0,0,0.0,0,0.0,3,1.0,0,0.0,0,0.0,0,0.0,0,0.0
天府发布,3,2,no_media,0,2,2022-12,0.0,0.0,1.0,0,0.0,0,0.0,0,0.0,0,0.0,2,1.0,0,0.0,0,0.0,0,0.0,0,0.0
天津日报,11,10,no_media,0,11,2022-11,0.1,0.1,0.8,0,0.0,1,0.1,0,0.0,1,0.1,8,0.8,0,0.0,0,0.0,0,0.0,0,0.0
天涯漁人風林谷,2,1,no_media,0,2,2022-10,0.0,0.0,1.0,0,0.0,0,0.0,0,0.0,0,0.0,1,1.0,0,0.0,0,0.0,0,0.0,0,0.0
天真or有邪,2,1,no_media,2,2,2023-02,0.0,1.0,0.0,0,0.0,0,0.0,1,1.0,0,0.0,0,0.0,0,0.0,0,0.0,0,0.0,0,0.0
太原新闻网官方微博,16,15,no_media,0,11,2022-12,0.0,0.0,1.0,0,0.0,0,0.0,0,0.0,0,0.0,15,1.0,0,0.0,0,0.0,0,0.0,0,0.0
太原日报,2,1,no_media,0,2,2023-02,0.0,0.0,1.0,0,0.0,0,0.0,0,0.0,0,0.0,1,1.0,0,0.0,0,0.0,0,0.0,0,0.0
太原晚报,5,4,no_media,0,5,2022-12,0.0,0.0,1.0,0,0.0,0,0.0,0,0.0,0,0.0,4,1.0,0,0.0,0,0.0,0,0.0,0,0.0
太极推拿川式采耳培训59229,2,1,no_media,1,2,2023-01,0.0,0.0,0.0,0,0.0,0,0.0,0,0.0,0,0.0,0,0.0,0,0.0,0,0.0,0,0.0,1,1.0
央广网,8,7,no_media,0,8,2022-11,0.0,0.0,1.0,0,0.0,0,0.0,0,0.0,0,0.0,7,1.0,0,0.0,0,0.0,0,0.0,0,0.0
央视新闻,4,3,no_media,0,4,2022-12,0.0,0.0,1.0,0,0.0,0,0.0,0,0.0,0,0.0,3,1.0,0,0.0,0,0.0,0,0.0,0,0.0
央视网,10,9,no_media,0,8,2022-11,0.0,0.0,1.0,0,0.0,0,0.0,0,0.0,0,0.0,9,1.0,0,0.0,0,0.0,0,0.0,0,0.0
央视网快看,11,10,no_media,0,10,2022-11,0.0,0.0,1.0,0,0.0,0,0.0,0,0.0,0,0.0,10,1.0,0,0.0,0,0.0,0,0.0,0,0.0
央视网科技,7,6,no_media,0,6,2022-11,0.0,0.0,1.0,0,0.0,0,0.0,0,0.0,0,0.0,6,1.0,0,0.0,0,0.0,0,0.0,0,0.0
奥卡姆剃刀,2,1,no_media,0,1,2022-11,0.0,0.0,1.0,0,0.0,0,0.0,0,0.0,0,0.0,1,1.0,0,0.0,0,0.0,0,0.0,0,0.0
奶霜莓莓绵绵冰,2,1,mainstream_only,1,1,2023-02,0.0,0.0,1.0,0,0.0,0,0.0,0,0.0,0,0.0,1,1.0,0,0.0,0,0.0,0,0.0,0,0.0
她不会取,2,1,no_media,1,2,2023-01,0.0,0.0,0.0,1,1.0,0,0.0,0,0.0,0,0.0,0,0.0,0,0.0,0,0.0,0,0.0,0,0.0
姚安政法,3,2,mainstream_only,3,3,2023-02,0.0,0.0,1.0,0,0.0,0,0.0,0,0.0,0,0.0,2,1.0,0,0.0,0,0.0,0,0.0,0,0.0
孝感日报,2,1,no_media,0,2,2022-12,0.0,0.0,1.0,0,0.0,0,0.0,0,0.0,0,0.0,1,1.0,0,0.0,0,0.0,0,0.0,0,0.0
孝视新闻眼,2,1,no_media,0,2,2022-12,0.0,0.0,1.0,0,0.0,0,0.0,0,0.0,0,0.0,1,1.0,0,0.0,0,0.0,0,0.0,0,0.0
孟静舍,4,3,no_media,0,3,2023-02,0.0,0.0,1.0,0,0.0,0,0.0,0,0.0,0,0.0,3,1.0,0,0.0,0,0.0,0,0.0,0,0.0
季千辰霏,2,1,no_media,0,1,2023-01,0.0,1.0,0.0,0,0.0,0,0.0,1,1.0,0,0.0,0,0.0,0,0.0,0,0.0,0,0.0,0,0.0
宁夏新闻网,15,14,no_media,0,14,2022-10,0.0,0.0,1.0,0,0.0,0,0.0,0,0.0,0,0.0,14,1.0,0,0.0,0,0.0,0,0.0,0,0.0
安吉发布,2,1,no_media,0,2,2022-12,0.0,0.0,1.0,0,0.0,0,0.0,0,0.0,0,0.0,1,1.0,0,0.0,0,0.0,0,0.0,0,0.0
安康检察,5,4,no_media,0,3,2022-12,0.0,0.0,1.0,0,0.0,0,0.0,0,0.0,0,0.0,4,1.0,0,0.0,0,0.0,0,0.0,0,0.0
安徽之声,7,6,no_media,0,7,2022-11,0.0,0.0,1.0,0,0.0,0,0.0,0,0.0,0,0.0,6,1.0,0,0.0,0,0.0,0,0.0,0,0.0
安徽日报,7,6,no_media,0,7,2022-12,0.0,0.0,1.0,0,0.0,0,0.0,0,0.0,0,0.0,6,1.0,0,0.0,0,0.0,0,0.0,0,0.0
安徽网,5,4,mainstream_only,1,4,2023-01,0.0,0.0,1.0,0,0.0,0,0.0,0,0.0,0,0.0,4,1.0,0,0.0,0,0.0,0,0.0,0,0.0
安徽视讯,2,1,no_media,0,2,2023-01,0.0,0.0,1.0,0,0.0,0,0.0,0,0.0,0,0.0,1,1.0,0,0.0,0,0.0,0,0.0,0,0.0
安研健康,11,10,no_media,0,11,2023-01,0.0,0.0,1.0,0,0.0,0,0.0,0,0.0,0,0.0,10,1.0,0,0.0,0,0.0,0,0.0,0,0.0
宋中清主任律师,4,3,no_media,1,4,2022-10,0.0,0.0,1.0,0,0.0,0,0.0,0,0.0,0,0.0,3,1.0,0,0.0,0,0.0,0,0.0,0,0.0
宜善园互联网医院,2,1,no_media,0,2,2023-01,0.0,0.0,1.0,0,0.0,0,0.0,0,0.0,0,0.0,1,1.0,0,0.0,0,0.0,0,0.0,0,0.0
宜春日报v,4,3,no_media,0,4,2022-12,0.0,0.0,1.0,0,0.0,0,0.0,0,0.0,0,0.0,3,1.0,0,0.0,0,0.0,0,0.0,0,0.0
寅时初白,4,3,no_media,5,4,2022-12,0.0,0.0,1.0,0,0.0,0,0.0,0,0.0,0,0.0,3,1.0,0,0.0,0,0.0,0,0.0,0,0.0
富山药品海外旗舰店,2,1,no_media,0,2,2023-01,0.0,0.0,1.0,0,0.0,0,0.0,0,0.0,0,0.0,1,1.0,0,0.0,0,0.0,0,0.0,0,0.0
封面新闻,7,6,no_media,0,6,2022-12,0.0,0.0,1.0,0,0.0,0,0.0,0,0.0,0,0.0,6,1.0,0,0.0,0,0.0,0,0.0,0,0.0
小呆乐是也,2,1,no_media,0,2,2022-12,0.0,0.0,1.0,0,0.0,0,0.0,0,0.0,0,0.0,1,1.0,0,0.0,0,0.0,0,0.0,0,0.0
小央视频,7,6,no_media,0,6,2022-11,0.0,0.0,1.0,0,0.0,0,0.0,0,0.0,0,0.0,6,1.0,0,0.0,0,0.0,0,0.0,0,0.0
小岩杂俎,3,2,no_media,3,3,2023-01,0.0,0.0,1.0,0,0.0,0,0.0,0,0.0,0,0.0,2,1.0,0,0.0,0,0.0,0,0.0,0,0.0
小布丁龙珠撞奶,2,1,no_media,8,2,2023-01,0.0,0.0,0.0,0,0.0,0,0.0,0,0.0,0,0.0,0,0.0,0,0.0,0,0.0,0,0.0,1,1.0
小李飞刀再出发,2,1,mainstream_only,3,2,2023-02,0.0,0.0,1.0,0,0.0,0,0.0,0,0.0,0,0.0,1,1.0,0,0.0,0,0.0,0,0.0,0,0.0
小雪雪妹仔,2,1,no_media,0,1,2023-01,0.0,0.0,0.0,0,0.0,0,0.0,0,0.0,0,0.0,0,0.0,0,0.0,0,0.0,0,0.0,1,1.0
屏山发布,8,7,no_media,0,7,2022-11,0.0,0.0,1.0,0,0.0,0,0.0,0,0.0,0,0.0,7,1.0,0,0.0,0,0.0,0,0.0,0,0.0
山东长安网,4,3,mainstream_only,2,4,2022-12,0.0,0.0,1.0,0,0.0,0,0.0,0,0.0,0,0.0,3,1.0,0,0.0,0,0.0,0,0.0,0,0.0
山东高法,4,3,no_media,0,4,2022-11,0.0,0.0,1.0,0,0.0,0,0.0,0,0.0,0,0.0,3,1.0,0,0.0,0,0.0,0,0.0,0,0.0
山西云媒体,8,7,no_media,0,7,2022-11,0.0,0.0,1.0,0,0.0,0,0.0,0,0.0,0,0.0,7,1.0,0,0.0,0,0.0,0,0.0,0,0.0
山西共青团,5,4,no_media,0,5,2022-12,0.0,0.0,1.0,0,0.0,0,0.0,0,0.0,0,0.0,4,1.0,0,0.0,0,0.0,0,0.0,0,0.0
山西政法,5,4,no_media,0,5,2022-12,0.0,0.0,1.0,0,0.0,0,0.0,0,0.0,0,0.0,4,1.0,0,0.0,0,0.0,0,0.0,0,0.0
山西日报,6,5,no_media,0,6,2022-10,0.0,0.0,1.0,0,0.0,0,0.0,0,0.0,0,0.0,5,1.0,0,0.0,0,0.0,0,0.0,0,0.0
山西晚报,7,6,no_media,0,6,2022-11,0.0,0.0,1.0,0,0.0,0,0.0,0,0.0,0,0.0,6,1.0,0,0.0,0,0.0,0,0.0,0,0.0
岁月饭店,2,1,wemedia_only,4,2,2023-01,0.0,0.0,1.0,0,0.0,0,0.0,0,0.0,0,0.0,1,1.0,0,0.0,0,0.0,0,0.0,0,0.0
岐德堂武医,4,3,no_media,0,4,2023-02,0.0,0.0,1.0,0,0.0,0,0.0,0,0.0,0,0.0,3,1.0,0,0.0,0,0.0,0,0.0,0,0.0
岚山发布,7,6,no_media,0,6,2022-12,0.0,0.0,1.0,0,0.0,0,0.0,0,0.0,0,0.0,6,1.0,0,0.0,0,0.0,0,0.0,0,0.0
岱青山人,3,2,no_media,0,3,2022-12,0.0,0.0,1.0,0,0.0,0,0.0,0,0.0,0,0.0,2,1.0,0,0.0,0,0.0,0,0.0,0,0.0
岳阳市中级人民法院,2,1,mainstream_only,2,1,2022-12,0.0,0.0,1.0,0,0.0,0,0.0,0,0.0,0,0.0,1,1.0,0,0.0,0,0.0,0,0.0,0,0.0
峰哥一切为了健康,17,16,no_media,0,14,2022-12,0.0,0.0,1.0,0,0.0,0,0.0,0,0.0,0,0.0,16,1.0,0,0.0,0,0.0,0,0.0,0,0.0
市场星报,8,7,no_media,0,8,2022-10,0.0,0.0,1.0,0,0.0,0,0.0,0,0.0,0,0.0,7,1.0,0,0.0,0,0.0,0,0.0,0,0.0
市说新语,2,1,no_media,0,2,2022-12,0.0,0.0,1.0,0,0.0,0,0.0,0,0.0,0,0.0,1,1.0,0,0.0,0,0.0,0,0.0,0,0.0
常州网,2,1,no_media,0,2,2022-12,0.0,0.0,1.0,0,0.0,0,0.0,0,0.0,0,0.0,1,1.0,0,0.0,0,0.0,0,0.0,0,0.0
干细胞-王老师,3,2,no_media,0,3,2023-01,0.0,0.0,1.0,0,0.0,0,0.0,0,0.0,0,0.0,2,1.0,0,0.0,0,0.0,0,0.0,0,0.0
干细胞-琦琦,18,17,wemedia_only,1,13,2023-01,0.0,0.0,1.0,0,0.0,0,0.0,0,0.0,0,0.0,17,1.0,0,0.0,0,0.0,0,0.0,0,0.0
平-安-顺-遂2024,2,1,no_media,0,2,2022-12,0.0,0.0,0.0,0,0.0,0,0.0,0,0.0,0,0.0,0,0.0,1,1.0,0,0.0,0,0.0,0,0.0
平城阿伟,2,1,no_media,0,1,2023-02,1.0,0.0,0.0,0,0.0,0,0.0,0,0.0,0,0.0,0,0.0,0,0.0,1,1.0,0,0.0,0,0.0
平安古蔺,7,6,mainstream_only,1,3,2022-10,0.0,0.0,1.0,0,0.0,0,0.0,0,0.0,0,0.0,6,1.0,0,0.0,0,0.0,0,0.0,0,0.0
平安商丘,5,4,no_media,0,5,2022-10,0.0,0.0,1.0,0,0.0,0,0.0,0,0.0,0,0.0,4,1.0,0,0.0,0,0.0,0,0.0,0,0.0
平安安州,5,4,no_media,0,2,2022-10,0.0,0.0,1.0,0,0.0,0,0.0,0,0.0,0,0.0,4,1.0,0,0.0,0,0.0,0,0.0,0,0.0
平安曲靖,3,2,mainstream_only,7,2,2022-12,0.0,0.0,1.0,0,0.0,0,0.0,0,0.0,0,0.0,2,1.0,0,0.0,0,0.0,0,0.0,0,0.0
平安泸县,2,1,mainstream_only,1,2,2022-10,0.0,0.0,1.0,0,0.0,0,0.0,0,0.0,0,0.0,1,1.0,0,0.0,0,0.0,0,0.0,0,0.0
平安温州,4,3,mainstream_only,1,2,2022-12,0.0,0.0,1.0,0,0.0,0,0.0,0,0.0,0,0.0,3,1.0,0,0.0,0,0.0,0,0.0,0,0.0
平安纳溪,2,1,mainstream_only,4,2,2023-01,0.0,0.0,1.0,0,0.0,0,0.0,0,0.0,0,0.0,1,1.0,0,0.0,0,0.0,0,0.0,0,0.0
平安绵阳,6,5,mainstream_only,11,4,2022-10,0.0,0.0,1.0,0,0.0,0,0.0,0,0.0,0,0.0,5,1.0,0,0.0,0,0.0,0,0.0,0,0.0
广东反邪教,2,1,mainstream_only,1,2,2022-12,0.0,0.0,1.0,0,0.0,0,0.0,0,0.0,0,0.0,1,1.0,0,0.0,0,0.0,0,0.0,0,0.0
广东台触电新闻,5,4,no_media,0,5,2022-11,0.0,0.0,1.0,0,0.0,0,0.0,0,0.0,0,0.0,4,1.0,0,0.0,0,0.0,0,0.0,0,0.0
广东广播电视台城市之声,5,4,no_media,0,5,2022-10,0.0,0.0,1.0,0,0.0,0,0.0,0,0.0,0,0.0,4,1.0,0,0.0,0,0.0,0,0.0,0,0.0
广东新闻联播,3,2,no_media,0,3,2022-12,0.0,0.0,1.0,0,0.0,0,0.0,0,0.0,0,0.0,2,1.0,0,0.0,0,0.0,0,0.0,0,0.0
广州校园,3,2,no_media,0,3,2022-12,0.0,0.0,1.0,0,0.0,0,0.0,0,0.0,0,0.0,2,1.0,0,0.0,0,0.0,0,0.0,0,0.0
广州检察,2,1,no_media,0,2,2022-12,0.0,0.0,1.0,0,0.0,0,0.0,0,0.0,0,0.0,1,1.0,0,0.0,0,0.0,0,0.0,0,0.0
广州铁路,5,4,no_media,0,4,2022-11,0.0,0.0,1.0,0,0.0,0,0.0,0,0.0,0,0.0,4,1.0,0,0.0,0,0.0,0,0.0,0,0.0
广西头条NEWS,7,6,no_media,0,5,2022-12,0.0,0.0,1.0,0,0.0,0,0.0,0,0.0,0,0.0,6,1.0,0,0.0,0,0.0,0,0.0,0,0.0
广西新闻网,3,2,no_media,0,3,2022-12,0.0,0.0,1.0,0,0.0,0,0.0,0,0.0,0,0.0,2,1.0,0,0.0,0,0.0,0,0.0,0,0.0
广西日报,2,1,no_media,0,2,2022-12,0.0,0.0,1.0,0,0.0,0,0.0,0,0.0,0,0.0,1,1.0,0,0.0,0,0.0,0,0.0,0,0.0
康巴什发布,3,2,mainstream_only,4,2,2022-10,0.0,0.0,1.0,0,0.0,0,0.0,0,0.0,0,0.0,2,1.0,0,0.0,0,0.0,0,0.0,0,0.0
延长法院,2,1,mainstream_only,3,2,2022-10,0.0,0.0,1.0,0,0.0,0,0.0,0,0.0,0,0.0,1,1.0,0,0.0,0,0.0,0,0.0,0,0.0
开阳县检察院,2,1,mainstream_only,6,1,2022-12,0.0,0.0,1.0,0,0.0,0,0.0,0,0.0,0,0.0,1,1.0,0,0.0,0,0.0,0,0.0,0,0.0
张利成都,2,1,mainstream_only,8,1,2023-02,0.0,0.0,1.0,0,0.0,0,0.0,0,0.0,0,0.0,1,1.0,0,0.0,0,0.0,0,0.0,0,0.0
张国庆看天下,5,4,dual,10,5,2023-01,0.0,0.0,0.5,0,0.0,0,0.0,0,0.0,0,0.0,2,0.5,1,0.25,0,0.0,1,0.25,0,0.0
张斐的百合诗亭,2,1,no_media,0,1,2022-12,0.0,0.0,1.0,0,0.0,0,0.0,0,0.0,0,0.0,1,1.0,0,0.0,0,0.0,0,0.0,0,0.0
当代生活报,6,5,no_media,0,5,2022-12,0.0,0.0,1.0,0,0.0,0,0.0,0,0.0,0,0.0,5,1.0,0,0.0,0,0.0,0,0.0,0,0.0
当归拉法_Dr段,5,4,no_media,34,4,2023-02,0.0,0.0,1.0,0,0.0,0,0.0,0,0.0,0,0.0,4,1.0,0,0.0,0,0.0,0,0.0,0,0.0
当铺大老板,2,1,no_media,2,2,2022-10,0.0,0.0,1.0,0,0.0,0,0.0,0,0.0,0,0.0,1,1.0,0,0.0,0,0.0,0,0.0,0,0.0
彭国珩,7,6,dual,4,7,2023-02,0.0,0.0,1.0,0,0.0,0,0.0,0,0.0,0,0.0,6,1.0,0,0.0,0,0.0,0,0.0,0,0.0
徐州瑞博医院,2,1,no_media,0,2,2023-01,0.0,0.0,1.0,0,0.0,0,0.0,0,0.0,0,0.0,1,1.0,0,0.0,0,0.0,0,0.0,0,0.0
得意学堂岱珈,8,7,wemedia_only,141,7,2022-11,0.0,0.0,1.0,0,0.0,0,0.0,0,0.0,0,0.0,7,1.0,0,0.0,0,0.0,0,0.0,0,0.0
得意的弦小二,2,1,wemedia_only,36,2,2022-12,0.0,0.0,1.0,0,0.0,0,0.0,0,0.0,0,0.0,1,1.0,0,0.0,0,0.0,0,0.0,0,0.0
微博卫生健康,6,5,mainstream_only,2,5,2023-02,0.0,0.0,1.0,0,0.0,0,0.0,0,0.0,0,0.0,5,1.0,0,0.0,0,0.0,0,0.0,0,0.0
微博时事,2,1,wemedia_only,14,2,2022-12,1.0,0.0,0.0,0,0.0,0,0.0,0,0.0,1,1.0,0,0.0,0,0.0,0,0.0,0,0.0,0,0.0
微博江苏,3,2,no_media,0,3,2022-12,0.0,0.0,1.0,0,0.0,0,0.0,0,0.0,0,0.0,2,1.0,0,0.0,0,0.0,0,0.0,0,0.0
微博沧州,5,4,no_media,0,5,2022-12,0.0,0.0,1.0,0,0.0,0,0.0,0,0.0,0,0.0,4,1.0,0,0.0,0,0.0,0,0.0,0,0.0
德阳全媒体,3,2,no_media,0,2,2022-12,0.0,0.0,1.0,0,0.0,0,0.0,0,0.0,0,0.0,2,1.0,0,0.0,0,0.0,0,0.0,0,0.0
心恒言若,4,3,mainstream_only,4,1,2022-12,0.0,0.3333333333333333,0.6666666666666666,0,0.0,1,0.3333333333333333,0,0.0,0,0.0,2,0.6666666666666666,0,0.0,0,0.0,0,0.0,0,0.0
快乐投资人李伟,2,1,no_media,5,2,2023-02,1.0,0.0,0.0,0,0.0,0,0.0,0,0.0,1,1.0,0,0.0,0,0.0,0,0.0,0,0.0,0,0.0
快乐芷Ann,2,1,wemedia_only,9,2,2023-01,0.0,0.0,0.0,0,0.0,0,0.0,0,0.0,0,0.0,0,0.0,0,0.0,0,0.0,1,1.0,0,0.0
怪博士李雷,3,2,wemedia_only,14,3,2022-10,0.0,0.0,1.0,0,0.0,0,0.0,0,0.0,0,0.0,2,1.0,0,0.0,0,0.0,0,0.0,0,0.0
恩施新闻网,3,2,no_media,0,3,2022-10,0.0,0.0,1.0,0,0.0,0,0.0,0,0.0,0,0.0,2,1.0,0,0.0,0,0.0,0,0.0,0,0.0
情感文艺君,2,1,wemedia_only,9,2,2022-12,0.0,0.0,0.0,0,0.0,0,0.0,0,0.0,0,0.0,0,0.0,1,1.0,0,0.0,0,0.0,0,0.0
慈溪静姨,4,3,wemedia_only,4,3,2023-02,0.3333333333333333,0.3333333333333333,0.0,0,0.0,0,0.0,1,0.3333333333333333,0,0.0,0,0.0,0,0.0,1,0.3333333333333333,0,0.0,1,0.3333333333333333
成都商报,8,7,no_media,0,8,2022-10,0.0,0.0,1.0,0,0.0,0,0.0,0,0.0,0,0.0,7,1.0,0,0.0,0,0.0,0,0.0,0,0.0
成都市场监管,2,1,mainstream_only,1,1,2023-02,0.0,0.0,1.0,0,0.0,0,0.0,0,0.0,0,0.0,1,1.0,0,0.0,0,0.0,0,0.0,0,0.0
成都手机报,2,1,no_media,0,2,2022-12,0.0,0.0,1.0,0,0.0,0,0.0,0,0.0,0,0.0,1,1.0,0,0.0,0,0.0,0,0.0,0,0.0
成都水务,2,1,mainstream_only,3,1,2022-10,0.0,0.0,1.0,0,0.0,0,0.0,0,0.0,0,0.0,1,1.0,0,0.0,0,0.0,0,0.0,0,0.0
成马大健康网,4,3,no_media,0,4,2022-12,0.0,0.0,1.0,0,0.0,0,0.0,0,0.0,0,0.0,3,1.0,0,0.0,0,0.0,0,0.0,0,0.0
我是佩儿,2,1,wemedia_only,3,2,2022-12,1.0,0.0,0.0,0,0.0,0,0.0,0,0.0,1,1.0,0,0.0,0,0.0,0,0.0,0,0.0,0,0.0
我是希尔瑞思,56,55,dual,75,37,2022-10,0.23636363636363636,0.21818181818181817,0.2909090909090909,14,0.2545454545454545,12,0.21818181818181817,0,0.0,13,0.23636363636363636,16,0.2909090909090909,0,0.0,0,0.0,0,0.0,0,0.0
我是李翔,2,1,no_media,0,2,2022-12,0.0,0.0,1.0,0,0.0,0,0.0,0,0.0,0,0.0,1,1.0,0,0.0,0,0.0,0,0.0,0,0.0
我爱丫丫悟,2,1,mainstream_only,26,2,2023-02,0.0,1.0,0.0,0,0.0,1,1.0,0,0.0,0,0.0,0,0.0,0,0.0,0,0.0,0,0.0,0,0.0
我苏特稿,2,1,no_media,0,2,2023-01,0.0,0.0,1.0,0,0.0,0,0.0,0,0.0,0,0.0,1,1.0,0,0.0,0,0.0,0,0.0,0,0.0
战甲装研菌,4,3,wemedia_only,7,2,2023-02,0.6666666666666666,0.3333333333333333,0.0,0,0.0,1,0.3333333333333333,0,0.0,1,0.3333333333333333,0,0.0,0,0.0,1,0.3333333333333333,0,0.0,0,0.0
手感造物,2,1,wemedia_only,1,2,2022-12,0.0,0.0,1.0,0,0.0,0,0.0,0,0.0,0,0.0,1,1.0,0,0.0,0,0.0,0,0.0,0,0.0
扬子晚报,9,8,no_media,0,8,2022-12,0.0,0.0,1.0,0,0.0,0,0.0,0,0.0,0,0.0,8,1.0,0,0.0,0,0.0,0,0.0,0,0.0
抚州临川发布,2,1,no_media,0,2,2023-01,0.0,0.0,1.0,0,0.0,0,0.0,0,0.0,0,0.0,1,1.0,0,0.0,0,0.0,0,0.0,0,0.0
抚州资溪发布,2,1,mainstream_only,2,2,2023-02,0.0,0.0,1.0,0,0.0,0,0.0,0,0.0,0,0.0,1,1.0,0,0.0,0,0.0,0,0.0,0,0.0
拍帮主,7,6,wemedia_only,37,5,2023-02,0.16666666666666666,0.16666666666666666,0.6666666666666666,0,0.0,1,0.16666666666666666,0,0.0,1,0.16666666666666666,4,0.6666666666666666,0,0.0,0,0.0,0,0.0,0,0.0
推石上山198505,2,1,mainstream_only,3,2,2022-12,1.0,0.0,0.0,0,0.0,0,0.0,0,0.0,1,1.0,0,0.0,0,0.0,0,0.0,0,0.0,0,0.0
救命啊------,2,1,no_media,0,2,2022-12,0.0,0.0,0.0,0,0.0,0,0.0,0,0.0,0,0.0,0,0.0,0,0.0,0,0.0,1,1.0,0,0.0
文化人永远不会错,4,3,mainstream_only,2,4,2023-02,0.3333333333333333,0.3333333333333333,0.3333333333333333,0,0.0,1,0.3333333333333333,0,0.0,1,0.3333333333333333,1,0.3333333333333333,0,0.0,0,0.0,0,0.0,0,0.0
文森特2019,2,1,no_media,3,2,2023-01,0.0,0.0,0.0,0,0.0,0,0.0,0,0.0,0,0.0,0,0.0,0,0.0,0,0.0,0,0.0,1,1.0
文汇报,10,9,no_media,0,10,2022-11,0.0,0.0,1.0,0,0.0,0,0.0,0,0.0,0,0.0,9,1.0,0,0.0,0,0.0,0,0.0,0,0.0
新华日报,6,5,no_media,0,6,2022-11,0.0,0.0,1.0,0,0.0,0,0.0,0,0.0,0,0.0,5,1.0,0,0.0,0,0.0,0,0.0,0,0.0
新民周刊,7,6,no_media,0,7,2022-12,0.0,0.0,1.0,0,0.0,0,0.0,0,0.0,0,0.0,6,1.0,0,0.0,0,0.0,0,0.0,0,0.0
新民晚报新民网,15,14,no_media,0,12,2022-10,0.07142857142857142,0.0,0.9285714285714286,0,0.0,0,0.0,0,0.0,1,0.07142857142857142,13,0.9285714285714286,0,0.0,0,0.0,0,0.0,0,0.0
新法治报,10,9,no_media,0,9,2022-12,0.0,0.0,1.0,0,0.0,0,0.0,0,0.0,0,0.0,9,1.0,0,0.0,0,0.0,0,0.0,0,0.0
新浪热点,4,3,wemedia_only,3,3,2023-02,0.0,0.0,1.0,0,0.0,0,0.0,0,0.0,0,0.0,3,1.0,0,0.0,0,0.0,0,0.0,0,0.0
新疆西部传媒有限公司,2,1,no_media,0,2,2022-10,0.0,0.0,1.0,0,0.0,0,0.0,0,0.0,0,0.0,1,1.0,0,0.0,0,0.0,0,0.0,0,0.0
新警事儿,2,1,no_media,0,2,2022-12,0.0,0.0,1.0,0,0.0,0,0.0,0,0.0,0,0.0,1,1.0,0,0.0,0,0.0,0,0.0,0,0.0
新闻晨报,34,33,no_media,0,21,2022-12,0.030303030303030304,0.030303030303030304,0.9393939393939394,0,0.0,1,0.030303030303030304,0,0.0,1,0.030303030303030304,31,0.9393939393939394,0,0.0,0,0.0,0,0.0,0,0.0
新闻种草官,3,2,no_media,0,3,2022-12,0.0,0.0,1.0,0,0.0,0,0.0,0,0.0,0,0.0,2,1.0,0,0.0,0,0.0,0,0.0,0,0.0
无忧差评,3,2,wemedia_only,2,3,2022-12,0.0,0.5,0.0,1,0.5,1,0.5,0,0.0,0,0.0,0,0.0,0,0.0,0,0.0,0,0.0,0,0.0
无锡博报,7,6,no_media,0,6,2022-10,0.0,0.0,1.0,0,0.0,0,0.0,0,0.0,0,0.0,6,1.0,0,0.0,0,0.0,0,0.0,0,0.0
日本干细胞Motif银座Clinic,5,4,no_media,0,3,2023-01,0.0,0.0,1.0,0,0.0,0,0.0,0,0.0,0,0.0,4,1.0,0,0.0,0,0.0,0,0.0,0,0.0
日照网,11,10,no_media,0,10,2022-10,0.0,0.0,1.0,0,0.0,0,0.0,0,0.0,0,0.0,10,1.0,0,0.0,0,0.0,0,0.0,0,0.0
时视频,3,2,no_media,0,3,2022-12,0.0,0.0,1.0,0,0.0,0,0.0,0,0.0,0,0.0,2,1.0,0,0.0,0,0.0,0,0.0,0,0.0
时间视频,8,7,no_media,0,8,2022-11,0.0,0.0,1.0,0,0.0,0,0.0,0,0.0,0,0.0,7,1.0,0,0.0,0,0.0,0,0.0,0,0.0
昆明东川发布,7,6,no_media,0,3,2022-12,0.0,0.0,1.0,0,0.0,0,0.0,0,0.0,0,0.0,6,1.0,0,0.0,0,0.0,0,0.0,0,0.0
昆明五华发布,15,14,mainstream_only,1,13,2022-10,0.0,0.0,1.0,0,0.0,0,0.0,0,0.0,0,0.0,14,1.0,0,0.0,0,0.0,0,0.0,0,0.0
昆明信息港,6,5,no_media,0,6,2022-11,0.0,0.0,1.0,0,0.0,0,0.0,0,0.0,0,0.0,5,1.0,0,0.0,0,0.0,0,0.0,0,0.0
昆明富民发布,2,1,no_media,0,2,2022-12,0.0,0.0,1.0,0,0.0,0,0.0,0,0.0,0,0.0,1,1.0,0,0.0,0,0.0,0,0.0,0,0.0
昆明市西山区发布,6,5,mainstream_only,3,5,2023-02,0.0,0.0,1.0,0,0.0,0,0.0,0,0.0,0,0.0,5,1.0,0,0.0,0,0.0,0,0.0,0,0.0
昆明广播电视台,23,22,no_media,0,16,2022-10,0.0,0.0,1.0,0,0.0,0,0.0,0,0.0,0,0.0,22,1.0,0,0.0,0,0.0,0,0.0,0,0.0
昆明日报掌上春城,13,12,no_media,0,13,2022-11,0.0,0.0,1.0,0,0.0,0,0.0,0,0.0,0,0.0,12,1.0,0,0.0,0,0.0,0,0.0,0,0.0
昆明警方发布,2,1,mainstream_only,1,2,2022-12,0.0,0.0,1.0,0,0.0,0,0.0,0,0.0,0,0.0,1,1.0,0,0.0,0,0.0,0,0.0,0,0.0
昌平报,3,2,no_media,0,3,2022-12,0.0,0.0,1.0,0,0.0,0,0.0,0,0.0,0,0.0,2,1.0,0,0.0,0,0.0,0,0.0,0,0.0
易可中医连锁,4,3,no_media,0,4,2023-01,0.0,0.0,1.0,0,0.0,0,0.0,0,0.0,0,0.0,3,1.0,0,0.0,0,0.0,0,0.0,0,0.0
星弧权益,3,2,dual,8,3,2022-12,0.0,0.0,1.0,0,0.0,0,0.0,0,0.0,0,0.0,2,1.0,0,0.0,0,0.0,0,0.0,0,0.0
是安沐呀,2,1,wemedia_only,5,2,2022-12,1.0,0.0,0.0,0,0.0,0,0.0,0,0.0,0,0.0,0,0.0,0,0.0,1,1.0,0,0.0,0,0.0
晖姐的新微博,3,2,no_media,13,2,2023-01,0.0,0.0,1.0,0,0.0,0,0.0,0,0.0,0,0.0,2,1.0,0,0.0,0,0.0,0,0.0,0,0.0
普洱政法,4,3,mainstream_only,3,4,2022-12,0.0,0.0,1.0,0,0.0,0,0.0,0,0.0,0,0.0,3,1.0,0,0.0,0,0.0,0,0.0,0,0.0
景德镇日报社,3,2,no_media,0,3,2022-11,0.0,0.0,1.0,0,0.0,0,0.0,0,0.0,0,0.0,2,1.0,0,0.0,0,0.0,0,0.0,0,0.0
曦宝宝是只喵,2,1,no_media,3,2,2023-02,0.0,1.0,0.0,0,0.0,0,0.0,1,1.0,0,0.0,0,0.0,0,0.0,0,0.0,0,0.0,0,0.0
曲QUQUQU,3,2,no_media,0,3,2022-12,0.0,0.0,1.0,0,0.0,0,0.0,0,0.0,0,0.0,2,1.0,0,0.0,0,0.0,0,0.0,0,0.0
曹舟力,2,1,no_media,0,2,2022-11,0.0,0.0,1.0,0,0.0,0,0.0,0,0.0,0,0.0,1,1.0,0,0.0,0,0.0,0,0.0,0,0.0
木白弓虽,2,1,wemedia_only,9,2,2023-02,0.0,0.0,1.0,0,0.0,0,0.0,0,0.0,0,0.0,1,1.0,0,0.0,0,0.0,0,0.0,0,0.0
杀手小兔Nicoooo,2,1,no_media,0,2,2022-12,0.0,0.0,0.0,0,0.0,0,0.0,0,0.0,0,0.0,0,0.0,0,0.0,0,0.0,0,0.0,1,1.0
杉林__,4,3,no_media,1,2,2022-12,0.0,0.0,0.0,0,0.0,0,0.0,0,0.0,0,0.0,0,0.0,1,0.3333333333333333,0,0.0,0,0.0,2,0.6666666666666666
李贵明-医生,3,2,wemedia_only,3,3,2023-01,0.0,0.0,1.0,0,0.0,0,0.0,0,0.0,0,0.0,2,1.0,0,0.0,0,0.0,0,0.0,0,0.0
杨新新大侠,2,1,no_media,1,2,2023-01,0.0,0.0,0.0,1,1.0,0,0.0,0,0.0,0,0.0,0,0.0,0,0.0,0,0.0,0,0.0,0,0.0
杨晓峰医生,19,18,wemedia_only,2,15,2022-12,0.0,0.0,0.8888888888888888,0,0.0,0,0.0,0,0.0,0,0.0,16,0.8888888888888888,1,0.05555555555555555,0,0.0,1,0.05555555555555555,0,0.0
杭州网,10,9,no_media,0,9,2022-11,0.0,0.0,1.0,0,0.0,0,0.0,0,0.0,0,0.0,9,1.0,0,0.0,0,0.0,0,0.0,0,0.0
极客红石,23,22,wemedia_only,63,16,2022-10,0.09090909090909091,0.13636363636363635,0.7272727272727273,1,0.045454545454545456,3,0.13636363636363635,0,0.0,2,0.09090909090909091,16,0.7272727272727273,0,0.0,0,0.0,0,0.0,0,0.0
林步里,2,1,wemedia_only,21,2,2022-12,1.0,0.0,0.0,0,0.0,0,0.0,0,0.0,1,1.0,0,0.0,0,0.0,0,0.0,0,0.0,0,0.0
株洲发布,4,3,no_media,0,4,2022-11,0.0,0.0,1.0,0,0.0,0,0.0,0,0.0,0,0.0,3,1.0,0,0.0,0,0.0,0,0.0,0,0.0
核聚变ju,3,2,dual,24,2,2023-02,0.5,0.5,0.0,0,0.0,1,0.5,0,0.0,1,0.5,0,0.0,0,0.0,0,0.0,0,0.0,0,0.0
格尔达别怂,2,1,no_media,5,1,2022-12,0.0,0.0,0.0,0,0.0,0,0.0,0,0.0,0,0.0,0,0.0,0,0.0,0,0.0,0,0.0,1,1.0
格格雪红,2,1,wemedia_only,1,2,2023-02,0.0,0.0,0.0,0,0.0,0,0.0,0,0.0,0,0.0,0,0.0,0,0.0,0,0.0,0,0.0,1,1.0
桂哥猎手VIP777,2,1,no_media,5,2,2022-11,0.0,0.0,0.0,1,1.0,0,0.0,0,0.0,0,0.0,0,0.0,0,0.0,0,0.0,0,0.0,0,0.0
梅子在想什么,46,45,no_media,172,27,2022-12,0.13333333333333333,0.13333333333333333,0.2,3,0.06666666666666667,3,0.06666666666666667,3,0.06666666666666667,3,0.06666666666666667,9,0.2,7,0.15555555555555556,3,0.06666666666666667,7,0.15555555555555556,7,0.15555555555555556
梅干菜好吃,2,1,wemedia_only,3,2,2023-02,0.0,0.0,1.0,0,0.0,0,0.0,0,0.0,0,0.0,1,1.0,0,0.0,0,0.0,0,0.0,0,0.0
梦境飞行模式开启,2,1,no_media,0,2,2023-02,0.0,1.0,0.0,0,0.0,0,0.0,1,1.0,0,0.0,0,0.0,0,0.0,0,0.0,0,0.0,0,0.0
梨涡浅笑-s,2,1,no_media,2,2,2022-12,0.0,0.0,0.0,0,0.0,0,0.0,0,0.0,0,0.0,0,0.0,1,1.0,0,0.0,0,0.0,0,0.0
楚复生,3,2,wemedia_only,4,3,2022-11,0.0,0.0,1.0,0,0.0,0,0.0,0,0.0,0,0.0,2,1.0,0,0.0,0,0.0,0,0.0,0,0.0
榆林TV,5,4,no_media,0,5,2022-11,0.0,0.0,1.0,0,0.0,0,0.0,0,0.0,0,0.0,4,1.0,0,0.0,0,0.0,0,0.0,0,0.0
榆林日报,12,11,no_media,0,12,2022-10,0.0,0.0,1.0,0,0.0,0,0.0,0,0.0,0,0.0,11,1.0,0,0.0,0,0.0,0,0.0,0,0.0
槑小公子Mannie,2,1,no_media,0,2,2023-01,0.0,0.0,1.0,0,0.0,0,0.0,0,0.0,0,0.0,1,1.0,0,0.0,0,0.0,0,0.0,0,0.0
止谣君,2,1,mainstream_only,10,2,2022-12,0.0,1.0,0.0,0,0.0,1,1.0,0,0.0,0,0.0,0,0.0,0,0.0,0,0.0,0,0.0,0,0.0
正义网,2,1,no_media,0,2,2022-12,0.0,0.0,1.0,0,0.0,0,0.0,0,0.0,0,0.0,1,1.0,0,0.0,0,0.0,0,0.0,0,0.0
正观新闻,23,22,no_media,0,19,2022-10,0.0,0.0,1.0,0,0.0,0,0.0,0,0.0,0,0.0,22,1.0,0,0.0,0,0.0,0,0.0,0,0.0
武汉交通广播,24,23,no_media,0,19,2022-11,0.0,0.0,1.0,0,0.0,0,0.0,0,0.0,0,0.0,23,1.0,0,0.0,0,0.0,0,0.0,0,0.0
武汉发布,19,18,no_media,0,15,2022-10,0.0,0.0,1.0,0,0.0,0,0.0,0,0.0,0,0.0,18,1.0,0,0.0,0,0.0,0,0.0,0,0.0
武汉广播电视台,8,7,no_media,0,8,2022-10,0.0,0.0,1.0,0,0.0,0,0.0,0,0.0,0,0.0,7,1.0,0,0.0,0,0.0,0,0.0,0,0.0
武汉新闻,7,6,no_media,0,5,2022-12,0.0,0.0,1.0,0,0.0,0,0.0,0,0.0,0,0.0,6,1.0,0,0.0,0,0.0,0,0.0,0,0.0
武鑫垚LM,2,1,no_media,1,2,2022-12,0.0,0.0,0.0,0,0.0,0,0.0,0,0.0,0,0.0,0,0.0,0,0.0,0,0.0,0,0.0,1,1.0
死肥宅学长,2,1,wemedia_only,1,1,2022-12,0.0,0.0,1.0,0,0.0,0,0.0,0,0.0,0,0.0,1,1.0,0,0.0,0,0.0,0,0.0,0,0.0
每日商报,4,3,no_media,0,4,2022-12,0.0,0.0,1.0,0,0.0,0,0.0,0,0.0,0,0.0,3,1.0,0,0.0,0,0.0,0,0.0,0,0.0
每日经济新闻,33,32,no_media,0,28,2022-10,0.0,0.0,1.0,0,0.0,0,0.0,0,0.0,0,0.0,32,1.0,0,0.0,0,0.0,0,0.0,0,0.0
民勤县融媒体中心,2,1,mainstream_only,1,2,2022-12,0.0,0.0,1.0,0,0.0,0,0.0,0,0.0,0,0.0,1,1.0,0,0.0,0,0.0,0,0.0,0,0.0
永州发布,23,22,mainstream_only,4,19,2022-10,0.0,0.0,1.0,0,0.0,0,0.0,0,0.0,0,0.0,22,1.0,0,0.0,0,0.0,0,0.0,0,0.0
汉中发布,8,7,no_media,0,5,2022-10,0.0,0.0,1.0,0,0.0,0,0.0,0,0.0,0,0.0,7,1.0,0,0.0,0,0.0,0,0.0,0,0.0
汉方之家,2,1,mainstream_only,1,1,2023-02,0.0,0.0,1.0,0,0.0,0,0.0,0,0.0,0,0.0,1,1.0,0,0.0,0,0.0,0,0.0,0,0.0
汝定君,2,1,no_media,5,2,2023-01,0.0,0.0,1.0,0,0.0,0,0.0,0,0.0,0,0.0,1,1.0,0,0.0,0,0.0,0,0.0,0,0.0
江东·布衣,6,5,wemedia_only,4,6,2022-12,0.2,0.4,0.2,0,0.0,2,0.4,0,0.0,0,0.0,1,0.2,1,0.2,1,0.2,0,0.0,0,0.0
江南晚报,12,11,no_media,0,11,2022-11,0.0,0.0,1.0,0,0.0,0,0.0,0,0.0,0,0.0,11,1.0,0,0.0,0,0.0,0,0.0,0,0.0
江淮晨报,3,2,no_media,0,3,2022-11,0.0,0.0,1.0,0,0.0,0,0.0,0,0.0,0,0.0,2,1.0,0,0.0,0,0.0,0,0.0,0,0.0
江苏广播,2,1,no_media,0,2,2022-12,0.0,0.0,1.0,0,0.0,0,0.0,0,0.0,0,0.0,1,1.0,0,0.0,0,0.0,0,0.0,0,0.0
江苏新闻,6,5,no_media,0,5,2022-11,0.0,0.0,1.0,0,0.0,0,0.0,0,0.0,0,0.0,5,1.0,0,0.0,0,0.0,0,0.0,0,0.0
江西发布,5,4,no_media,0,5,2022-11,0.0,0.0,1.0,0,0.0,0,0.0,0,0.0,0,0.0,4,1.0,0,0.0,0,0.0,0,0.0,0,0.0
汪志鹏_peng,2,1,no_media,1,2,2023-01,1.0,0.0,0.0,0,0.0,0,0.0,0,0.0,0,0.0,0,0.0,0,0.0,1,1.0,0,0.0,0,0.0
沈先生nature,5,4,no_media,1,4,2022-12,0.0,0.0,1.0,0,0.0,0,0.0,0,0.0,0,0.0,4,1.0,0,0.0,0,0.0,0,0.0,0,0.0
沈阳日报,12,11,no_media,0,11,2022-10,0.0,0.0,1.0,0,0.0,0,0.0,0,0.0,0,0.0,11,1.0,0,0.0,0,0.0,0,0.0,0,0.0
沈阳网,12,11,no_media,0,10,2022-10,0.0,0.0,1.0,0,0.0,0,0.0,0,0.0,0,0.0,11,1.0,0,0.0,0,0.0,0,0.0,0,0.0
沐喵是只猫,2,1,no_media,1,2,2022-12,0.0,0.0,0.0,0,0.0,0,0.0,0,0.0,0,0.0,0,0.0,0,0.0,0,0.0,0,0.0,1,1.0
没吃过火锅_,2,1,no_media,5,2,2022-12,0.0,1.0,0.0,0,0.0,0,0.0,1,1.0,0,0.0,0,0.0,0,0.0,0,0.0,0,0.0,0,0.0
没有烧鸭子的魔芋,2,1,no_media,1,2,2023-01,0.0,0.0,0.0,0,0.0,0,0.0,0,0.0,0,0.0,0,0.0,0,0.0,0,0.0,0,0.0,1,1.0
沧州晚报,2,1,no_media,0,2,2022-12,0.0,0.0,1.0,0,0.0,0,0.0,0,0.0,0,0.0,1,1.0,0,0.0,0,0.0,0,0.0,0,0.0
河北法治报,2,1,no_media,0,2,2022-11,0.0,0.0,1.0,0,0.0,0,0.0,0,0.0,0,0.0,1,1.0,0,0.0,0,0.0,0,0.0,0,0.0
河北长城网,9,8,no_media,0,9,2022-11,0.0,0.0,1.0,0,0.0,0,0.0,0,0.0,0,0.0,8,1.0,0,0.0,0,0.0,0,0.0,0,0.0
河南一骏,2,1,no_media,0,2,2022-12,0.0,0.0,1.0,0,0.0,0,0.0,0,0.0,0,0.0,1,1.0,0,0.0,0,0.0,0,0.0,0,0.0
河南政府网,4,3,no_media,0,4,2022-10,0.0,0.0,1.0,0,0.0,0,0.0,0,0.0,0,0.0,3,1.0,0,0.0,0,0.0,0,0.0,0,0.0
河南日报农村版,3,2,no_media,0,2,2022-12,0.0,0.0,1.0,0,0.0,0,0.0,0,0.0,0,0.0,2,1.0,0,0.0,0,0.0,0,0.0,0,0.0
河口广电,2,1,mainstream_only,1,2,2023-01,0.0,0.0,1.0,0,0.0,0,0.0,0,0.0,0,0.0,1,1.0,0,0.0,0,0.0,0,0.0,0,0.0
法治日报,6,5,no_media,0,6,2022-12,0.0,0.0,1.0,0,0.0,0,0.0,0,0.0,0,0.0,5,1.0,0,0.0,0,0.0,0,0.0,0,0.0
泡财经APP,2,1,no_media,0,2,2022-11,0.0,0.0,1.0,0,0.0,0,0.0,0,0.0,0,0.0,1,1.0,0,0.0,0,0.0,0,0.0,0,0.0
泰州发布,3,2,no_media,0,3,2022-10,0.0,0.0,1.0,0,0.0,0,0.0,0,0.0,0,0.0,2,1.0,0,0.0,0,0.0,0,0.0,0,0.0
洛爷William,2,1,wemedia_only,1,2,2022-12,0.0,0.0,1.0,0,0.0,0,0.0,0,0.0,0,0.0,1,1.0,0,0.0,0,0.0,0,0.0,0,0.0
津云,12,11,no_media,0,9,2022-12,0.09090909090909091,0.09090909090909091,0.8181818181818182,0,0.0,1,0.09090909090909091,0,0.0,1,0.09090909090909091,9,0.8181818181818182,0,0.0,0,0.0,0,0.0,0,0.0
津云新闻,15,14,mainstream_only,3,13,2022-11,0.07142857142857142,0.07142857142857142,0.8571428571428571,0,0.0,1,0.07142857142857142,0,0.0,1,0.07142857142857142,12,0.8571428571428571,0,0.0,0,0.0,0,0.0,0,0.0
浅禾聊人物,2,1,no_media,0,2,2023-01,0.0,0.0,0.0,0,0.0,0,0.0,0,0.0,0,0.0,0,0.0,0,0.0,0,0.0,0,0.0,1,1.0
济南日报,8,7,no_media,0,8,2022-12,0.0,0.0,1.0,0,0.0,0,0.0,0,0.0,0,0.0,7,1.0,0,0.0,0,0.0,0,0.0,0,0.0
济宁市全媒体辟谣平台,2,1,no_media,0,2,2022-12,0.0,0.0,1.0,0,0.0,0,0.0,0,0.0,0,0.0,1,1.0,0,0.0,0,0.0,0,0.0,0,0.0
济宁新闻网,23,22,no_media,0,18,2022-10,0.0,0.0,1.0,0,0.0,0,0.0,0,0.0,0,0.0,22,1.0,0,0.0,0,0.0,0,0.0,0,0.0
济报鲁中,6,5,no_media,0,5,2022-12,0.0,0.0,1.0,0,0.0,0,0.0,0,0.0,0,0.0,5,1.0,0,0.0,0,0.0,0,0.0,0,0.0
浙江在线,7,6,no_media,0,6,2022-12,0.0,0.0,1.0,0,0.0,0,0.0,0,0.0,0,0.0,6,1.0,0,0.0,0,0.0,0,0.0,0,0.0
浦东发布,10,9,wemedia_only,2,9,2022-11,0.0,0.0,1.0,0,0.0,0,0.0,0,0.0,0,0.0,9,1.0,0,0.0,0,0.0,0,0.0,0,0.0
浦江发布,12,11,no_media,0,10,2022-11,0.0,0.0,1.0,0,0.0,0,0.0,0,0.0,0,0.0,11,1.0,0,0.0,0,0.0,0,0.0,0,0.0
海南文旅频道,37,36,no_media,0,23,2022-12,0.0,0.0,1.0,0,0.0,0,0.0,0,0.0,0,0.0,36,1.0,0,0.0,0,0.0,0,0.0,0,0.0
海南新闻广播,4,3,no_media,0,4,2022-12,0.0,0.0,1.0,0,0.0,0,0.0,0,0.0,0,0.0,3,1.0,0,0.0,0,0.0,0,0.0,0,0.0
海南日报,3,2,no_media,0,3,2022-12,0.0,0.0,1.0,0,0.0,0,0.0,0,0.0,0,0.0,2,1.0,0,0.0,0,0.0,0,0.0,0,0.0
海南特区报,6,5,no_media,0,6,2022-12,0.0,0.0,1.0,0,0.0,0,0.0,0,0.0,0,0.0,5,1.0,0,0.0,0,0.0,0,0.0,0,0.0
海口直播12345,6,5,no_media,0,6,2022-11,0.0,0.0,1.0,0,0.0,0,0.0,0,0.0,0,0.0,5,1.0,0,0.0,0,0.0,0,0.0,0,0.0
海峡导报,19,18,no_media,0,18,2022-10,0.0,0.0,1.0,0,0.0,0,0.0,0,0.0,0,0.0,18,1.0,0,0.0,0,0.0,0,0.0,0,0.0
海门之窗,9,8,no_media,0,8,2022-12,0.0,0.0,1.0,0,0.0,0,0.0,0,0.0,0,0.0,8,1.0,0,0.0,0,0.0,0,0.0,0,0.0
淄博警方,2,1,no_media,0,2,2023-01,0.0,0.0,1.0,0,0.0,0,0.0,0,0.0,0,0.0,1,1.0,0,0.0,0,0.0,0,0.0,0,0.0
淮北新闻网,2,1,no_media,0,2,2022-12,0.0,0.0,1.0,0,0.0,0,0.0,0,0.0,0,0.0,1,1.0,0,0.0,0,0.0,0,0.0,0,0.0
深圳新闻网,3,2,no_media,0,3,2022-12,0.0,0.0,1.0,0,0.0,0,0.0,0,0.0,0,0.0,2,1.0,0,0.0,0,0.0,0,0.0,0,0.0
深圳特区报,12,11,no_media,0,9,2022-11,0.0,0.0,1.0,0,0.0,0,0.0,0,0.0,0,0.0,11,1.0,0,0.0,0,0.0,0,0.0,0,0.0
渠兮,2,1,wemedia_only,1,2,2022-10,0.0,1.0,0.0,0,0.0,0,0.0,1,1.0,0,0.0,0,0.0,0,0.0,0,0.0,0,0.0,0,0.0
温婉的塔尖,2,1,no_media,0,2,2022-10,0.0,0.0,1.0,0,0.0,0,0.0,0,0.0,0,0.0,1,1.0,0,0.0,0,0.0,0,0.0,0,0.0
温州发布,7,6,mainstream_only,2,6,2022-12,0.0,0.0,1.0,0,0.0,0,0.0,0,0.0,0,0.0,6,1.0,0,0.0,0,0.0,0,0.0,0,0.0
渭南日报社,5,4,no_media,0,5,2022-10,0.0,0.0,1.0,0,0.0,0,0.0,0,0.0,0,0.0,4,1.0,0,0.0,0,0.0,0,0.0,0,0.0
游仙公安,2,1,mainstream_only,12,1,2022-10,0.0,0.0,1.0,0,0.0,0,0.0,0,0.0,0,0.0,1,1.0,0,0.0,0,0.0,0,0.0,0,0.0
湖北之声,25,24,no_media,0,17,2022-11,0.0,0.0,1.0,0,0.0,0,0.0,0,0.0,0,0.0,24,1.0,0,0.0,0,0.0,0,0.0,0,0.0
湖北发布,13,12,no_media,0,12,2022-10,0.0,0.0,1.0,0,0.0,0,0.0,0,0.0,0,0.0,12,1.0,0,0.0,0,0.0,0,0.0,0,0.0
湖北新闻,24,23,no_media,0,18,2022-10,0.0,0.0,1.0,0,0.0,0,0.0,0,0.0,0,0.0,23,1.0,0,0.0,0,0.0,0,0.0,0,0.0
湖北电视台官方微博,3,2,no_media,0,3,2022-11,0.0,0.0,1.0,0,0.0,0,0.0,0,0.0,0,0.0,2,1.0,0,0.0,0,0.0,0,0.0,0,0.0
湖北省政府门户网站,16,15,no_media,0,16,2022-10,0.0,0.0,1.0,0,0.0,0,0.0,0,0.0,0,0.0,15,1.0,0,0.0,0,0.0,0,0.0,0,0.0
湖南民生网,4,3,no_media,0,4,2022-12,0.0,0.0,1.0,0,0.0,0,0.0,0,0.0,0,0.0,3,1.0,0,0.0,0,0.0,0,0.0,0,0.0
源-氏-物-语,7,6,no_media,13,6,2022-12,0.16666666666666666,0.16666666666666666,0.0,0,0.0,0,0.0,1,0.16666666666666666,0,0.0,0,0.0,1,0.16666666666666666,1,0.16666666666666666,2,0.3333333333333333,1,0.16666666666666666
溧阳人在珀斯,11,10,dual,19,9,2022-11,0.3,0.3,0.4,0,0.0,3,0.3,0,0.0,3,0.3,4,0.4,0,0.0,0,0.0,0,0.0,0,0.0
滁州楼市,5,4,no_media,0,5,2022-12,0.0,0.0,1.0,0,0.0,0,0.0,0,0.0,0,0.0,4,1.0,0,0.0,0,0.0,0,0.0,0,0.0
漫长岁月,2,1,wemedia_only,3,2,2022-10,0.0,0.0,0.0,0,0.0,0,0.0,0,0.0,0,0.0,0,0.0,1,1.0,0,0.0,0,0.0,0,0.0
潇洒的瑷娃,6,5,no_media,7,4,2022-12,0.0,0.0,0.4,0,0.0,0,0.0,0,0.0,0,0.0,2,0.4,2,0.4,0,0.0,1,0.2,0,0.0
潘彼得PeterPan,2,1,wemedia_only,5,2,2022-12,0.0,1.0,0.0,0,0.0,1,1.0,0,0.0,0,0.0,0,0.0,0,0.0,0,0.0,0,0.0,0,0.0
澄城检察,5,4,no_media,0,5,2022-12,0.0,0.0,1.0,0,0.0,0,0.0,0,0.0,0,0.0,4,1.0,0,0.0,0,0.0,0,0.0,0,0.0
澎湃新闻,31,30,no_media,0,22,2022-12,0.0,0.0,1.0,0,0.0,0,0.0,0,0.0,0,0.0,30,1.0,0,0.0,0,0.0,0,0.0,0,0.0
灰产圈_,6,5,no_media,0,5,2022-11,0.2,0.4,0.4,0,0.0,2,0.4,0,0.0,1,0.2,2,0.4,0,0.0,0,0.0,0,0.0,0,0.0
点金榜榜首-石水淼,2,1,no_media,10,2,2023-01,0.0,0.0,1.0,0,0.0,0,0.0,0,0.0,0,0.0,1,1.0,0,0.0,0,0.0,0,0.0,0,0.0
烟台问家,4,3,no_media,0,3,2023-01,0.0,0.0,1.0,0,0.0,0,0.0,0,0.0,0,0.0,3,1.0,0,0.0,0,0.0,0,0.0,0,0.0
烟雨楼百年孤独,7,6,wemedia_only,8,6,2022-10,0.0,0.0,1.0,0,0.0,0,0.0,0,0.0,0,0.0,6,1.0,0,0.0,0,0.0,0,0.0,0,0.0
烟雨笙笙,3,2,mainstream_only,9,1,2023-02,0.0,0.0,1.0,0,0.0,0,0.0,0,0.0,0,0.0,2,1.0,0,0.0,0,0.0,0,0.0,0,0.0
焦作广播电视台,2,1,no_media,0,2,2022-12,0.0,0.0,1.0,0,0.0,0,0.0,0,0.0,0,0.0,1,1.0,0,0.0,0,0.0,0,0.0,0,0.0
熊猫和朋友们,3,2,no_media,7,3,2022-12,0.0,0.0,1.0,0,0.0,0,0.0,0,0.0,0,0.0,2,1.0,0,0.0,0,0.0,0,0.0,0,0.0
燕赵晚报,2,1,no_media,0,2,2022-12,0.0,0.0,1.0,0,0.0,0,0.0,0,0.0,0,0.0,1,1.0,0,0.0,0,0.0,0,0.0,0,0.0
爱健身滴阿茶smiling,3,2,no_media,0,3,2023-01,0.0,0.0,0.0,0,0.0,0,0.0,0,0.0,0,0.0,0,0.0,0,0.0,0,0.0,0,0.0,2,1.0
爱好吃喝玩乐的画家,2,1,no_media,0,2,2023-01,0.0,0.0,1.0,0,0.0,0,0.0,0,0.0,0,0.0,1,1.0,0,0.0,0,0.0,0,0.0,0,0.0
爱济南发布,3,2,no_media,0,3,2022-12,0.0,0.0,1.0,0,0.0,0,0.0,0,0.0,0,0.0,2,1.0,0,0.0,0,0.0,0,0.0,0,0.0
爱看头条,8,7,no_media,0,8,2022-11,0.0,0.0,1.0,0,0.0,0,0.0,0,0.0,0,0.0,7,1.0,0,0.0,0,0.0,0,0.0,0,0.0
牛神nddpg111,3,2,wemedia_only,3,2,2022-10,0.0,0.0,1.0,0,0.0,0,0.0,0,0.0,0,0.0,2,1.0,0,0.0,0,0.0,0,0.0,0,0.0
独立小楼99,6,5,dual,10,6,2022-12,0.0,0.2,0.8,0,0.0,1,0.2,0,0.0,0,0.0,4,0.8,0,0.0,0,0.0,0,0.0,0,0.0
猫猫猫粮管够,2,1,wemedia_only,5,2,2023-02,0.0,0.0,0.0,0,0.0,0,0.0,0,0.0,0,0.0,0,0.0,1,1.0,0,0.0,0,0.0,0,0.0
玉门市融媒体中心,8,7,no_media,0,5,2022-12,0.0,0.0,1.0,0,0.0,0,0.0,0,0.0,0,0.0,7,1.0,0,0.0,0,0.0,0,0.0,0,0.0
王言嘉-,5,4,wemedia_only,5,5,2022-12,0.0,0.0,1.0,0,0.0,0,0.0,0,0.0,0,0.0,4,1.0,0,0.0,0,0.0,0,0.0,0,0.0
环球时报,14,13,no_media,0,12,2022-11,0.0,0.0,1.0,0,0.0,0,0.0,0,0.0,0,0.0,13,1.0,0,0.0,0,0.0,0,0.0,0,0.0
环视频,2,1,no_media,0,2,2022-12,0.0,0.0,1.0,0,0.0,0,0.0,0,0.0,0,0.0,1,1.0,0,0.0,0,0.0,0,0.0,0,0.0
现代快报,4,3,no_media,0,4,2022-12,0.0,0.0,1.0,0,0.0,0,0.0,0,0.0,0,0.0,3,1.0,0,0.0,0,0.0,0,0.0,0,0.0
珍珠滩1,2,1,wemedia_only,6,2,2023-02,0.0,0.0,1.0,0,0.0,0,0.0,0,0.0,0,0.0,1,1.0,0,0.0,0,0.0,0,0.0,0,0.0
珺雅口腔,4,3,no_media,0,3,2022-12,0.0,0.0,1.0,0,0.0,0,0.0,0,0.0,0,0.0,3,1.0,0,0.0,0,0.0,0,0.0,0,0.0
瑟颜瑟语,2,1,wemedia_only,5,1,2023-02,0.0,0.0,1.0,0,0.0,0,0.0,0,0.0,0,0.0,1,1.0,0,0.0,0,0.0,0,0.0,0,0.0
甘肃共青团,4,3,no_media,0,4,2022-10,0.0,0.0,1.0,0,0.0,0,0.0,0,0.0,0,0.0,3,1.0,0,0.0,0,0.0,0,0.0,0,0.0
甘肃日报,2,1,no_media,0,2,2022-12,0.0,0.0,1.0,0,0.0,0,0.0,0,0.0,0,0.0,1,1.0,0,0.0,0,0.0,0,0.0,0,0.0
生于忧患boomboom,2,1,no_media,0,1,2023-01,0.0,0.0,0.0,0,0.0,0,0.0,0,0.0,0,0.0,0,0.0,0,0.0,0,0.0,0,0.0,1,1.0
生命时报,16,15,no_media,0,14,2022-12,0.0,0.0,1.0,0,0.0,0,0.0,0,0.0,0,0.0,15,1.0,0,0.0,0,0.0,0,0.0,0,0.0
用户1796753123,2,1,no_media,0,2,2023-01,0.0,0.0,1.0,0,0.0,0,0.0,0,0.0,0,0.0,1,1.0,0,0.0,0,0.0,0,0.0,0,0.0
用户5371581768,2,1,wemedia_only,13,1,2023-02,0.0,0.0,1.0,0,0.0,0,0.0,0,0.0,0,0.0,1,1.0,0,0.0,0,0.0,0,0.0,0,0.0
用户5889073289波波,6,5,no_media,16,4,2023-01,0.4,0.2,0.0,2,0.4,0,0.0,1,0.2,0,0.0,0,0.0,0,0.0,2,0.4,0,0.0,0,0.0
用户7821370827,8,7,dual,40,4,2023-02,0.2857142857142857,0.2857142857142857,0.14285714285714285,2,0.2857142857142857,2,0.2857142857142857,0,0.0,2,0.2857142857142857,1,0.14285714285714285,0,0.0,0,0.0,0,0.0,0,0.0
男科医生王古道,5,4,no_media,0,5,2022-11,0.0,0.0,1.0,0,0.0,0,0.0,0,0.0,0,0.0,4,1.0,0,0.0,0,0.0,0,0.0,0,0.0
界面新闻,7,6,no_media,0,6,2022-11,0.0,0.0,1.0,0,0.0,0,0.0,0,0.0,0,0.0,6,1.0,0,0.0,0,0.0,0,0.0,0,0.0
留坝检察院,2,1,mainstream_only,2,1,2023-02,0.0,0.0,1.0,0,0.0,0,0.0,0,0.0,0,0.0,1,1.0,0,0.0,0,0.0,0,0.0,0,0.0
疯魔JojO,2,1,no_media,0,2,2023-01,0.0,1.0,0.0,0,0.0,1,1.0,0,0.0,0,0.0,0,0.0,0,0.0,0,0.0,0,0.0,0,0.0
登高_2023,2,1,mainstream_only,1,2,2022-12,0.0,0.0,1.0,0,0.0,0,0.0,0,0.0,0,0.0,1,1.0,0,0.0,0,0.0,0,0.0,0,0.0
白水检察,2,1,mainstream_only,4,2,2022-11,0.0,0.0,1.0,0,0.0,0,0.0,0,0.0,0,0.0,1,1.0,0,0.0,0,0.0,0,0.0,0,0.0
白衫缺个衬,4,3,no_media,23,4,2023-01,0.0,0.0,0.0,0,0.0,0,0.0,0,0.0,0,0.0,0,0.0,0,0.0,0,0.0,0,0.0,3,1.0
白鹿视频,3,2,no_media,0,3,2022-12,0.0,0.0,1.0,0,0.0,0,0.0,0,0.0,0,0.0,2,1.0,0,0.0,0,0.0,0,0.0,0,0.0
百津禾,6,5,no_media,1,2,2022-12,0.2,0.4,0.2,1,0.2,2,0.4,0,0.0,1,0.2,1,0.2,0,0.0,0,0.0,0,0.0,0,0.0
百龄干细胞,2,1,no_media,0,2,2023-01,0.0,0.0,1.0,0,0.0,0,0.0,0,0.0,0,0.0,1,1.0,0,0.0,0,0.0,0,0.0,0,0.0
皇族养心堂卢阿姨,2,1,wemedia_only,1,2,2023-02,0.0,0.0,0.0,0,0.0,0,0.0,0,0.0,0,0.0,0,0.0,1,1.0,0,0.0,0,0.0,0,0.0
皇汉1976,22,21,wemedia_only,24,11,2023-02,0.23809523809523808,0.23809523809523808,0.38095238095238093,1,0.047619047619047616,5,0.23809523809523808,0,0.0,5,0.23809523809523808,8,0.38095238095238093,1,0.047619047619047616,0,0.0,1,0.047619047619047616,0,0.0
盖世英雄玉椒龙,3,2,wemedia_only,5,2,2023-02,0.5,0.0,0.0,1,0.5,0,0.0,0,0.0,0,0.0,0,0.0,0,0.0,1,0.5,0,0.0,0,0.0
直播南京官方版,2,1,no_media,0,2,2023-01,0.0,0.0,1.0,0,0.0,0,0.0,0,0.0,0,0.0,1,1.0,0,0.0,0,0.0,0,0.0,0,0.0
直播海南,3,2,no_media,0,2,2022-12,0.0,0.0,1.0,0,0.0,0,0.0,0,0.0,0,0.0,2,1.0,0,0.0,0,0.0,0,0.0,0,0.0
看宜兴,2,1,mainstream_only,1,2,2023-02,0.0,0.0,1.0,0,0.0,0,0.0,0,0.0,0,0.0,1,1.0,0,0.0,0,0.0,0,0.0,0,0.0
看成都,2,1,mainstream_only,1,2,2023-02,0.0,0.0,1.0,0,0.0,0,0.0,0,0.0,0,0.0,1,1.0,0,0.0,0,0.0,0,0.0,0,0.0
看看新闻KNEWS,10,9,no_media,0,9,2022-10,0.0,0.0,1.0,0,0.0,0,0.0,0,0.0,0,0.0,9,1.0,0,0.0,0,0.0,0,0.0,0,0.0
看看新闻正能量,7,6,no_media,0,6,2022-10,0.0,0.0,1.0,0,0.0,0,0.0,0,0.0,0,0.0,6,1.0,0,0.0,0,0.0,0,0.0,0,0.0
知知贵阳,8,7,no_media,0,8,2022-10,0.0,0.0,1.0,0,0.0,0,0.0,0,0.0,0,0.0,7,1.0,0,0.0,0,0.0,0,0.0,0,0.0
知闲者也,2,1,no_media,0,2,2022-12,1.0,0.0,0.0,0,0.0,0,0.0,0,0.0,0,0.0,0,0.0,0,0.0,1,1.0,0,0.0,0,0.0
石家庄日报,6,5,no_media,0,6,2022-12,0.0,0.0,1.0,0,0.0,0,0.0,0,0.0,0,0.0,5,1.0,0,0.0,0,0.0,0,0.0,0,0.0
硚口发布,24,23,no_media,0,19,2022-10,0.043478260869565216,0.043478260869565216,0.9130434782608695,0,0.0,1,0.043478260869565216,0,0.0,1,0.043478260869565216,21,0.9130434782608695,0,0.0,0,0.0,0,0.0,0,0.0
祖传中医妇科韩悦,2,1,no_media,0,2,2023-01,0.0,0.0,1.0,0,0.0,0,0.0,0,0.0,0,0.0,1,1.0,0,0.0,0,0.0,0,0.0,0,0.0
祖传中医肖春林,4,3,wemedia_only,1,3,2023-02,0.0,0.0,1.0,0,0.0,0,0.0,0,0.0,0,0.0,3,1.0,0,0.0,0,0.0,0,0.0,0,0.0
祝由院,3,2,no_media,0,3,2023-01,0.0,0.0,1.0,0,0.0,0,0.0,0,0.0,0,0.0,2,1.0,0,0.0,0,0.0,0,0.0,0,0.0
福州新闻网fznews,8,7,no_media,0,8,2022-11,0.0,0.0,1.0,0,0.0,0,0.0,0,0.0,0,0.0,7,1.0,0,0.0,0,0.0,0,0.0,0,0.0
福建东南网,6,5,no_media,0,6,2022-11,0.0,0.0,1.0,0,0.0,0,0.0,0,0.0,0,0.0,5,1.0,0,0.0,0,0.0,0,0.0,0,0.0
福建卫生报,6,5,no_media,0,6,2022-12,0.0,0.0,1.0,0,0.0,0,0.0,0,0.0,0,0.0,5,1.0,0,0.0,0,0.0,0,0.0,0,0.0
福建森林消防,4,3,no_media,0,3,2022-12,0.0,0.0,1.0,0,0.0,0,0.0,0,0.0,0,0.0,3,1.0,0,0.0,0,0.0,0,0.0,0,0.0
科技日报,5,4,no_media,0,5,2022-11,0.0,0.0,1.0,0,0.0,0,0.0,0,0.0,0,0.0,4,1.0,0,0.0,0,0.0,0,0.0,0,0.0
科普中国,6,5,no_media,0,5,2022-11,0.0,0.0,1.0,0,0.0,0,0.0,0,0.0,0,0.0,5,1.0,0,0.0,0,0.0,0,0.0,0,0.0
秦梦琉,3,2,dual,9,1,2022-12,0.0,0.0,1.0,0,0.0,0,0.0,0,0.0,0,0.0,2,1.0,0,0.0,0,0.0,0,0.0,0,0.0
空陵吸管,2,1,no_media,2,2,2022-12,0.0,0.0,1.0,0,0.0,0,0.0,0,0.0,0,0.0,1,1.0,0,0.0,0,0.0,0,0.0,0,0.0
穿羽绒服的眯眯眼,8,7,no_media,11,7,2022-12,0.14285714285714285,0.0,0.0,0,0.0,0,0.0,0,0.0,0,0.0,0,0.0,1,0.14285714285714285,1,0.14285714285714285,1,0.14285714285714285,4,0.5714285714285714
章鱼洋洋,2,1,wemedia_only,3,1,2022-12,0.0,0.0,1.0,0,0.0,0,0.0,0,0.0,0,0.0,1,1.0,0,0.0,0,0.0,0,0.0,0,0.0
童姐营养师和小炟同学,3,2,no_media,1,3,2023-01,0.0,0.0,1.0,0,0.0,0,0.0,0,0.0,0,0.0,2,1.0,0,0.0,0,0.0,0,0.0,0,0.0
童宜棠,3,2,no_media,0,2,2022-12,0.0,0.0,1.0,0,0.0,0,0.0,0,0.0,0,0.0,2,1.0,0,0.0,0,0.0,0,0.0,0,0.0
童童叶1598,2,1,wemedia_only,2,1,2023-01,1.0,0.0,0.0,0,0.0,0,0.0,0,0.0,0,0.0,0,0.0,0,0.0,1,1.0,0,0.0,0,0.0
笔耕太行,2,1,no_media,0,2,2022-11,0.0,0.0,1.0,0,0.0,0,0.0,0,0.0,0,0.0,1,1.0,0,0.0,0,0.0,0,0.0,0,0.0
笛卡吾,2,1,wemedia_only,3,1,2023-02,0.0,0.0,1.0,0,0.0,0,0.0,0,0.0,0,0.0,1,1.0,0,0.0,0,0.0,0,0.0,0,0.0
笨笨是个有知识的好青年,2,1,no_media,5,2,2023-02,0.0,1.0,0.0,0,0.0,1,1.0,0,0.0,0,0.0,0,0.0,0,0.0,0,0.0,0,0.0,0,0.0
第一财经YiMagazine,3,2,no_media,0,3,2022-12,0.0,0.0,1.0,0,0.0,0,0.0,0,0.0,0,0.0,2,1.0,0,0.0,0,0.0,0,0.0,0,0.0
米米油,2,1,mainstream_only,1,2,2023-02,0.0,1.0,0.0,0,0.0,1,1.0,0,0.0,0,0.0,0,0.0,0,0.0,0,0.0,0,0.0,0,0.0
红塔区发布,10,9,no_media,0,8,2022-10,0.0,0.0,1.0,0,0.0,0,0.0,0,0.0,0,0.0,9,1.0,0,0.0,0,0.0,0,0.0,0,0.0
红星新闻,15,14,no_media,0,14,2022-12,0.0,0.0,1.0,0,0.0,0,0.0,0,0.0,0,0.0,14,1.0,0,0.0,0,0.0,0,0.0,0,0.0
红星视频,4,3,no_media,0,4,2022-12,0.0,0.0,1.0,0,0.0,0,0.0,0,0.0,0,0.0,3,1.0,0,0.0,0,0.0,0,0.0,0,0.0
红星资本局,2,1,no_media,0,2,2022-12,0.0,0.0,1.0,0,0.0,0,0.0,0,0.0,0,0.0,1,1.0,0,0.0,0,0.0,0,0.0,0,0.0
绍兴发布,2,1,mainstream_only,2,2,2023-02,0.0,0.0,1.0,0,0.0,0,0.0,0,0.0,0,0.0,1,1.0,0,0.0,0,0.0,0,0.0,0,0.0
绎萦在努力,2,1,no_media,3,2,2022-12,0.0,0.0,0.0,0,0.0,0,0.0,0,0.0,0,0.0,0,0.0,0,0.0,0,0.0,0,0.0,1,1.0
经济参考报,2,1,no_media,0,2,2022-12,0.0,0.0,1.0,0,0.0,0,0.0,0,0.0,0,0.0,1,1.0,0,0.0,0,0.0,0,0.0,0,0.0
经济日报,3,2,no_media,0,3,2022-10,0.0,0.0,1.0,0,0.0,0,0.0,0,0.0,0,0.0,2,1.0,0,0.0,0,0.0,0,0.0,0,0.0
绥阳人民检察,2,1,no_media,0,2,2023-01,0.0,0.0,1.0,0,0.0,0,0.0,0,0.0,0,0.0,1,1.0,0,0.0,0,0.0,0,0.0,0,0.0
绪刚观天,3,2,no_media,0,3,2022-11,0.0,0.0,1.0,0,0.0,0,0.0,0,0.0,0,0.0,2,1.0,0,0.0,0,0.0,0,0.0,0,0.0
绵阳公安交警,2,1,no_media,0,2,2022-10,0.0,0.0,1.0,0,0.0,0,0.0,0,0.0,0,0.0,1,1.0,0,0.0,0,0.0,0,0.0,0,0.0
罗百竹,9,8,wemedia_only,13,7,2022-10,0.125,0.125,0.5,0,0.0,1,0.125,0,0.0,1,0.125,4,0.5,1,0.125,0,0.0,1,0.125,0,0.0
羊城晚报,12,11,no_media,0,10,2022-10,0.0,0.0,1.0,0,0.0,0,0.0,0,0.0,0,0.0,11,1.0,0,0.0,0,0.0,0,0.0,0,0.0
羊城晚报金羊网,14,13,no_media,0,11,2022-11,0.0,0.0,1.0,0,0.0,0,0.0,0,0.0,0,0.0,13,1.0,0,0.0,0,0.0,0,0.0,0,0.0
美东侨报,2,1,no_media,0,2,2022-10,0.0,0.0,1.0,0,0.0,0,0.0,0,0.0,0,0.0,1,1.0,0,0.0,0,0.0,0,0.0,0,0.0
美国侨报网,5,4,no_media,0,4,2022-11,0.25,0.25,0.5,0,0.0,1,0.25,0,0.0,1,0.25,2,0.5,0,0.0,0,0.0,0,0.0,0,0.0
美国医级资源_Sonmore,2,1,wemedia_only,8,2,2022-10,0.0,0.0,1.0,0,0.0,0,0.0,0,0.0,0,0.0,1,1.0,0,0.0,0,0.0,0,0.0,0,0.0
美好滁州,5,4,no_media,0,5,2022-12,0.0,0.0,1.0,0,0.0,0,0.0,0,0.0,0,0.0,4,1.0,0,0.0,0,0.0,0,0.0,0,0.0
美好的圆溜溜,8,7,wemedia_only,1,5,2023-02,0.0,0.0,1.0,0,0.0,0,0.0,0,0.0,0,0.0,7,1.0,0,0.0,0,0.0,0,0.0,0,0.0
群众新闻网,2,1,no_media,0,2,2022-12,0.0,0.0,1.0,0,0.0,0,0.0,0,0.0,0,0.0,1,1.0,0,0.0,0,0.0,0,0.0,0,0.0
老莊孫子吴氏唠,2,1,no_media,1,2,2022-11,0.0,0.0,1.0,0,0.0,0,0.0,0,0.0,0,0.0,1,1.0,0,0.0,0,0.0,0,0.0,0,0.0
育儿专家-王玉玮,2,1,wemedia_only,7,1,2022-12,0.0,0.0,1.0,0,0.0,0,0.0,0,0.0,0,0.0,1,1.0,0,0.0,0,0.0,0,0.0,0,0.0
胸口碎大石呀,5,4,no_media,0,4,2022-10,0.0,0.25,0.0,3,0.75,1,0.25,0,0.0,0,0.0,0,0.0,0,0.0,0,0.0,0,0.0,0,0.0
腻莫似吧,2,1,no_media,0,1,2022-12,0.0,0.0,0.0,0,0.0,0,0.0,0,0.0,0,0.0,0,0.0,1,1.0,0,0.0,0,0.0,0,0.0
自话财经,2,1,no_media,0,2,2022-11,0.0,0.0,1.0,0,0.0,0,0.0,0,0.0,0,0.0,1,1.0,0,0.0,0,0.0,0,0.0,0,0.0
芦小果同学,2,1,no_media,0,2,2023-01,1.0,0.0,0.0,0,0.0,0,0.0,0,0.0,0,0.0,0,0.0,0,0.0,1,1.0,0,0.0,0,0.0
花姐聊宫颈,3,2,no_media,0,2,2023-01,0.0,0.5,0.0,0,0.0,0,0.0,1,0.5,0,0.0,0,0.0,0,0.0,0,0.0,1,0.5,0,0.0
花开邹平耿宏业,2,1,wemedia_only,2,1,2023-02,0.0,0.0,1.0,0,0.0,0,0.0,0,0.0,0,0.0,1,1.0,0,0.0,0,0.0,0,0.0,0,0.0
若vs衡,2,1,wemedia_only,3,2,2022-12,0.0,0.0,0.0,0,0.0,0,0.0,0,0.0,0,0.0,0,0.0,0,0.0,0,0.0,1,1.0,0,0.0
英国Cytoplan营养补充品,2,1,no_media,2,2,2023-01,0.0,0.0,1.0,0,0.0,0,0.0,0,0.0,0,0.0,1,1.0,0,0.0,0,0.0,0,0.0,0,0.0
茫茫本尊,2,1,dual,12,1,2023-02,0.0,0.0,0.0,0,0.0,0,0.0,0,0.0,0,0.0,0,0.0,0,0.0,0,0.0,0,0.0,1,1.0
荆楚网,3,2,no_media,0,3,2022-12,0.0,0.0,1.0,0,0.0,0,0.0,0,0.0,0,0.0,2,1.0,0,0.0,0,0.0,0,0.0,0,0.0
荆门发布,2,1,no_media,0,2,2022-12,0.0,0.0,1.0,0,0.0,0,0.0,0,0.0,0,0.0,1,1.0,0,0.0,0,0.0,0,0.0,0,0.0
荔枝新闻,5,4,no_media,0,5,2023-01,0.0,0.0,1.0,0,0.0,0,0.0,0,0.0,0,0.0,4,1.0,0,0.0,0,0.0,0,0.0,0,0.0
荔枝网,2,1,no_media,0,2,2023-01,0.0,0.0,1.0,0,0.0,0,0.0,0,0.0,0,0.0,1,1.0,0,0.0,0,0.0,0,0.0,0,0.0
荔直播,5,4,no_media,0,5,2022-11,0.0,0.0,1.0,0,0.0,0,0.0,0,0.0,0,0.0,4,1.0,0,0.0,0,0.0,0,0.0,0,0.0
荣耀西安网,2,1,no_media,0,2,2022-12,0.0,0.0,1.0,0,0.0,0,0.0,0,0.0,0,0.0,1,1.0,0,0.0,0,0.0,0,0.0,0,0.0
药子陌,3,2,wemedia_only,4,3,2022-12,0.0,0.0,1.0,0,0.0,0,0.0,0,0.0,0,0.0,2,1.0,0,0.0,0,0.0,0,0.0,0,0.0
药师驾到助健康,2,1,wemedia_only,1,1,2022-12,0.0,0.0,1.0,0,0.0,0,0.0,0,0.0,0,0.0,1,1.0,0,0.0,0,0.0,0,0.0,0,0.0
莫哭莫闹,6,5,no_media,0,6,2022-12,0.0,0.2,0.0,1,0.2,0,0.0,1,0.2,0,0.0,0,0.0,0,0.0,0,0.0,0,0.0,3,0.6
营养师刘遂谦,2,1,no_media,2,2,2023-01,0.0,0.0,1.0,0,0.0,0,0.0,0,0.0,0,0.0,1,1.0,0,0.0,0,0.0,0,0.0,0,0.0
萧亚轩新男朋友是谁,2,1,no_media,0,2,2022-10,0.0,1.0,0.0,0,0.0,0,0.0,1,1.0,0,0.0,0,0.0,0,0.0,0,0.0,0,0.0,0,0.0
蒙味始觉,3,2,wemedia_only,20,3,2022-10,0.0,0.0,1.0,0,0.0,0,0.0,0,0.0,0,0.0,2,1.0,0,0.0,0,0.0,0,0.0,0,0.0
蔡子博士,2,1,no_media,0,1,2022-11,0.0,0.0,1.0,0,0.0,0,0.0,0,0.0,0,0.0,1,1.0,0,0.0,0,0.0,0,0.0,0,0.0
虎座鸟,3,2,no_media,0,3,2022-11,0.0,0.0,1.0,0,0.0,0,0.0,0,0.0,0,0.0,2,1.0,0,0.0,0,0.0,0,0.0,0,0.0
袅袅水芝红nnszh,4,3,mainstream_only,1,3,2022-12,0.3333333333333333,0.3333333333333333,0.0,1,0.3333333333333333,1,0.3333333333333333,0,0.0,1,0.3333333333333333,0,0.0,0,0.0,0,0.0,0,0.0,0,0.0
西固发布,5,4,no_media,0,5,2022-12,0.0,0.0,1.0,0,0.0,0,0.0,0,0.0,0,0.0,4,1.0,0,0.0,0,0.0,0,0.0,0,0.0
西墨西墨,3,2,no_media,3,3,2023-01,0.0,0.0,0.0,0,0.0,0,0.0,0,0.0,0,0.0,0,0.0,0,0.0,0,0.0,0,0.0,2,1.0
西安广播电视台,13,12,no_media,0,12,2022-10,0.0,0.0,1.0,0,0.0,0,0.0,0,0.0,0,0.0,12,1.0,0,0.0,0,0.0,0,0.0,0,0.0
西安新闻网,25,24,no_media,0,19,2022-11,0.0,0.0,1.0,0,0.0,0,0.0,0,0.0,0,0.0,24,1.0,0,0.0,0,0.0,0,0.0,0,0.0
西安晚报,16,15,no_media,0,15,2022-11,0.0,0.0,1.0,0,0.0,0,0.0,0,0.0,0,0.0,15,1.0,0,0.0,0,0.0,0,0.0,0,0.0
西安校园学长,4,3,no_media,0,3,2022-11,0.0,0.3333333333333333,0.6666666666666666,0,0.0,1,0.3333333333333333,0,0.0,0,0.0,2,0.6666666666666666,0,0.0,0,0.0,0,0.0,0,0.0
西安网,16,15,no_media,0,15,2022-10,0.0,0.0,1.0,0,0.0,0,0.0,0,0.0,0,0.0,15,1.0,0,0.0,0,0.0,0,0.0,0,0.0
西安网络广播电视台,10,9,no_media,0,9,2022-12,0.0,0.0,1.0,0,0.0,0,0.0,0,0.0,0,0.0,9,1.0,0,0.0,0,0.0,0,0.0,0,0.0
西海都市报官方微博,6,5,no_media,0,5,2022-11,0.0,0.0,1.0,0,0.0,0,0.0,0,0.0,0,0.0,5,1.0,0,0.0,0,0.0,0,0.0,0,0.0
西藏日报,2,1,no_media,0,2,2022-12,0.0,0.0,1.0,0,0.0,0,0.0,0,0.0,0,0.0,1,1.0,0,0.0,0,0.0,0,0.0,0,0.0
西部大开发杂志,2,1,no_media,0,2,2023-01,0.0,0.0,1.0,0,0.0,0,0.0,0,0.0,0,0.0,1,1.0,0,0.0,0,0.0,0,0.0,0,0.0
西部网,26,25,no_media,0,16,2022-11,0.0,0.0,1.0,0,0.0,0,0.0,0,0.0,0,0.0,25,1.0,0,0.0,0,0.0,0,0.0,0,0.0
观察者网,48,47,no_media,0,31,2022-11,0.0,0.0,1.0,0,0.0,0,0.0,0,0.0,0,0.0,47,1.0,0,0.0,0,0.0,0,0.0,0,0.0
观自在悟如来,4,3,mainstream_only,4,1,2023-02,0.0,0.0,1.0,0,0.0,0,0.0,0,0.0,0,0.0,3,1.0,0,0.0,0,0.0,0,0.0,0,0.0
解放日报,6,5,no_media,0,6,2022-12,0.0,0.0,1.0,0,0.0,0,0.0,0,0.0,0,0.0,5,1.0,0,0.0,0,0.0,0,0.0,0,0.0
言安堂,2,1,no_media,0,2,2023-01,0.0,0.0,1.0,0,0.0,0,0.0,0,0.0,0,0.0,1,1.0,0,0.0,0,0.0,0,0.0,0,0.0
让我们唱一首锡安的歌吧,2,1,no_media,5,2,2022-12,0.0,0.0,0.0,0,0.0,0,0.0,0,0.0,0,0.0,0,0.0,0,0.0,0,0.0,0,0.0,1,1.0
许昌日报,7,6,no_media,0,7,2022-10,0.0,0.0,1.0,0,0.0,0,0.0,0,0.0,0,0.0,6,1.0,0,0.0,0,0.0,0,0.0,0,0.0
证券日报之声,2,1,no_media,0,2,2022-12,0.0,0.0,1.0,0,0.0,0,0.0,0,0.0,0,0.0,1,1.0,0,0.0,0,0.0,0,0.0,0,0.0
诚顺和中医馆女科病诊治调理中心,2,1,mainstream_only,1,2,2023-02,0.0,0.0,1.0,0,0.0,0,0.0,0,0.0,0,0.0,1,1.0,0,0.0,0,0.0,0,0.0,0,0.0
话匣子FM,2,1,no_media,0,2,2022-12,0.0,0.0,1.0,0,0.0,0,0.0,0,0.0,0,0.0,1,1.0,0,0.0,0,0.0,0,0.0,0,0.0
说是改昵称才能看到发出的评论,4,3,wemedia_only,10,4,2023-02,0.0,0.0,1.0,0,0.0,0,0.0,0,0.0,0,0.0,3,1.0,0,0.0,0,0.0,0,0.0,0,0.0
谢大海的生活,2,1,no_media,0,2,2023-01,0.0,0.0,0.0,0,0.0,0,0.0,0,0.0,0,0.0,0,0.0,0,0.0,0,0.0,0,0.0,1,1.0
财联社APP,11,10,no_media,0,10,2022-12,0.0,0.0,1.0,0,0.0,0,0.0,0,0.0,0,0.0,10,1.0,0,0.0,0,0.0,0,0.0,0,0.0
贵阳新闻网,25,24,no_media,0,20,2022-10,0.0,0.0,1.0,0,0.0,0,0.0,0,0.0,0,0.0,24,1.0,0,0.0,0,0.0,0,0.0,0,0.0
贵阳日报官方微博,24,23,no_media,0,19,2022-10,0.0,0.0,1.0,0,0.0,0,0.0,0,0.0,0,0.0,23,1.0,0,0.0,0,0.0,0,0.0,0,0.0
贵阳晚报官方微博,26,25,no_media,0,16,2022-12,0.0,0.0,0.92,0,0.0,0,0.0,0,0.0,0,0.0,23,0.92,1,0.04,0,0.0,1,0.04,0,0.0
贺荷文化科技,8,7,no_media,1,8,2022-12,0.0,0.0,1.0,0,0.0,0,0.0,0,0.0,0,0.0,7,1.0,0,0.0,0,0.0,0,0.0,0,0.0
赤jio熊喵,2,1,mainstream_only,30,2,2023-02,0.0,0.0,1.0,0,0.0,0,0.0,0,0.0,0,0.0,1,1.0,0,0.0,0,0.0,0,0.0,0,0.0
超梦的超梦,2,1,no_media,0,2,2023-02,0.0,0.0,0.0,0,0.0,0,0.0,0,0.0,0,0.0,0,0.0,0,0.0,0,0.0,0,0.0,1,1.0
路人丁开挖掘机,16,15,no_media,38,16,2022-11,0.06666666666666667,0.06666666666666667,0.06666666666666667,0,0.0,1,0.06666666666666667,0,0.0,0,0.0,1,0.06666666666666667,3,0.2,1,0.06666666666666667,3,0.2,6,0.4
辽宁交通广播,2,1,no_media,0,2,2022-12,0.0,0.0,1.0,0,0.0,0,0.0,0,0.0,0,0.0,1,1.0,0,0.0,0,0.0,0,0.0,0,0.0
达州发布,3,2,no_media,0,3,2022-12,0.0,0.0,1.0,0,0.0,0,0.0,0,0.0,0,0.0,2,1.0,0,0.0,0,0.0,0,0.0,0,0.0
还是你们的瓜总呀,2,1,no_media,5,2,2022-12,0.0,0.0,1.0,0,0.0,0,0.0,0,0.0,0,0.0,1,1.0,0,0.0,0,0.0,0,0.0,0,0.0
这学不上了,2,1,mainstream_only,2,1,2023-02,0.0,0.0,1.0,0,0.0,0,0.0,0,0.0,0,0.0,1,1.0,0,0.0,0,0.0,0,0.0,0,0.0
远方的诗意生活,2,1,no_media,0,2,2022-10,0.0,0.0,0.0,1,1.0,0,0.0,0,0.0,0,0.0,0,0.0,0,0.0,0,0.0,0,0.0,0,0.0
连云港日报,5,4,no_media,0,5,2022-12,0.0,0.0,1.0,0,0.0,0,0.0,0,0.0,0,0.0,4,1.0,0,0.0,0,0.0,0,0.0,0,0.0
逃离陌上的软耳甜兔,2,1,wemedia_only,1,2,2022-10,0.0,0.0,1.0,0,0.0,0,0.0,0,0.0,0,0.0,1,1.0,0,0.0,0,0.0,0,0.0,0,0.0
邯郸新闻网,3,2,no_media,0,3,2022-12,0.0,0.0,1.0,0,0.0,0,0.0,0,0.0,0,0.0,2,1.0,0,0.0,0,0.0,0,0.0,0,0.0
邵阳日报,3,2,no_media,0,3,2022-10,0.0,0.0,1.0,0,0.0,0,0.0,0,0.0,0,0.0,2,1.0,0,0.0,0,0.0,0,0.0,0,0.0
邹城发布,7,6,no_media,0,5,2022-11,0.0,0.0,1.0,0,0.0,0,0.0,0,0.0,0,0.0,6,1.0,0,0.0,0,0.0,0,0.0,0,0.0
郑州金庚中医康复医院,2,1,no_media,0,2,2023-01,0.0,0.0,1.0,0,0.0,0,0.0,0,0.0,0,0.0,1,1.0,0,0.0,0,0.0,0,0.0,0,0.0
郑州铁路,2,1,mainstream_only,1,2,2022-12,0.0,0.0,1.0,0,0.0,0,0.0,0,0.0,0,0.0,1,1.0,0,0.0,0,0.0,0,0.0,0,0.0
郭晓东_,2,1,dual,7,2,2023-01,0.0,0.0,0.0,0,0.0,0,0.0,0,0.0,0,0.0,0,0.0,1,1.0,0,0.0,0,0.0,0,0.0
都市丽人46688,3,2,mainstream_only,1,3,2023-02,0.0,0.5,0.5,0,0.0,1,0.5,0,0.0,0,0.0,1,0.5,0,0.0,0,0.0,0,0.0,0,0.0
醉胆孤峰,5,4,no_media,4,5,2022-11,0.25,0.0,0.75,0,0.0,0,0.0,0,0.0,1,0.25,3,0.75,0,0.0,0,0.0,0,0.0,0,0.0
重庆发布,2,1,no_media,0,2,2022-12,0.0,0.0,1.0,0,0.0,0,0.0,0,0.0,0,0.0,1,1.0,0,0.0,0,0.0,0,0.0,0,0.0
重庆广电第1眼,13,12,no_media,0,10,2022-11,0.0,0.0,1.0,0,0.0,0,0.0,0,0.0,0,0.0,12,1.0,0,0.0,0,0.0,0,0.0,0,0.0
重庆青年报,7,6,no_media,0,7,2022-10,0.0,0.0,1.0,0,0.0,0,0.0,0,0.0,0,0.0,6,1.0,0,0.0,0,0.0,0,0.0,0,0.0
野生小笼包_壮实麻麻版,2,1,no_media,0,2,2023-01,1.0,0.0,0.0,0,0.0,0,0.0,0,0.0,0,0.0,0,0.0,0,0.0,1,1.0,0,0.0,0,0.0
金州检察,3,2,mainstream_only,3,3,2022-10,0.0,0.0,1.0,0,0.0,0,0.0,0,0.0,0,0.0,2,1.0,0,0.0,0,0.0,0,0.0,0,0.0
金湖法院,5,4,no_media,0,5,2022-12,0.0,0.0,1.0,0,0.0,0,0.0,0,0.0,0,0.0,4,1.0,0,0.0,0,0.0,0,0.0,0,0.0
钱局长本人,2,1,mainstream_only,2,2,2022-10,1.0,0.0,0.0,0,0.0,0,0.0,0,0.0,1,1.0,0,0.0,0,0.0,0,0.0,0,0.0,0,0.0
铜陵发布,2,1,mainstream_only,2,2,2023-02,0.0,0.0,1.0,0,0.0,0,0.0,0,0.0,0,0.0,1,1.0,0,0.0,0,0.0,0,0.0,0,0.0
银川新闻网,4,3,no_media,0,4,2022-12,0.0,0.0,1.0,0,0.0,0,0.0,0,0.0,0,0.0,3,1.0,0,0.0,0,0.0,0,0.0,0,0.0
长安街知事,4,3,no_media,0,4,2022-12,0.0,0.0,1.0,0,0.0,0,0.0,0,0.0,0,0.0,3,1.0,0,0.0,0,0.0,0,0.0,0,0.0
长江云官方微博,5,4,no_media,0,5,2022-10,0.0,0.0,1.0,0,0.0,0,0.0,0,0.0,0,0.0,4,1.0,0,0.0,0,0.0,0,0.0,0,0.0
长沙晚报,9,8,no_media,0,9,2022-10,0.0,0.0,1.0,0,0.0,0,0.0,0,0.0,0,0.0,8,1.0,0,0.0,0,0.0,0,0.0,0,0.0
长治政法,5,4,no_media,0,4,2022-10,0.0,0.0,1.0,0,0.0,0,0.0,0,0.0,0,0.0,4,1.0,0,0.0,0,0.0,0,0.0,0,0.0
阆中公安,2,1,mainstream_only,2,1,2022-12,0.0,0.0,1.0,0,0.0,0,0.0,0,0.0,0,0.0,1,1.0,0,0.0,0,0.0,0,0.0,0,0.0
阜阳新闻综合频道,4,3,no_media,0,3,2022-11,0.0,0.0,1.0,0,0.0,0,0.0,0,0.0,0,0.0,3,1.0,0,0.0,0,0.0,0,0.0,0,0.0
阳泉日报--阳泉新闻网,6,5,no_media,0,5,2022-11,0.0,0.0,1.0,0,0.0,0,0.0,0,0.0,0,0.0,5,1.0,0,0.0,0,0.0,0,0.0,0,0.0
阿普游记,2,1,wemedia_only,1,1,2022-12,0.0,0.0,1.0,0,0.0,0,0.0,0,0.0,0,0.0,1,1.0,0,0.0,0,0.0,0,0.0,0,0.0
阿超_港媒视点,3,2,mainstream_only,6,3,2022-12,0.0,0.0,1.0,0,0.0,0,0.0,0,0.0,0,0.0,2,1.0,0,0.0,0,0.0,0,0.0,0,0.0
阿龙哥BLOG,2,1,wemedia_only,6,2,2022-10,1.0,0.0,0.0,0,0.0,0,0.0,0,0.0,1,1.0,0,0.0,0,0.0,0,0.0,0,0.0,0,0.0
陇南发布,3,2,no_media,0,3,2022-12,0.0,0.0,1.0,0,0.0,0,0.0,0,0.0,0,0.0,2,1.0,0,0.0,0,0.0,0,0.0,0,0.0
陇南徽县信访,2,1,no_media,0,2,2023-01,0.0,0.0,1.0,0,0.0,0,0.0,0,0.0,0,0.0,1,1.0,0,0.0,0,0.0,0,0.0,0,0.0
陇南徽县发布,5,4,no_media,0,5,2022-11,0.0,0.0,1.0,0,0.0,0,0.0,0,0.0,0,0.0,4,1.0,0,0.0,0,0.0,0,0.0,0,0.0
陇南成县发布,8,7,no_media,0,5,2022-12,0.0,0.0,1.0,0,0.0,0,0.0,0,0.0,0,0.0,7,1.0,0,0.0,0,0.0,0,0.0,0,0.0
陇南文县发布,3,2,no_media,0,3,2022-12,0.0,0.0,1.0,0,0.0,0,0.0,0,0.0,0,0.0,2,1.0,0,0.0,0,0.0,0,0.0,0,0.0
陇南礼县发布,10,9,no_media,0,6,2022-11,0.0,0.0,1.0,0,0.0,0,0.0,0,0.0,0,0.0,9,1.0,0,0.0,0,0.0,0,0.0,0,0.0
陇南西和团委,7,6,no_media,0,5,2022-12,0.0,0.0,1.0,0,0.0,0,0.0,0,0.0,0,0.0,6,1.0,0,0.0,0,0.0,0,0.0,0,0.0
陈总是搞事,2,1,mainstream_only,5,2,2022-12,0.0,0.0,1.0,0,0.0,0,0.0,0,0.0,0,0.0,1,1.0,0,0.0,0,0.0,0,0.0,0,0.0
陈然注册营养师,2,1,no_media,0,2,2022-11,1.0,0.0,0.0,0,0.0,0,0.0,0,0.0,1,1.0,0,0.0,0,0.0,0,0.0,0,0.0,0,0.0
陌上蝴蝶飞52,4,3,wemedia_only,3,3,2023-01,0.3333333333333333,0.3333333333333333,0.3333333333333333,0,0.0,1,0.3333333333333333,0,0.0,1,0.3333333333333333,1,0.3333333333333333,0,0.0,0,0.0,0,0.0,0,0.0
陕西农村网,13,12,no_media,0,7,2022-11,0.0,0.0,1.0,0,0.0,0,0.0,0,0.0,0,0.0,12,1.0,0,0.0,0,0.0,0,0.0,0,0.0
陕西发布,6,5,no_media,0,6,2022-10,0.0,0.0,1.0,0,0.0,0,0.0,0,0.0,0,0.0,5,1.0,0,0.0,0,0.0,0,0.0,0,0.0
陕西政协,2,1,mainstream_only,2,2,2022-10,0.0,0.0,1.0,0,0.0,0,0.0,0,0.0,0,0.0,1,1.0,0,0.0,0,0.0,0,0.0,0,0.0
陕西检察,6,5,mainstream_only,1,5,2022-12,0.0,0.0,1.0,0,0.0,0,0.0,0,0.0,0,0.0,5,1.0,0,0.0,0,0.0,0,0.0,0,0.0
陕西汉书下酒,45,44,dual,57,25,2023-01,0.0,0.0,0.9090909090909091,0,0.0,0,0.0,0,0.0,0,0.0,40,0.9090909090909091,2,0.045454545454545456,0,0.0,2,0.045454545454545456,0,0.0
陕西消防,2,1,mainstream_only,8,2,2022-10,0.0,0.0,1.0,0,0.0,0,0.0,0,0.0,0,0.0,1,1.0,0,0.0,0,0.0,0,0.0,0,0.0
陕西网,5,4,no_media,0,4,2022-12,0.0,0.0,1.0,0,0.0,0,0.0,0,0.0,0,0.0,4,1.0,0,0.0,0,0.0,0,0.0,0,0.0
陕西虎牙,3,2,no_media,0,3,2022-11,0.0,0.0,1.0,0,0.0,0,0.0,0,0.0,0,0.0,2,1.0,0,0.0,0,0.0,0,0.0,0,0.0
陕西阳光网,7,6,no_media,0,7,2022-12,0.0,0.0,1.0,0,0.0,0,0.0,0,0.0,0,0.0,6,1.0,0,0.0,0,0.0,0,0.0,0,0.0
陪托马斯度过,2,1,no_media,0,2,2022-12,0.0,0.0,0.0,0,0.0,0,0.0,0,0.0,0,0.0,0,0.0,0,0.0,0,0.0,0,0.0,1,1.0
陳炫達叔叔,3,2,mainstream_only,8,2,2023-02,0.0,0.0,0.5,0,0.0,0,0.0,0,0.0,0,0.0,1,0.5,1,0.5,0,0.0,0,0.0,0,0.0
陶侃疫苗,3,2,wemedia_only,6,3,2023-02,0.0,0.0,1.0,0,0.0,0,0.0,0,0.0,0,0.0,2,1.0,0,0.0,0,0.0,0,0.0,0,0.0
难般聊聊,37,36,wemedia_only,57,20,2023-02,0.1388888888888889,0.1388888888888889,0.1388888888888889,0,0.0,4,0.1111111111111111,1,0.027777777777777776,4,0.1111111111111111,5,0.1388888888888889,8,0.2222222222222222,1,0.027777777777777776,9,0.25,4,0.1111111111111111
雨中漫步-天地人和,2,1,no_media,0,2,2022-12,0.0,0.0,1.0,0,0.0,0,0.0,0,0.0,0,0.0,1,1.0,0,0.0,0,0.0,0,0.0,0,0.0
雪花灰雾,3,2,no_media,0,3,2023-01,0.0,0.0,1.0,0,0.0,0,0.0,0,0.0,0,0.0,2,1.0,0,0.0,0,0.0,0,0.0,0,0.0
青岛发布,4,3,mainstream_only,2,2,2022-10,0.0,0.0,1.0,0,0.0,0,0.0,0,0.0,0,0.0,3,1.0,0,0.0,0,0.0,0,0.0,0,0.0
青岛西海岸新闻网,4,3,mainstream_only,1,3,2022-11,0.0,0.0,1.0,0,0.0,0,0.0,0,0.0,0,0.0,3,1.0,0,0.0,0,0.0,0,0.0,0,0.0
青木在德国,2,1,no_media,0,2,2022-12,0.0,0.0,1.0,0,0.0,0,0.0,0,0.0,0,0.0,1,1.0,0,0.0,0,0.0,0,0.0,0,0.0
青梅糖呀,3,2,dual,11,3,2023-02,0.5,0.0,0.0,0,0.0,0,0.0,0,0.0,0,0.0,0,0.0,1,0.5,1,0.5,0,0.0,0,0.0
青流视频,3,2,no_media,0,3,2022-12,0.0,0.0,1.0,0,0.0,0,0.0,0,0.0,0,0.0,2,1.0,0,0.0,0,0.0,0,0.0,0,0.0
青海日报官方微博,7,6,no_media,0,7,2022-11,0.0,0.0,1.0,0,0.0,0,0.0,0,0.0,0,0.0,6,1.0,0,0.0,0,0.0,0,0.0,0,0.0
青白江生态环境,3,2,mainstream_only,1,3,2023-02,0.0,0.0,1.0,0,0.0,0,0.0,0,0.0,0,0.0,2,1.0,0,0.0,0,0.0,0,0.0,0,0.0
青龙针客,2,1,no_media,7,2,2023-02,0.0,0.0,1.0,0,0.0,0,0.0,0,0.0,0,0.0,1,1.0,0,0.0,0,0.0,0,0.0,0,0.0
静姐姐吃的学问,3,2,wemedia_only,1,3,2022-12,0.0,0.0,1.0,0,0.0,0,0.0,0,0.0,0,0.0,2,1.0,0,0.0,0,0.0,0,0.0,0,0.0
顏佑亮-到台灣治病,6,5,no_media,0,6,2023-01,0.2,0.2,0.4,1,0.2,1,0.2,0,0.0,1,0.2,2,0.4,0,0.0,0,0.0,0,0.0,0,0.0
顶端新闻,27,26,no_media,0,21,2022-11,0.0,0.0,1.0,0,0.0,0,0.0,0,0.0,0,0.0,26,1.0,0,0.0,0,0.0,0,0.0,0,0.0
风闻社区,39,38,no_media,0,35,2022-10,0.02631578947368421,0.02631578947368421,0.8947368421052632,1,0.02631578947368421,1,0.02631578947368421,0,0.0,0,0.0,34,0.8947368421052632,1,0.02631578947368421,1,0.02631578947368421,0,0.0,0,0.0
飞天神猪的欢乐窝,2,1,dual,7,2,2023-02,0.0,0.0,1.0,0,0.0,0,0.0,0,0.0,0,0.0,1,1.0,0,0.0,0,0.0,0,0.0,0,0.0
餐饮测评,2,1,no_media,0,2,2022-12,0.0,0.0,1.0,0,0.0,0,0.0,0,0.0,0,0.0,1,1.0,0,0.0,0,0.0,0,0.0,0,0.0
饱乐促和谐反极端,3,2,mainstream_only,12,3,2023-02,0.0,0.0,0.0,2,1.0,0,0.0,0,0.0,0,0.0,0,0.0,0,0.0,0,0.0,0,0.0,0,0.0
香港商報,18,17,no_media,0,15,2022-10,0.0,0.0,1.0,0,0.0,0,0.0,0,0.0,0,0.0,17,1.0,0,0.0,0,0.0,0,0.0,0,0.0
马宝琳谈房颤,12,11,wemedia_only,3,8,2023-01,0.0,0.0,0.7272727272727273,0,0.0,0,0.0,0,0.0,0,0.0,8,0.7272727272727273,2,0.18181818181818182,0,0.0,1,0.09090909090909091,0,0.0
马拉个萌,2,1,no_media,0,2,2022-12,0.0,0.0,1.0,0,0.0,0,0.0,0,0.0,0,0.0,1,1.0,0,0.0,0,0.0,0,0.0,0,0.0
骄傲的孤独的守望者,2,1,no_media,0,2,2022-12,0.0,0.0,0.0,0,0.0,0,0.0,0,0.0,0,0.0,0,0.0,0,0.0,0,0.0,0,0.0,1,1.0
鲁中晨报,16,15,no_media,0,11,2022-10,0.06666666666666667,0.06666666666666667,0.8666666666666667,0,0.0,1,0.06666666666666667,0,0.0,1,0.06666666666666667,13,0.8666666666666667,0,0.0,0,0.0,0,0.0,0,0.0
鲁网潍坊,2,1,no_media,0,2,2022-12,0.0,0.0,1.0,0,0.0,0,0.0,0,0.0,0,0.0,1,1.0,0,0.0,0,0.0,0,0.0,0,0.0
鹤壁日报,4,3,no_media,0,4,2022-12,0.0,0.0,1.0,0,0.0,0,0.0,0,0.0,0,0.0,3,1.0,0,0.0,0,0.0,0,0.0,0,0.0
鹤祥泰-中医,3,2,no_media,0,3,2023-01,0.0,0.0,1.0,0,0.0,0,0.0,0,0.0,0,0.0,2,1.0,0,0.0,0,0.0,0,0.0,0,0.0
麦可依然香饽饽,2,1,mainstream_only,23,2,2023-02,0.0,0.0,1.0,0,0.0,0,0.0,0,0.0,0,0.0,1,1.0,0,0.0,0,0.0,0,0.0,0,0.0
麦莉酥酥,3,2,no_media,1,2,2022-12,0.0,0.0,0.5,0,0.0,0,0.0,0,0.0,0,0.0,1,0.5,0,0.0,0,0.0,1,0.5,0,0.0
黄冈政府门户网,2,1,no_media,0,2,2022-12,0.0,0.0,1.0,0,0.0,0,0.0,0,0.0,0,0.0,1,1.0,0,0.0,0,0.0,0,0.0,0,0.0
黄打油,4,3,mainstream_only,6,3,2023-02,0.3333333333333333,0.6666666666666666,0.0,0,0.0,1,0.3333333333333333,1,0.3333333333333333,0,0.0,0,0.0,0,0.0,1,0.3333333333333333,0,0.0,0,0.0
黄昏起了雪犹其宁静,2,1,wemedia_only,1,1,2022-12,0.0,1.0,0.0,0,0.0,1,1.0,0,0.0,0,0.0,0,0.0,0,0.0,0,0.0,0,0.0,0,0.0
黄河新闻网,2,1,no_media,0,2,2022-12,0.0,0.0,1.0,0,0.0,0,0.0,0,0.0,0,0.0,1,1.0,0,0.0,0,0.0,0,0.0,0,0.0
黄石发布,3,2,no_media,0,3,2022-12,0.0,0.0,1.0,0,0.0,0,0.0,0,0.0,0,0.0,2,1.0,0,0.0,0,0.0,0,0.0,0,0.0
黄茂欣,2,1,no_media,2,2,2022-12,0.0,0.0,0.0,0,0.0,0,0.0,0,0.0,0,0.0,0,0.0,0,0.0,0,0.0,0,0.0,1,1.0
黄道带1977,2,1,no_media,1,2,2022-12,0.0,0.0,1.0,0,0.0,0,0.0,0,0.0,0,0.0,1,1.0,0,0.0,0,0.0,0,0.0,0,0.0
黑龙江广播电视台,2,1,no_media,0,2,2022-12,0.0,0.0,1.0,0,0.0,0,0.0,0,0.0,0,0.0,1,1.0,0,0.0,0,0.0,0,0.0,0,0.0
黑龙江日报,8,7,no_media,0,8,2022-11,0.0,0.0,1.0,0,0.0,0,0.0,0,0.0,0,0.0,7,1.0,0,0.0,0,0.0,0,0.0,0,0.0
黔东南新闻网官方微博,6,5,no_media,0,5,2022-12,0.0,0.0,1.0,0,0.0,0,0.0,0,0.0,0,0.0,5,1.0,0,0.0,0,0.0,0,0.0,0,0.0
點新聞dotdotnews,2,1,no_media,0,2,2022-11,0.0,0.0,1.0,0,0.0,0,0.0,0,0.0,0,0.0,1,1.0,0,0.0,0,0.0,0,0.0,0,0.0
齐鲁壹点,3,2,no_media,0,3,2022-12,0.0,0.0,1.0,0,0.0,0,0.0,0,0.0,0,0.0,2,1.0,0,0.0,0,0.0,0,0.0,0,0.0
齐鲁晚报,14,13,no_media,0,13,2022-10,0.0,0.0,1.0,0,0.0,0,0.0,0,0.0,0,0.0,13,1.0,0,0.0,0,0.0,0,0.0,0,0.0
齐鲁晚报-今日菏泽,2,1,no_media,0,2,2022-12,0.0,0.0,1.0,0,0.0,0,0.0,0,0.0,0,0.0,1,1.0,0,0.0,0,0.0,0,0.0,0,0.0
齐鲁青未了-3,6,5,wemedia_only,14,6,2022-12,0.0,0.0,1.0,0,0.0,0,0.0,0,0.0,0,0.0,5,1.0,0,0.0,0,0.0,0,0.0,0,0.0
龍宮輝夜,2,1,wemedia_only,4,2,2022-10,1.0,0.0,0.0,0,0.0,0,0.0,0,0.0,1,1.0,0,0.0,0,0.0,0,0.0,0,0.0,0,0.0
