date,n_mainstream_posts,n_wemedia_posts,n_public_posts,mainstream_risk,wemedia_risk,public_H
2015-05-04,1,0,0,1.0,,
2015-05-06,0,0,1,,,0.0
2016-04-22,1,0,0,0.0,,
2016-05-11,0,1,0,,0.0,
2016-08-04,1,0,0,0.0,,
2016-08-17,1,0,0,0.0,,
2016-10-16,0,0,1,,,0.0
2016-11-04,0,1,0,,0.0,
2016-12-14,2,0,0,0.0,,
2016-12-18,1,0,0,0.0,,
2016-12-20,0,1,0,,0.0,
2017-01-07,2,1,1,0.0,0.0,0.0
2017-01-13,1,0,0,0.0,,
2017-01-14,1,0,0,0.0,,
2017-06-16,1,0,0,0.0,,
2017-06-17,1,1,0,0.0,0.0,
2017-06-18,1,0,0,0.0,,
2017-06-27,0,1,0,,0.0,
2017-07-04,1,0,0,0.0,,
2017-08-30,0,0,1,,,0.0
2017-10-01,0,1,0,,0.0,
2017-10-11,1,0,0,1.0,,
2017-10-28,1,0,0,0.0,,
2017-11-01,2,0,0,0.0,,
2017-11-08,0,0,1,,,0.0
2017-11-29,1,0,0,0.0,,
2017-12-11,1,0,0,0.0,,
2018-01-17,0,0,1,,,0.0
2018-01-18,0,0,1,,,0.0
2018-01-22,0,0,1,,,0.0
2018-02-18,0,1,0,,0.0,
2018-04-23,0,0,2,,,0.0
2018-04-27,1,0,0,0.0,,
2018-05-21,0,1,0,,0.0,
2018-06-24,0,0,1,,,0.0
2018-07-29,1,0,0,0.0,,
2018-09-21,0,0,1,,,0.0
2018-09-26,1,0,0,0.0,,
2018-09-29,0,1,0,,0.0,
2018-10-08,1,0,0,0.0,,
2018-10-15,1,0,0,0.0,,
2018-10-22,0,0,1,,,0.0
2018-11-09,1,0,0,0.0,,
2018-11-11,1,0,0,0.0,,
2018-11-28,0,1,0,,0.0,
2018-11-29,1,0,0,0.0,,
2018-12-02,0,0,1,,,0.0
2018-12-04,0,0,1,,,0.0
2018-12-05,1,0,0,0.0,,
2018-12-11,1,0,0,0.0,,
2019-01-06,0,0,1,,,0.0
2019-01-07,2,0,1,0.0,,0.0
2019-01-08,1,0,0,0.0,,
2019-01-09,1,0,0,0.0,,
2019-01-24,0,1,0,,0.0,
2019-02-22,2,0,0,0.0,,
2019-03-01,0,0,1,,,0.0
2019-03-03,1,0,0,0.0,,
2019-03-22,1,0,0,0.0,,
2019-05-17,1,0,0,0.0,,
2019-07-16,0,1,0,,0.0,
2019-09-06,1,0,0,0.0,,
2019-10-05,0,0,1,,,0.0
2019-11-20,0,0,1,,,0.0
2020-01-16,1,0,0,0.0,,
2020-01-23,0,0,2,,,0.0
2020-01-24,11,0,3,0.8181818181818182,,0.0
2020-01-25,2,0,0,0.0,,
2020-01-26,1,0,1,0.0,,0.0
2020-01-27,1,0,1,0.0,,0.0
2020-01-28,2,1,1,0.0,0.0,0.0
2020-01-29,2,1,1,0.0,0.0,0.0
2020-01-30,0,0,1,,,0.0
2020-01-31,5,2,3,0.2,0.0,0.0
2020-02-01,0,1,0,,0.0,
2020-02-02,4,1,0,0.0,0.0,
2020-02-03,2,0,1,0.0,,0.0
2020-02-04,1,0,1,0.0,,0.0
2020-02-05,2,0,2,0.0,,0.0
2020-02-06,3,0,2,0.0,,0.0
2020-02-07,8,4,4,0.0,0.0,0.0
2020-02-08,5,0,2,0.2,,0.0
2020-02-09,13,2,6,0.07692307692307693,0.0,0.0
2020-02-10,11,0,3,0.0,,0.3333333333333333
2020-02-11,9,3,3,0.0,0.0,0.0
2020-02-12,6,1,1,0.5,0.0,0.0
2020-02-13,11,1,4,0.18181818181818182,0.0,0.0
2020-02-14,13,2,3,0.07692307692307693,0.0,0.0
2020-02-15,29,8,12,0.0,0.0,0.16666666666666666
2020-02-16,28,4,8,0.10714285714285714,0.25,0.0
2020-02-17,29,5,10,0.0,0.0,0.0
2020-02-18,19,1,6,0.0,0.0,0.0
2020-02-19,36,3,12,0.16666666666666666,0.0,0.0
2020-02-20,137,16,30,0.3722627737226277,0.1875,0.0
2020-02-21,27,2,5,0.18518518518518517,0.0,0.0
2020-02-22,13,8,3,0.0,0.125,0.0
2020-02-23,21,0,7,0.0,,0.0
2020-02-24,15,3,3,0.0,0.0,0.0
2020-02-25,16,2,5,0.5,0.0,0.0
2020-02-26,17,4,7,0.6470588235294118,0.25,0.0
2020-02-27,6,1,2,0.0,0.0,0.0
2020-02-28,17,0,4,0.0,,0.0
2020-02-29,13,4,2,0.0,0.0,0.0
2020-03-01,33,4,7,0.2727272727272727,0.25,0.0
2020-03-02,11,4,4,0.0,0.0,0.0
2020-03-03,19,0,2,0.0,,0.0
2020-03-04,7,2,1,0.0,0.0,0.0
2020-03-05,43,3,6,0.13953488372093023,0.0,0.0
2020-03-06,9,4,0,0.1111111111111111,0.0,
2020-03-07,22,6,0,0.0,0.0,
2020-03-08,4,0,1,0.0,,0.0
2020-03-09,4,2,0,0.0,0.0,
2020-03-10,9,1,1,0.0,0.0,0.0
2020-03-11,2,0,1,0.5,,0.0
2020-03-12,1,0,1,0.0,,0.0
2020-03-13,13,1,3,0.0,0.0,0.0
2020-03-14,10,2,0,0.0,0.0,
2020-03-15,6,1,0,0.0,0.0,
2020-03-16,3,1,1,0.0,0.0,0.0
2020-03-17,4,2,2,0.0,0.0,0.0
2020-03-18,86,91,48,0.0,0.5274725274725275,0.041666666666666664
2020-03-19,8,7,30,0.0,0.14285714285714285,0.0
2020-03-20,3,3,2,0.0,0.0,0.0
2020-03-21,0,0,2,,,0.0
2020-03-22,7,0,2,0.14285714285714285,,0.0
2020-03-23,2,1,0,0.0,0.0,
2020-03-24,14,2,5,0.21428571428571427,0.0,0.0
2020-03-25,10,0,3,0.0,,0.0
2020-03-26,5,0,0,0.2,,
2020-03-27,5,1,2,0.0,0.0,0.5
2020-03-28,5,1,1,0.0,0.0,0.0
2020-03-29,1,2,0,0.0,0.0,
2020-03-30,7,0,0,0.14285714285714285,,
2020-03-31,5,0,1,0.0,,0.0
2020-04-01,7,3,1,0.14285714285714285,0.0,0.0
2020-04-02,6,2,0,0.0,0.0,
2020-04-03,1,0,0,0.0,,
2020-04-04,1,0,0,0.0,,
2020-04-05,1,0,0,0.0,,
2020-04-06,3,1,1,0.3333333333333333,0.0,0.0
2020-04-07,4,0,2,0.0,,0.0
2020-04-08,4,0,0,0.0,,
2020-04-09,2,1,2,0.0,0.0,0.0
2020-04-10,2,0,3,0.0,,0.0
2020-04-11,1,0,1,0.0,,0.0
2020-04-12,8,1,2,0.0,0.0,0.0
2020-04-13,1,0,1,0.0,,0.0
2020-04-14,9,3,7,0.1111111111111111,0.0,0.0
2020-04-15,10,6,1,0.0,0.0,0.0
2020-04-16,6,2,0,0.0,0.0,
2020-04-17,4,0,4,0.5,,0.0
2020-04-18,1,0,1,0.0,,0.0
2020-04-19,3,0,0,0.3333333333333333,,
2020-04-20,3,0,0,0.0,,
2020-04-21,7,4,0,0.14285714285714285,0.25,
2020-04-22,4,0,2,0.0,,0.0
2020-04-23,53,10,9,0.09433962264150944,0.1,0.0
2020-04-24,4,1,6,0.0,0.0,0.0
2020-04-25,2,1,0,0.0,1.0,
2020-04-26,4,0,1,0.0,,0.0
2020-04-27,6,0,1,0.0,,0.0
2020-04-28,5,0,1,0.0,,0.0
2020-04-29,9,2,2,0.0,0.0,0.0
2020-04-30,7,1,1,0.2857142857142857,0.0,0.0
2020-05-01,3,1,0,0.0,0.0,
2020-05-02,2,0,0,0.0,,
2020-05-04,3,0,0,0.0,,
2020-05-05,4,0,2,0.0,,0.0
2020-05-06,1,1,0,0.0,0.0,
2020-05-07,0,0,3,,,0.0
2020-05-08,4,0,0,0.0,,
2020-05-09,0,0,1,,,0.0
2020-05-11,0,0,1,,,0.0
2020-05-12,3,0,2,0.0,,0.0
2020-05-13,2,2,0,0.5,0.5,
2020-05-14,2,1,0,0.0,1.0,
2020-05-15,1,1,2,0.0,1.0,0.0
2020-05-16,0,0,1,,,0.0
2020-05-17,1,0,1,0.0,,0.0
2020-05-18,1,1,0,0.0,0.0,
2020-05-19,1,0,0,0.0,,
2020-05-20,13,2,0,0.0,0.0,
2020-05-21,0,1,0,,0.0,
2020-05-22,0,0,3,,,0.0
2020-05-23,1,0,0,0.0,,
2020-05-24,1,0,2,0.0,,0.0
2020-05-25,0,0,1,,,0.0
2020-05-26,3,0,1,0.3333333333333333,,0.0
2020-05-27,5,0,0,0.0,,
2020-05-28,45,10,7,0.0,0.0,0.0
2020-05-29,1,0,0,0.0,,
2020-05-31,0,1,0,,0.0,
2020-06-02,0,0,1,,,0.0
2020-06-05,2,0,0,0.0,,
2020-06-06,1,0,0,0.0,,
2020-06-07,0,0,1,,,0.0
2020-06-08,3,0,0,0.0,,
2020-06-09,0,0,1,,,0.0
2020-06-10,2,0,1,0.0,,0.0
2020-06-12,22,4,1,0.45454545454545453,0.25,0.0
2020-06-13,1,0,0,0.0,,
2020-06-14,1,0,0,0.0,,
2020-06-15,2,0,0,0.0,,
2020-06-16,1,0,0,0.0,,
2020-06-17,6,0,0,1.0,,
2020-06-18,2,0,0,0.0,,
2020-06-19,1,0,0,0.0,,
2020-06-21,1,0,0,0.0,,
2020-06-22,2,0,1,0.0,,0.0
2020-06-23,1,0,1,1.0,,0.0
2020-06-24,5,0,1,0.0,,0.0
2020-06-25,1,0,0,0.0,,
2020-06-26,0,0,1,,,0.0
2020-06-29,1,0,0,1.0,,
2020-07-03,1,0,0,0.0,,
2020-07-04,1,0,0,0.0,,
2020-07-05,1,0,0,0.0,,
2020-07-06,2,1,1,0.0,0.0,0.0
2020-07-07,1,0,0,0.0,,
2020-07-08,1,0,0,0.0,,
2020-07-09,1,0,0,0.0,,
2020-07-10,1,0,1,0.0,,0.0
2020-07-13,3,0,4,0.6666666666666666,,0.25
2020-07-14,1,1,1,0.0,0.0,0.0
2020-07-15,1,0,1,0.0,,0.0
2020-07-16,1,0,0,1.0,,
2020-07-17,3,0,0,0.0,,
2020-07-19,1,0,0,1.0,,
2020-07-20,1,0,1,0.0,,0.0
2020-07-21,0,0,1,,,0.0
2020-07-22,1,0,0,0.0,,
2020-07-23,1,0,0,0.0,,
2020-07-24,1,0,1,0.0,,0.0
2020-07-25,1,0,0,0.0,,
2020-07-26,3,0,1,0.6666666666666666,,0.0
2020-07-28,9,3,1,0.0,0.0,0.0
2020-07-29,1,0,1,0.0,,0.0
2020-07-30,4,0,0,0.0,,
2020-07-31,5,0,0,0.0,,
2020-08-01,2,0,0,0.0,,
2020-08-02,2,0,1,0.0,,0.0
2020-08-03,15,2,7,0.0,0.0,0.0
2020-08-05,1,0,0,0.0,,
2020-08-06,3,0,0,0.0,,
2020-08-07,2,0,0,0.5,,
2020-08-10,1,0,1,0.0,,0.0
2020-08-12,1,0,0,0.0,,
2020-08-13,1,0,1,0.0,,0.0
2020-08-17,1,0,0,0.0,,
2020-08-19,1,0,0,0.0,,
2020-08-20,2,0,0,0.5,,
2020-08-21,1,0,0,0.0,,
2020-08-22,1,0,0,0.0,,
2020-08-24,2,0,2,0.0,,0.5
2020-08-25,1,0,0,1.0,,
2020-08-26,1,0,0,0.0,,
2020-08-27,0,0,1,,,0.0
2020-08-29,1,1,0,0.0,0.0,
2020-08-30,1,0,1,0.0,,0.0
2020-08-31,0,1,0,,0.0,
2020-09-01,1,0,1,0.0,,0.0
2020-09-02,0,0,1,,,0.0
2020-09-03,1,1,2,0.0,0.0,0.0
2020-09-04,2,0,2,0.0,,0.0
2020-09-06,0,0,2,,,0.0
2020-09-08,2,0,0,0.0,,
2020-09-09,6,1,0,0.0,0.0,
2020-09-10,1,0,1,0.0,,0.0
2020-09-11,11,0,1,0.0,,0.0
2020-09-12,3,0,4,0.0,,0.0
2020-09-13,1,0,0,0.0,,
2020-09-14,0,1,0,,0.0,
2020-09-15,1,0,0,0.0,,
2020-09-16,0,2,0,,0.0,
2020-09-18,0,1,0,,0.0,
2020-09-24,6,0,1,0.0,,0.0
2020-09-25,1,0,0,0.0,,
2020-09-26,0,0,1,,,0.0
2020-09-27,2,0,0,0.0,,
2020-09-28,2,0,0,0.0,,
2020-09-29,1,0,0,0.0,,
2020-09-30,4,1,0,0.0,0.0,
2020-10-01,4,0,0,0.0,,
2020-10-02,5,0,0,0.0,,
2020-10-03,4,0,0,0.0,,
2020-10-04,6,0,0,0.0,,
2020-10-05,6,0,2,0.0,,0.0
2020-10-06,9,0,1,0.2222222222222222,,0.0
2020-10-07,4,0,1,0.0,,0.0
2020-10-08,7,0,0,0.0,,
2020-10-10,2,0,0,0.0,,
2020-10-11,1,0,0,0.0,,
2020-10-13,5,0,1,0.0,,0.0
2020-10-14,1,0,0,0.0,,
2020-10-15,1,0,0,0.0,,
2020-10-16,0,1,1,,1.0,0.0
2020-10-17,1,0,1,0.0,,0.0
2020-10-19,1,0,0,0.0,,
2020-10-20,1,0,0,0.0,,
2020-10-22,1,0,1,0.0,,0.0
2020-10-23,5,0,1,0.8,,0.0
2020-10-24,1,0,0,1.0,,
2020-10-27,1,0,1,0.0,,0.0
2020-10-28,1,0,0,1.0,,
2020-10-29,2,0,0,0.0,,
2020-10-30,2,0,0,1.0,,
2020-11-02,2,1,0,0.5,0.0,
2020-11-04,1,0,0,0.0,,
2020-11-05,0,0,1,,,0.0
2020-11-06,1,0,1,0.0,,0.0
2020-11-07,1,0,0,0.0,,
2020-11-09,4,0,1,0.0,,0.0
2020-11-10,2,0,0,0.0,,
2020-11-12,2,0,0,1.0,,
2020-11-13,3,0,1,0.0,,0.0
2020-11-15,2,0,1,0.0,,0.0
2020-11-16,3,0,0,0.0,,
2020-11-17,1,0,1,0.0,,0.0
2020-11-22,1,0,0,0.0,,
2020-11-25,7,9,8,0.14285714285714285,0.4444444444444444,0.25
2020-11-26,3,4,2,0.0,0.75,0.0
2020-11-27,1,0,0,0.0,,
2020-11-28,4,1,0,0.0,0.0,
2020-11-29,2,0,0,0.0,,
2020-11-30,2,1,1,0.0,0.0,0.0
2020-12-01,1,0,1,0.0,,0.0
2020-12-02,1,0,0,0.0,,
2020-12-03,0,1,0,,0.0,
2020-12-05,3,0,1,0.0,,0.0
2020-12-06,0,0,1,,,0.0
2020-12-07,1,1,0,0.0,0.0,
2020-12-08,1,0,0,0.0,,
2020-12-09,1,0,1,0.0,,0.0
2020-12-11,4,0,1,0.5,,0.0
2020-12-12,2,0,1,0.0,,0.0
2020-12-13,0,0,2,,,0.0
2020-12-14,1,1,0,0.0,0.0,
2020-12-15,3,0,1,0.6666666666666666,,0.0
2020-12-16,1,0,0,1.0,,
2020-12-17,1,0,0,0.0,,
2020-12-19,1,0,0,0.0,,
2020-12-20,2,0,0,0.0,,
2020-12-21,6,0,2,0.0,,0.0
2020-12-22,1,0,0,0.0,,
2020-12-23,2,0,2,0.0,,0.0
2020-12-24,24,2,3,0.0,0.0,0.0
2020-12-25,6,2,0,0.0,0.0,
2020-12-27,3,1,1,0.0,0.0,0.0
2020-12-28,1,0,0,0.0,,
2020-12-29,7,0,0,0.0,,
2020-12-30,3,3,2,0.0,0.6666666666666666,0.0
2020-12-31,5,0,4,0.0,,0.25
2021-01-01,3,1,0,0.0,0.0,
2021-01-02,1,0,0,0.0,,
2021-01-03,3,0,1,0.0,,0.0
2021-01-04,5,1,0,0.0,0.0,
2021-01-05,9,0,0,0.0,,
2021-01-06,1,0,1,0.0,,0.0
2021-01-07,33,7,2,0.0,0.0,0.0
2021-01-08,20,14,4,0.0,0.0,0.0
2021-01-09,4,3,1,0.0,0.3333333333333333,0.0
2021-01-10,3,0,1,0.0,,0.0
2021-01-11,1,1,2,0.0,0.0,0.0
2021-01-12,6,2,0,0.0,0.0,
2021-01-13,2,1,1,0.0,0.0,0.0
2021-01-14,4,1,1,0.0,0.0,0.0
2021-01-15,6,1,0,0.16666666666666666,0.0,
2021-01-16,2,1,0,0.0,0.0,
2021-01-17,4,1,2,0.25,0.0,0.0
2021-01-18,2,1,1,0.0,0.0,0.0
2021-01-19,1,0,1,0.0,,0.0
2021-01-20,3,1,1,0.0,0.0,0.0
2021-01-21,3,0,1,0.0,,0.0
2021-01-22,15,3,3,0.0,0.0,0.0
2021-01-23,1,0,1,0.0,,0.0
2021-01-24,1,1,0,0.0,1.0,
2021-01-25,6,1,2,0.0,0.0,0.0
2021-01-26,3,0,0,0.0,,
2021-01-27,3,0,1,0.3333333333333333,,0.0
2021-01-28,2,0,2,0.0,,0.0
2021-01-29,2,0,2,0.0,,0.5
2021-01-31,1,0,0,0.0,,
2021-02-01,0,0,2,,,0.5
2021-02-02,5,1,3,0.0,0.0,0.0
2021-02-03,6,1,2,0.0,0.0,0.0
2021-02-04,1,0,0,0.0,,
2021-02-05,3,1,0,0.6666666666666666,1.0,
2021-02-06,2,0,1,0.0,,0.0
2021-02-07,2,0,1,0.0,,0.0
2021-02-08,3,1,2,0.0,0.0,0.5
2021-02-09,3,0,2,0.0,,0.0
2021-02-12,2,0,0,0.0,,
2021-02-13,8,1,2,0.125,0.0,0.0
2021-02-14,3,0,1,0.3333333333333333,,0.0
2021-02-16,1,0,1,0.0,,0.0
2021-02-17,1,0,0,0.0,,
2021-02-18,1,0,1,0.0,,0.0
2021-02-19,2,0,0,1.0,,
2021-02-20,54,7,8,0.9259259259259259,1.0,0.0
2021-02-21,3,0,0,0.3333333333333333,,
2021-02-22,1,0,0,0.0,,
2021-02-23,5,1,0,0.4,0.0,
2021-02-24,1,1,0,0.0,0.0,
2021-02-25,3,0,1,0.3333333333333333,,0.0
2021-02-26,25,6,9,0.96,1.0,0.0
2021-02-28,3,0,0,0.3333333333333333,,
2021-03-02,3,0,0,1.0,,
2021-03-03,5,0,5,0.2,,0.0
2021-03-04,2,0,1,0.0,,1.0
2021-03-05,2,2,0,0.0,0.0,
2021-03-06,14,0,1,0.0,,0.0
2021-03-07,4,1,1,0.5,0.0,0.0
2021-03-08,6,0,1,0.0,,0.0
2021-03-09,2,2,0,0.0,0.0,
2021-03-10,3,0,0,0.0,,
2021-03-11,0,1,0,,0.0,
2021-03-12,2,0,0,1.0,,
2021-03-13,0,0,1,,,0.0
2021-03-14,2,0,1,0.5,,0.0
2021-03-15,18,2,7,0.0,0.0,0.0
2021-03-16,4,0,2,0.0,,0.0
2021-03-17,5,1,1,0.0,0.0,0.0
2021-03-18,1,1,1,0.0,0.0,0.0
2021-03-19,1,1,1,0.0,0.0,0.0
2021-03-20,1,0,0,0.0,,
2021-03-21,5,1,2,0.0,0.0,0.0
2021-03-22,2,4,1,0.5,0.5,1.0
2021-03-23,11,8,2,0.18181818181818182,0.75,1.0
2021-03-24,7,1,3,0.0,1.0,0.0
2021-03-25,7,1,2,0.0,0.0,0.0
2021-03-26,3,0,0,0.0,,
2021-03-27,7,0,0,0.0,,
2021-03-28,5,0,2,0.0,,0.0
2021-03-29,9,3,2,0.0,0.0,0.0
2021-03-30,6,2,2,0.0,0.0,0.0
2021-03-31,3,0,1,0.0,,0.0
2021-04-01,7,2,2,0.14285714285714285,0.0,0.0
2021-04-02,7,1,0,0.0,0.0,
2021-04-03,1,0,0,0.0,,
2021-04-04,0,0,1,,,0.0
2021-04-05,2,0,1,0.5,,0.0
2021-04-06,28,4,5,0.0,0.0,0.0
2021-04-07,6,1,0,0.0,0.0,
2021-04-08,5,2,0,0.0,0.0,
2021-04-09,45,9,6,0.022222222222222223,0.0,0.0
2021-04-10,7,2,1,0.0,0.0,0.0
2021-04-11,0,0,2,,,0.0
2021-04-12,2,0,1,0.0,,0.0
2021-04-13,42,9,11,0.9285714285714286,0.8888888888888888,0.0
2021-04-14,6,2,1,0.16666666666666666,0.5,0.0
2021-04-15,2,1,0,0.0,0.0,
2021-04-16,4,0,2,0.0,,0.0
2021-04-17,9,2,1,0.0,0.0,0.0
2021-04-18,3,0,0,0.0,,
2021-04-19,4,0,0,0.0,,
2021-04-20,1,0,0,0.0,,
2021-04-21,14,0,1,0.14285714285714285,,0.0
2021-04-22,3,0,0,0.0,,
2021-04-24,3,0,0,0.0,,
2021-04-25,2,0,1,0.0,,0.0
2021-04-27,1,0,0,1.0,,
2021-04-28,3,0,0,0.3333333333333333,,
2021-04-29,2,0,0,0.0,,
2021-04-30,1,0,1,0.0,,0.0
2021-05-01,1,1,0,0.0,0.0,
2021-05-02,0,0,1,,,0.0
2021-05-04,1,0,0,0.0,,
2021-05-05,1,0,0,0.0,,
2021-05-06,1,1,0,0.0,0.0,
2021-05-07,0,1,0,,0.0,
2021-05-08,1,0,0,0.0,,
2021-05-09,1,0,0,0.0,,
2021-05-11,1,0,0,0.0,,
2021-05-13,2,0,0,0.0,,
2021-05-14,1,0,0,0.0,,
2021-05-15,2,1,2,0.0,0.0,0.0
2021-05-17,4,0,0,0.0,,
2021-05-18,8,1,2,0.25,0.0,0.0
2021-05-19,6,0,1,0.0,,0.0
2021-05-20,2,0,2,0.0,,0.0
2021-05-21,1,0,0,0.0,,
2021-05-23,1,0,0,0.0,,
2021-05-24,2,0,0,0.5,,
2021-05-25,4,0,0,0.0,,
2021-05-26,4,0,1,0.25,,0.0
2021-05-27,2,3,1,0.0,0.0,0.0
2021-05-28,2,1,0,0.0,0.0,
2021-05-30,0,1,2,,1.0,0.5
2021-05-31,2,0,2,1.0,,0.0
2021-06-02,2,0,0,0.0,,
2021-06-03,2,0,0,0.0,,
2021-06-04,3,0,0,0.0,,
2021-06-05,2,0,0,0.5,,
2021-06-06,1,0,0,0.0,,
2021-06-07,3,0,0,0.0,,
2021-06-08,3,0,2,0.3333333333333333,,0.0
2021-06-09,2,0,0,0.5,,
2021-06-10,4,0,1,0.0,,0.0
2021-06-11,3,0,0,0.0,,
2021-06-12,1,0,0,0.0,,
2021-06-13,0,1,1,,0.0,0.0
2021-06-14,1,0,0,0.0,,
2021-06-15,4,0,0,0.25,,
2021-06-16,3,0,0,0.0,,
2021-06-17,1,0,0,0.0,,
2021-06-18,1,0,1,0.0,,0.0
2021-06-20,4,0,2,0.75,,1.0
2021-06-22,6,0,0,0.5,,
2021-06-23,3,0,6,1.0,,0.0
2021-06-24,2,0,0,0.5,,
2021-06-25,6,0,0,0.6666666666666666,,
2021-06-26,1,0,0,0.0,,
2021-06-29,1,0,0,1.0,,
2021-07-01,1,0,0,0.0,,
2021-07-02,0,0,1,,,0.0
2021-07-05,0,1,1,,0.0,0.0
2021-07-06,2,0,0,0.5,,
2021-07-07,1,0,1,0.0,,0.0
2021-07-08,2,0,1,1.0,,0.0
2021-07-09,0,0,1,,,0.0
2021-07-11,1,0,1,1.0,,0.0
2021-07-13,1,0,0,0.0,,
2021-07-15,2,0,1,0.0,,0.0
2021-07-16,2,0,1,0.0,,0.0
2021-07-17,1,1,0,0.0,0.0,
2021-07-18,1,0,0,0.0,,
2021-07-19,2,0,0,0.0,,
2021-07-20,4,0,2,1.0,,0.0
2021-07-21,4,0,0,0.0,,
2021-07-22,2,1,0,0.0,0.0,
2021-07-23,1,0,0,0.0,,
2021-07-24,1,0,0,0.0,,
2021-07-25,7,0,1,0.0,,0.0
2021-07-26,2,1,0,0.0,0.0,
2021-07-27,9,1,3,0.2222222222222222,0.0,0.0
2021-07-28,0,0,1,,,0.0
2021-07-29,6,2,0,0.0,0.0,
2021-07-30,6,2,2,0.0,0.0,0.0
2021-07-31,5,0,0,0.0,,
2021-08-01,4,0,3,0.0,,0.3333333333333333
2021-08-02,16,5,5,0.0625,0.0,0.0
2021-08-03,62,8,11,0.0,0.0,0.0
2021-08-04,2,3,2,0.0,0.0,0.0
2021-08-05,8,1,1,0.125,0.0,0.0
2021-08-06,4,0,1,0.0,,0.0
2021-08-07,3,1,1,0.0,0.0,0.0
2021-08-09,7,0,2,0.2857142857142857,,0.0
2021-08-10,5,4,1,0.2,0.0,0.0
2021-08-11,9,0,1,0.0,,0.0
2021-08-12,7,1,3,0.42857142857142855,0.0,0.6666666666666666
2021-08-13,15,0,1,0.2,,0.0
2021-08-14,3,1,0,0.0,0.0,
2021-08-15,9,1,0,0.0,0.0,
2021-08-16,5,2,2,0.4,0.0,0.0
2021-08-17,6,0,2,0.3333333333333333,,1.0
2021-08-18,10,0,0,0.0,,
2021-08-19,4,1,1,0.0,0.0,0.0
2021-08-20,1,1,1,0.0,0.0,0.0
2021-08-21,1,0,0,0.0,,
2021-08-22,4,1,0,0.0,0.0,
2021-08-23,1,0,0,0.0,,
2021-08-24,4,1,2,0.0,0.0,0.0
2021-08-25,2,1,0,0.0,0.0,
2021-08-26,1,0,0,0.0,,
2021-08-27,1,0,0,0.0,,
2021-08-28,3,0,1,0.0,,0.0
2021-08-29,1,0,2,0.0,,0.0
2021-08-30,4,0,2,0.5,,0.5
2021-08-31,0,1,1,,0.0,1.0
2021-09-01,2,0,1,0.0,,0.0
2021-09-02,1,0,3,0.0,,0.6666666666666666
2021-09-04,7,0,0,0.0,,
2021-09-05,3,0,1,0.0,,0.0
2021-09-06,3,0,0,0.3333333333333333,,
2021-09-07,2,0,0,0.5,,
2021-09-08,1,2,0,0.0,0.0,
2021-09-09,0,1,0,,1.0,
2021-09-10,1,0,0,0.0,,
2021-09-12,3,0,0,0.0,,
2021-09-13,2,0,0,0.0,,
2021-09-14,3,1,0,0.0,0.0,
2021-09-15,2,0,3,0.5,,0.3333333333333333
2021-09-16,3,1,0,0.0,0.0,
2021-09-17,4,1,0,0.0,0.0,
2021-09-18,4,0,0,0.0,,
2021-09-19,3,0,0,0.0,,
2021-09-21,0,1,1,,0.0,0.0
2021-09-22,0,0,1,,,0.0
2021-09-24,1,0,1,0.0,,0.0
2021-09-25,0,0,1,,,0.0
2021-09-26,2,0,0,0.0,,
2021-09-27,3,0,2,0.0,,0.0
2021-09-28,3,0,1,0.0,,0.0
2021-09-29,2,0,0,0.0,,
2021-09-30,5,0,0,0.0,,
2021-10-08,1,0,0,1.0,,
2021-10-10,0,1,0,,0.0,
2021-10-11,1,1,0,0.0,0.0,
2021-10-12,7,1,1,0.0,0.0,0.0
2021-10-13,1,0,0,0.0,,
2021-10-15,1,0,0,0.0,,
2021-10-18,3,0,1,0.0,,0.0
2021-10-19,3,1,3,0.3333333333333333,0.0,0.0
2021-10-20,1,0,0,0.0,,
2021-10-23,1,0,1,0.0,,0.0
2021-10-24,6,2,1,0.0,0.0,0.0
2021-10-25,4,0,1,0.25,,0.0
2021-10-26,6,1,0,0.16666666666666666,0.0,
2021-10-27,3,2,1,0.0,0.0,0.0
2021-10-28,14,4,2,0.0,0.0,0.0
2021-10-29,3,0,0,0.0,,
2021-10-30,3,1,0,0.0,0.0,
2021-10-31,4,0,2,0.0,,0.0
2021-11-01,3,1,0,0.0,0.0,
2021-11-02,5,2,2,0.0,0.0,0.0
2021-11-03,8,0,4,0.0,,0.0
2021-11-04,4,0,1,0.25,,0.0
2021-11-05,0,0,4,,,0.25
2021-11-06,3,0,1,0.0,,0.0
2021-11-07,3,0,2,0.0,,0.0
2021-11-08,2,0,0,0.0,,
2021-11-09,5,0,0,0.0,,
2021-11-10,9,2,1,0.0,0.0,0.0
2021-11-11,3,2,0,0.0,0.0,
2021-11-12,2,0,0,0.0,,
2021-11-14,1,1,2,0.0,0.0,0.0
2021-11-16,0,0,1,,,0.0
2021-11-17,5,0,1,0.0,,0.0
2021-11-18,1,0,0,0.0,,
2021-11-19,3,0,1,0.0,,0.0
2021-11-20,1,0,1,1.0,,0.0
2021-11-23,2,0,0,0.0,,
2021-11-24,1,0,6,0.0,,0.16666666666666666
2021-11-25,21,18,47,0.7619047619047619,0.8333333333333334,0.0851063829787234
2021-11-26,7,0,6,0.5714285714285714,,0.0
2021-11-27,4,0,1,0.5,,0.0
2021-11-28,1,0,1,0.0,,0.0
2021-11-30,2,0,3,1.0,,0.0
2021-12-03,23,4,6,0.0,0.0,0.0
2021-12-04,4,0,2,0.0,,0.0
2021-12-05,3,0,0,0.0,,
2021-12-06,3,1,1,0.0,0.0,0.0
2021-12-07,0,0,2,,,0.0
2021-12-08,4,1,0,0.0,0.0,
2021-12-09,7,1,1,0.7142857142857143,1.0,0.0
2021-12-10,2,3,0,0.0,0.0,
2021-12-11,2,2,1,0.0,0.0,0.0
2021-12-12,1,0,1,0.0,,0.0
2021-12-13,2,0,0,0.0,,
2021-12-14,1,1,1,1.0,0.0,0.0
2021-12-15,1,0,1,0.0,,0.0
2021-12-16,1,1,2,0.0,0.0,0.0
2021-12-17,2,2,0,0.5,1.0,
2021-12-18,1,0,1,0.0,,0.0
2021-12-19,2,0,3,0.0,,0.0
2021-12-20,7,3,1,0.0,0.0,0.0
2021-12-21,6,0,1,0.0,,0.0
2021-12-22,5,1,1,0.2,0.0,0.0
2021-12-23,2,1,0,0.0,0.0,
2021-12-24,2,0,2,0.5,,0.0
2021-12-25,1,0,0,0.0,,
2021-12-26,3,0,2,0.0,,0.0
2021-12-27,3,0,0,0.3333333333333333,,
2021-12-28,7,0,2,0.0,,0.0
2021-12-29,7,0,4,0.0,,0.25
2021-12-30,7,0,0,0.0,,
2021-12-31,7,0,6,0.0,,0.0
2022-01-01,17,5,9,0.0,0.0,0.0
2022-01-02,11,0,3,0.0,,0.3333333333333333
2022-01-03,2,3,3,0.0,0.0,0.0
2022-01-04,6,2,3,0.0,1.0,0.0
2022-01-05,15,1,6,0.0,0.0,0.0
2022-01-06,11,0,1,0.0,,1.0
2022-01-07,15,0,2,0.06666666666666667,,0.0
2022-01-08,43,2,7,0.0,0.0,0.0
2022-01-09,3,0,1,0.0,,0.0
2022-01-10,2,0,3,0.0,,0.0
2022-01-11,5,1,2,0.0,0.0,0.0
2022-01-12,36,5,8,0.1111111111111111,0.2,0.125
2022-01-13,4,1,2,0.0,0.0,0.0
2022-01-14,1,1,1,0.0,1.0,0.0
2022-01-15,0,1,5,,1.0,0.2
2022-01-16,4,0,1,0.25,,0.0
2022-01-17,7,0,2,0.14285714285714285,,0.5
2022-01-18,5,1,2,0.0,1.0,0.5
2022-01-19,1,0,1,0.0,,0.0
2022-01-20,2,1,2,0.0,0.0,0.0
2022-01-21,0,2,1,,0.5,0.0
2022-01-22,5,0,0,0.0,,
2022-01-23,7,0,2,0.0,,0.0
2022-01-24,4,0,1,0.0,,0.0
2022-01-25,5,1,2,0.0,0.0,0.0
2022-01-26,4,0,2,0.5,,0.0
2022-01-27,1,0,1,0.0,,0.0
2022-01-28,3,1,1,0.0,0.0,0.0
2022-01-30,0,0,2,,,0.5
2022-01-31,1,0,0,0.0,,
2022-02-01,1,0,0,0.0,,
2022-02-02,1,0,0,0.0,,
2022-02-04,3,0,2,0.0,,0.0
2022-02-05,0,1,0,,0.0,
2022-02-07,3,0,1,0.0,,0.0
2022-02-08,2,0,1,0.0,,1.0
2022-02-09,1,1,0,0.0,0.0,
2022-02-10,6,0,2,0.0,,0.0
2022-02-11,2,0,1,0.5,,0.0
2022-02-12,18,0,7,0.0,,0.0
2022-02-13,0,0,1,,,0.0
2022-02-14,3,0,1,0.0,,0.0
2022-02-15,1,0,0,0.0,,
2022-02-16,2,0,2,1.0,,0.0
2022-02-17,1,0,0,0.0,,
2022-02-19,1,0,0,0.0,,
2022-02-20,3,0,1,0.3333333333333333,,0.0
2022-02-21,5,2,2,0.0,0.5,0.0
2022-02-22,1,0,1,0.0,,0.0
2022-02-23,1,1,1,0.0,0.0,0.0
2022-02-24,6,0,3,0.0,,0.0
2022-02-26,0,0,1,,,1.0
2022-02-27,1,0,0,0.0,,
2022-02-28,1,0,0,0.0,,
2022-03-01,3,0,1,0.0,,0.0
2022-03-02,3,0,4,0.0,,0.25
2022-03-03,1,0,2,0.0,,0.0
2022-03-04,3,0,1,0.0,,0.0
2022-03-05,2,0,0,0.0,,
2022-03-06,5,0,3,0.0,,0.0
2022-03-07,0,1,2,,0.0,0.5
2022-03-08,0,1,1,,1.0,1.0
2022-03-09,3,1,5,0.3333333333333333,1.0,0.0
2022-03-10,5,0,2,0.0,,0.0
2022-03-11,1,0,1,0.0,,0.0
2022-03-12,2,1,0,0.0,0.0,
2022-03-13,1,0,5,0.0,,0.0
2022-03-14,79,314,802,0.6455696202531646,0.589171974522293,0.25561097256857856
2022-03-15,7,11,20,0.42857142857142855,0.5454545454545454,0.15
2022-03-16,9,7,11,0.2222222222222222,0.2857142857142857,0.18181818181818182
2022-03-17,3,2,3,0.0,0.0,0.0
2022-03-18,4,5,2,0.0,0.2,0.0
2022-03-19,14,2,5,0.07142857142857142,0.0,0.2
2022-03-20,5,8,3,0.0,0.0,0.0
2022-03-21,10,1,4,0.1,0.0,0.25
2022-03-22,5,1,2,0.2,0.0,0.0
2022-03-23,12,3,10,0.0,0.3333333333333333,0.2
2022-03-24,19,5,2,0.0,0.2,0.0
2022-03-25,3,6,2,0.0,0.3333333333333333,0.0
2022-03-26,0,0,4,,,0.0
2022-03-27,3,1,3,0.0,0.0,0.0
2022-03-28,5,0,5,0.4,,0.0
2022-03-29,3,0,0,0.3333333333333333,,
2022-03-30,12,1,2,0.0,1.0,0.0
2022-03-31,11,3,2,0.0,0.0,0.0
2022-04-01,12,3,4,0.08333333333333333,0.0,0.0
2022-04-02,9,4,2,0.0,0.25,0.0
2022-04-03,6,0,3,0.3333333333333333,,0.3333333333333333
2022-04-04,34,5,9,0.08823529411764706,0.0,0.0
2022-04-05,7,2,4,0.2857142857142857,0.5,0.25
2022-04-06,27,6,5,0.07407407407407407,0.16666666666666666,0.0
2022-04-07,10,5,5,0.0,0.0,0.2
2022-04-08,8,1,2,0.125,1.0,0.5
2022-04-09,6,2,6,0.0,0.5,0.5
2022-04-10,5,0,7,0.0,,0.2857142857142857
2022-04-11,2,2,3,0.0,0.0,0.0
2022-04-12,5,0,3,0.4,,0.0
2022-04-13,9,5,0,0.1111111111111111,0.2,
2022-04-14,5,0,0,0.2,,
2022-04-15,11,0,5,0.18181818181818182,,0.2
2022-04-16,4,1,2,0.25,0.0,0.0
2022-04-17,42,9,10,0.047619047619047616,0.1111111111111111,0.0
2022-04-18,22,2,8,0.2727272727272727,0.0,0.0
2022-04-19,36,12,13,0.16666666666666666,0.25,0.07692307692307693
2022-04-20,3,2,2,0.0,0.0,0.0
2022-04-21,3,1,1,1.0,0.0,0.0
2022-04-22,7,0,4,0.0,,0.0
2022-04-23,35,4,7,0.5428571428571428,0.25,0.2857142857142857
2022-04-24,48,1,12,0.3958333333333333,0.0,0.0
2022-04-25,59,9,13,0.6101694915254238,0.3333333333333333,0.0
2022-04-26,52,5,11,0.23076923076923078,0.2,0.09090909090909091
2022-04-27,29,4,7,0.3448275862068966,0.25,0.14285714285714285
2022-04-28,71,6,10,0.39436619718309857,0.3333333333333333,0.1
2022-04-29,22,2,2,0.4090909090909091,0.0,0.0
2022-04-30,27,2,2,0.037037037037037035,0.0,0.0
2022-05-01,25,5,6,0.52,0.2,0.0
2022-05-02,19,1,5,0.5263157894736842,1.0,0.0
2022-05-03,47,6,5,0.02127659574468085,0.16666666666666666,0.0
2022-05-04,46,7,3,0.3695652173913043,0.2857142857142857,0.0
2022-05-05,64,2,5,0.390625,0.0,0.0
2022-05-06,40,3,3,0.15,0.0,0.0
2022-05-07,46,2,8,0.21739130434782608,0.0,0.25
2022-05-08,30,3,5,0.16666666666666666,0.0,0.0
2022-05-09,40,3,9,0.025,0.3333333333333333,0.0
2022-05-10,50,1,8,0.18,0.0,0.0
2022-05-11,42,8,5,0.5952380952380952,0.375,0.0
2022-05-12,37,3,6,0.21621621621621623,0.3333333333333333,0.0
2022-05-13,33,2,5,0.5757575757575758,0.5,0.0
2022-05-14,23,0,3,0.782608695652174,,0.0
2022-05-15,26,3,5,0.0,0.0,0.0
2022-05-16,51,6,4,0.11764705882352941,0.0,0.0
2022-05-17,5,1,0,0.2,0.0,
2022-05-18,40,5,4,0.125,0.0,0.0
2022-05-19,5,0,0,0.2,,
2022-05-20,7,2,2,0.2857142857142857,0.5,0.0
2022-05-21,1,0,0,1.0,,
2022-05-22,27,5,1,0.037037037037037035,0.0,0.0
2022-05-23,4,0,9,0.5,,0.0
2022-05-24,44,3,6,0.20454545454545456,0.3333333333333333,0.16666666666666666
2022-05-25,2,0,2,1.0,,0.0
2022-05-26,48,7,9,0.10416666666666667,0.14285714285714285,0.0
2022-05-27,11,0,4,0.2727272727272727,,0.25
2022-05-28,4,1,1,0.25,0.0,0.0
2022-05-29,6,1,0,0.5,0.0,
2022-05-30,3,0,2,0.6666666666666666,,0.0
2022-05-31,8,1,8,0.75,0.0,0.0
2022-06-01,2,0,3,0.0,,0.0
2022-06-02,7,1,1,0.2857142857142857,0.0,0.0
2022-06-03,2,0,0,0.0,,
2022-06-04,3,0,0,0.0,,
2022-06-05,2,2,4,0.0,0.0,0.0
2022-06-06,0,0,1,,,0.0
2022-06-07,2,1,0,1.0,0.0,
2022-06-08,2,0,0,0.0,,
2022-06-09,6,0,0,0.6666666666666666,,
2022-06-10,2,0,0,0.0,,
2022-06-11,2,0,0,1.0,,
2022-06-12,0,0,3,,,0.0
2022-06-13,2,0,5,1.0,,0.0
2022-06-14,1,2,2,0.0,0.0,0.0
2022-06-15,3,0,0,0.6666666666666666,,
2022-06-17,2,2,0,0.0,0.5,
2022-06-18,1,0,1,0.0,,0.0
2022-06-19,1,0,0,0.0,,
2022-06-20,5,0,0,0.6,,
2022-06-21,6,0,4,1.0,,0.75
2022-06-22,1,1,5,0.0,0.0,0.2
2022-06-23,3,4,0,0.0,0.0,
2022-06-24,3,2,0,0.0,0.0,
2022-06-25,1,0,0,0.0,,
2022-06-26,5,1,0,0.4,0.0,
2022-06-27,3,0,0,0.0,,
2022-06-28,2,1,0,0.0,0.0,
2022-06-29,4,1,0,0.0,0.0,
2022-06-30,3,1,0,0.0,0.0,
2022-07-01,1,0,1,0.0,,0.0
2022-07-02,2,0,1,0.0,,0.0
2022-07-03,2,0,1,0.0,,0.0
2022-07-04,4,1,2,0.5,1.0,1.0
2022-07-05,6,0,1,0.0,,1.0
2022-07-06,3,0,2,0.3333333333333333,,0.0
2022-07-07,4,0,3,0.0,,0.6666666666666666
2022-07-08,2,0,3,0.0,,0.6666666666666666
2022-07-09,5,1,5,0.0,1.0,0.0
2022-07-10,5,3,1,0.0,1.0,0.0
2022-07-11,3,0,2,0.0,,0.5
2022-07-12,6,0,3,0.5,,0.0
2022-07-13,4,0,1,0.25,,0.0
2022-07-14,2,0,2,0.0,,0.0
2022-07-15,2,1,3,0.0,0.0,0.3333333333333333
2022-07-16,2,0,3,0.5,,0.6666666666666666
2022-07-17,0,0,3,,,0.6666666666666666
2022-07-18,0,0,3,,,0.3333333333333333
2022-07-19,3,0,1,0.3333333333333333,,1.0
2022-07-20,3,1,6,0.6666666666666666,1.0,0.5
2022-07-21,3,3,1,0.3333333333333333,0.3333333333333333,1.0
2022-07-22,5,0,2,0.2,,0.0
2022-07-23,8,2,3,0.125,0.0,0.0
2022-07-24,15,5,0,0.26666666666666666,0.0,
2022-07-25,7,5,1,0.2857142857142857,0.2,0.0
2022-07-26,5,2,1,0.0,0.0,0.0
2022-07-27,4,3,2,0.25,0.0,1.0
2022-07-28,9,2,0,0.2222222222222222,0.0,
2022-07-29,5,0,4,0.6,,0.0
2022-07-30,1,0,0,0.0,,
2022-07-31,0,0,1,,,0.0
2022-08-01,1,0,0,0.0,,
2022-08-02,0,0,1,,,0.0
2022-08-03,4,0,3,0.75,,0.0
2022-08-04,2,0,1,0.5,,0.0
2022-08-05,6,0,0,0.16666666666666666,,
2022-08-06,0,0,2,,,0.0
2022-08-07,0,0,1,,,0.0
2022-08-08,0,0,2,,,0.0
2022-08-09,3,0,0,0.0,,
2022-08-10,1,0,0,1.0,,
2022-08-11,1,1,3,0.0,0.0,0.0
2022-08-12,2,0,2,0.0,,0.0
2022-08-13,0,0,1,,,0.0
2022-08-14,0,1,4,,0.0,0.0
2022-08-15,3,0,4,0.0,,0.0
2022-08-16,2,0,4,1.0,,0.0
2022-08-17,4,0,4,0.5,,0.75
2022-08-18,2,1,4,0.0,1.0,0.5
2022-08-19,4,0,2,0.0,,0.0
2022-08-20,0,2,0,,0.5,
2022-08-21,2,1,0,0.0,1.0,
2022-08-22,6,0,2,0.0,,0.0
2022-08-23,3,2,3,0.3333333333333333,0.0,0.0
2022-08-24,2,1,3,0.5,0.0,0.3333333333333333
2022-08-25,20,1,1,0.0,0.0,0.0
2022-08-26,6,0,2,0.16666666666666666,,0.0
2022-08-27,4,1,0,0.75,0.0,
2022-08-28,1,0,3,0.0,,0.0
2022-08-29,1,1,3,0.0,0.0,0.0
2022-08-30,3,1,4,0.3333333333333333,1.0,0.0
2022-08-31,4,1,2,0.0,0.0,0.0
2022-09-01,3,1,2,0.3333333333333333,1.0,0.0
2022-09-02,3,3,2,0.6666666666666666,0.3333333333333333,0.0
2022-09-03,0,1,1,,1.0,0.0
2022-09-04,7,1,4,0.0,0.0,0.0
2022-09-05,14,2,0,0.0,0.5,
2022-09-06,3,0,3,0.3333333333333333,,0.3333333333333333
2022-09-07,3,5,2,0.0,0.6,0.5
2022-09-08,2,1,2,0.5,0.0,0.5
2022-09-09,4,1,1,0.25,1.0,0.0
2022-09-10,0,1,3,,0.0,0.0
2022-09-11,1,1,2,0.0,0.0,0.0
2022-09-12,1,0,3,0.0,,0.3333333333333333
2022-09-13,4,2,3,0.0,0.0,0.0
2022-09-14,0,1,4,,0.0,0.0
2022-09-15,4,1,2,0.0,0.0,0.0
2022-09-16,3,1,4,0.0,1.0,0.0
2022-09-17,1,0,3,0.0,,0.0
2022-09-18,0,1,4,,1.0,0.25
2022-09-19,1,1,2,0.0,0.0,0.0
2022-09-20,5,1,6,0.6,1.0,0.16666666666666666
2022-09-21,2,0,15,0.5,,0.2
2022-09-22,4,0,3,0.5,,0.0
2022-09-23,2,0,3,0.5,,0.3333333333333333
2022-09-24,3,0,3,1.0,,0.0
2022-09-25,7,2,1,0.8571428571428571,0.5,0.0
2022-09-26,7,2,0,0.5714285714285714,0.5,
2022-09-27,4,0,2,0.0,,0.0
2022-09-28,3,0,3,0.0,,0.3333333333333333
2022-09-29,0,0,1,,,0.0
2022-09-30,0,0,2,,,0.0
2022-10-01,3,0,2,0.3333333333333333,,0.0
2022-10-02,1,0,3,0.0,,0.3333333333333333
2022-10-03,1,0,2,0.0,,1.0
2022-10-04,1,0,1,0.0,,1.0
2022-10-05,2,0,1,0.0,,0.0
2022-10-06,3,0,1,0.6666666666666666,,0.0
2022-10-07,4,0,2,0.0,,0.0
2022-10-08,5,1,1,0.0,0.0,0.0
2022-10-09,4,1,8,0.25,1.0,0.25
2022-10-10,6,3,2,0.16666666666666666,0.6666666666666666,0.5
2022-10-11,8,3,5,0.375,0.6666666666666666,0.4
2022-10-12,6,0,2,0.0,,0.0
2022-10-13,4,0,8,0.5,,0.125
2022-10-14,60,37,54,0.6833333333333333,0.7567567567567568,0.037037037037037035
2022-10-15,3,3,8,0.0,0.6666666666666666,0.5
2022-10-16,2,0,2,0.0,,0.0
2022-10-17,3,0,2,0.6666666666666666,,0.0
2022-10-18,4,1,2,0.25,0.0,0.0
2022-10-19,2,0,1,0.0,,1.0
2022-10-20,3,0,3,0.3333333333333333,,0.0
2022-10-21,1,1,2,0.0,0.0,0.0
2022-10-22,2,1,3,0.0,1.0,0.0
2022-10-23,3,0,0,0.0,,
2022-10-24,1,0,0,1.0,,
2022-10-25,1,2,0,0.0,0.0,
2022-10-26,4,2,1,0.0,0.0,0.0
2022-10-27,5,2,2,0.0,0.5,0.5
2022-10-28,2,1,3,0.0,1.0,0.6666666666666666
2022-10-29,1,0,4,0.0,,0.5
2022-10-30,0,10,3,,0.1,0.6666666666666666
2022-10-31,2,0,2,0.5,,0.5
2022-11-01,4,0,6,0.0,,0.0
2022-11-02,4,2,9,0.0,1.0,0.2222222222222222
2022-11-03,13,3,8,0.3076923076923077,0.6666666666666666,0.0
2022-11-04,5,2,6,0.2,0.5,0.0
2022-11-05,4,0,11,0.25,,0.09090909090909091
2022-11-06,4,1,1,0.25,0.0,0.0
2022-11-07,4,0,7,0.25,,0.0
2022-11-08,2,3,4,0.0,0.6666666666666666,0.25
2022-11-09,1,1,5,1.0,0.0,0.2
2022-11-10,4,0,1,0.0,,0.0
2022-11-11,1,0,4,0.0,,0.0
2022-11-12,0,0,7,,,0.14285714285714285
2022-11-13,4,1,6,0.0,1.0,0.3333333333333333
2022-11-14,4,1,5,0.25,0.0,0.2
2022-11-15,1,4,14,0.0,0.0,0.21428571428571427
2022-11-16,1,2,12,0.0,0.0,0.3333333333333333
2022-11-17,6,2,9,0.0,0.5,0.1111111111111111
2022-11-18,23,6,4,0.0,0.0,0.25
2022-11-19,5,0,6,0.0,,0.16666666666666666
2022-11-20,3,1,7,0.0,0.0,0.42857142857142855
2022-11-21,9,5,8,0.0,0.0,0.0
2022-11-22,10,1,4,0.1,0.0,0.0
2022-11-23,7,0,8,0.0,,0.0
2022-11-24,3,4,8,0.3333333333333333,0.75,0.125
2022-11-25,2,1,12,0.5,0.0,0.0
2022-11-26,6,2,8,0.0,0.0,0.25
2022-11-27,11,1,8,0.36363636363636365,0.0,0.25
2022-11-28,5,5,10,0.0,0.2,0.3
2022-11-29,36,5,8,0.08333333333333333,0.2,0.125
2022-11-30,11,3,5,0.09090909090909091,0.0,0.4
2022-12-01,63,61,76,0.07936507936507936,0.16393442622950818,0.14473684210526316
2022-12-02,17,9,36,0.0,0.1111111111111111,0.16666666666666666
2022-12-03,23,3,29,0.043478260869565216,0.3333333333333333,0.20689655172413793
2022-12-04,31,6,13,0.0,0.3333333333333333,0.07692307692307693
2022-12-05,33,11,19,0.06060606060606061,0.09090909090909091,0.21052631578947367
2022-12-06,37,8,13,0.08108108108108109,0.125,0.07692307692307693
2022-12-07,206,37,39,0.0,0.0,0.05128205128205128
2022-12-08,116,26,36,0.02586206896551724,0.07692307692307693,0.1388888888888889
2022-12-09,141,30,44,0.0070921985815602835,0.03333333333333333,0.022727272727272728
2022-12-10,56,11,23,0.05357142857142857,0.36363636363636365,0.043478260869565216
2022-12-11,84,13,34,0.0,0.07692307692307693,0.058823529411764705
2022-12-12,30,9,9,0.0,0.1111111111111111,0.1111111111111111
2022-12-13,24,6,25,0.16666666666666666,0.0,0.04
2022-12-14,29,4,21,0.034482758620689655,0.25,0.3333333333333333
2022-12-15,131,26,40,0.007633587786259542,0.11538461538461539,0.075
2022-12-16,96,28,53,0.07291666666666667,0.07142857142857142,0.11320754716981132
2022-12-17,19,3,32,0.15789473684210525,0.3333333333333333,0.125
2022-12-18,37,19,47,0.08108108108108109,0.15789473684210525,0.14893617021276595
2022-12-19,51,7,50,0.21568627450980393,0.42857142857142855,0.12
2022-12-20,18,12,49,0.05555555555555555,0.25,0.16326530612244897
2022-12-21,32,8,57,0.28125,0.5,0.14035087719298245
2022-12-22,28,3,63,0.21428571428571427,0.3333333333333333,0.15873015873015872
2022-12-23,24,9,86,0.4583333333333333,0.8888888888888888,0.20930232558139536
2022-12-24,25,16,87,0.08,0.75,0.21839080459770116
2022-12-25,28,6,98,0.39285714285714285,0.6666666666666666,0.20408163265306123
2022-12-26,46,10,126,0.17391304347826086,0.6,0.1746031746031746
2022-12-27,51,18,116,0.1568627450980392,0.6111111111111112,0.13793103448275862
2022-12-28,16,13,120,0.1875,0.7692307692307693,0.13333333333333333
2022-12-29,26,14,77,0.07692307692307693,0.6428571428571429,0.16883116883116883
2022-12-30,63,9,97,0.14285714285714285,0.6666666666666666,0.15463917525773196
2022-12-31,45,9,53,0.5111111111111111,0.7777777777777778,0.24528301886792453
2023-01-01,22,4,51,0.5454545454545454,0.5,0.17647058823529413
2023-01-02,89,14,72,0.6966292134831461,0.6428571428571429,0.25
2023-01-03,72,15,98,0.4166666666666667,0.7333333333333333,0.19387755102040816
2023-01-04,43,17,95,0.6046511627906976,0.7647058823529411,0.16842105263157894
2023-01-05,33,12,89,0.3939393939393939,0.6666666666666666,0.1797752808988764
2023-01-06,17,13,92,0.23529411764705882,0.7692307692307693,0.14130434782608695
2023-01-07,21,11,88,0.09523809523809523,0.9090909090909091,0.10227272727272728
2023-01-08,10,6,59,0.2,0.8333333333333334,0.2711864406779661
2023-01-09,39,11,101,0.358974358974359,0.7272727272727273,0.18811881188118812
2023-01-10,11,14,82,0.36363636363636365,0.6428571428571429,0.18292682926829268
2023-01-11,19,15,78,0.15789473684210525,0.4666666666666667,0.15384615384615385
2023-01-12,22,12,60,0.5909090909090909,0.75,0.2833333333333333
2023-01-13,41,11,48,0.04878048780487805,0.6363636363636364,0.08333333333333333
2023-01-14,10,4,48,0.1,0.75,0.125
2023-01-15,22,6,34,0.45454545454545453,0.3333333333333333,0.058823529411764705
2023-01-16,26,12,45,0.11538461538461539,0.5833333333333334,0.28888888888888886
2023-01-17,13,6,41,0.07692307692307693,0.5,0.0975609756097561
2023-01-18,78,14,51,0.02564102564102564,0.14285714285714285,0.0784313725490196
2023-01-19,12,8,34,0.0,0.375,0.14705882352941177
2023-01-20,2,7,24,0.0,0.7142857142857143,0.20833333333333334
2023-01-21,33,2,20,0.7575757575757576,0.0,0.05
2023-01-22,0,1,11,,1.0,0.18181818181818182
2023-01-23,4,2,14,0.75,1.0,0.07142857142857142
2023-01-24,5,3,10,0.2,1.0,0.1
2023-01-25,18,6,16,0.16666666666666666,0.3333333333333333,0.1875
2023-01-26,5,0,15,0.8,,0.13333333333333333
2023-01-27,3,3,13,0.0,0.6666666666666666,0.15384615384615385
2023-01-28,5,8,15,0.6,0.625,0.06666666666666667
2023-01-29,6,4,16,0.16666666666666666,0.75,0.125
2023-01-30,8,2,18,0.5,0.5,0.16666666666666666
2023-01-31,5,2,11,0.0,0.0,0.2727272727272727
2023-02-01,2,7,49,0.0,0.8571428571428571,0.1836734693877551
2023-02-02,5,7,43,0.2,0.5714285714285714,0.13953488372093023
2023-02-03,4,2,40,0.75,0.5,0.2
2023-02-04,3,8,30,0.3333333333333333,0.625,0.16666666666666666
2023-02-05,5,4,31,0.4,0.75,0.16129032258064516
2023-02-06,6,5,44,0.0,0.6,0.11363636363636363
2023-02-07,11,5,30,0.18181818181818182,0.8,0.13333333333333333
2023-02-08,10,15,42,0.8,0.6666666666666666,0.19047619047619047
2023-02-09,21,14,49,0.047619047619047616,0.42857142857142855,0.04081632653061224
2023-02-10,10,12,65,0.2,0.5,0.09230769230769231
2023-02-11,3,6,28,0.3333333333333333,0.16666666666666666,0.10714285714285714
2023-02-12,8,1,17,1.0,1.0,0.11764705882352941
2023-02-13,7,6,30,0.2857142857142857,0.8333333333333334,0.1
2023-02-14,7,11,21,0.7142857142857143,0.7272727272727273,0.047619047619047616
2023-02-15,6,5,25,0.6666666666666666,0.8,0.12
2023-02-16,1,11,27,0.0,0.8181818181818182,0.1111111111111111
2023-02-17,7,6,29,0.14285714285714285,0.5,0.13793103448275862
2023-02-18,1,8,22,1.0,0.75,0.3181818181818182
2023-02-19,1,2,60,1.0,1.0,0.25
2023-02-20,3,6,25,0.3333333333333333,0.6666666666666666,0.32
2023-02-21,5,5,39,0.6,0.6,0.48717948717948717
2023-02-22,2,3,38,0.0,0.3333333333333333,0.34210526315789475
2023-02-23,3,2,25,0.0,1.0,0.24
2023-02-24,0,6,10,,0.3333333333333333,0.0
2023-02-25,1,5,14,0.0,0.8,0.21428571428571427
2023-02-26,10,2,30,0.0,0.0,0.0
2023-02-27,7,4,26,0.0,0.5,0.23076923076923078
2023-02-28,15,5,22,0.2,0.6,0.09090909090909091
2023-03-01,38,9,24,0.0,0.4444444444444444,0.08333333333333333
2023-03-02,13,3,24,0.07692307692307693,0.6666666666666666,0.2916666666666667
2023-03-03,7,5,18,0.14285714285714285,0.4,0.05555555555555555
2023-03-04,3,2,14,0.0,0.5,0.14285714285714285
2023-03-05,2,5,9,0.0,0.6,0.2222222222222222
2023-03-06,10,4,22,0.1,0.75,0.18181818181818182
2023-03-07,3,2,20,0.0,0.5,0.05
2023-03-08,1,4,21,0.0,1.0,0.09523809523809523
2023-03-09,4,1,12,0.0,0.0,0.08333333333333333
2023-03-10,1,1,16,0.0,1.0,0.3125
2023-03-11,2,3,10,0.0,0.6666666666666666,0.1
2023-03-12,3,4,18,0.0,0.75,0.05555555555555555
2023-03-13,0,3,12,,0.3333333333333333,0.16666666666666666
2023-03-14,12,4,22,0.0,0.75,0.09090909090909091
2023-03-15,1,4,9,0.0,0.25,0.1111111111111111
2023-03-16,0,1,12,,0.0,0.16666666666666666
2023-03-17,1,2,9,1.0,0.0,0.2222222222222222
2023-03-18,0,2,15,,0.0,0.13333333333333333
2023-03-19,1,1,3,0.0,0.0,0.3333333333333333
2023-03-20,10,4,9,0.0,0.75,0.3333333333333333
2023-03-21,1,3,18,0.0,0.6666666666666666,0.16666666666666666
2023-03-22,1,4,11,0.0,0.75,0.09090909090909091
2023-03-23,4,2,14,0.0,0.5,0.14285714285714285
2023-03-24,6,4,11,0.0,0.25,0.0
2023-03-25,1,2,21,0.0,1.0,0.5238095238095238
2023-03-26,1,4,6,1.0,0.75,0.16666666666666666
2023-03-27,0,1,15,,1.0,0.2
2023-03-28,1,2,15,0.0,0.0,0.2
2023-03-29,0,3,10,,1.0,0.0
2023-03-30,2,3,4,0.0,1.0,0.25
2023-03-31,1,5,16,0.0,0.4,0.3125
2023-04-01,2,5,43,0.5,0.8,0.46511627906976744
2023-04-02,1,5,23,0.0,1.0,0.13043478260869565
2023-04-03,1,3,11,0.0,0.3333333333333333,0.18181818181818182
2023-04-04,0,1,9,,0.0,0.4444444444444444
2023-04-05,0,0,8,,,0.0
2023-04-06,2,2,2,0.0,0.5,0.0
2023-04-07,3,3,8,0.0,0.3333333333333333,0.125
2023-04-08,1,1,4,1.0,0.0,0.5
2023-04-09,1,1,12,1.0,0.0,0.25
2023-04-10,0,1,8,,1.0,0.125
2023-04-11,8,0,14,0.125,,0.07142857142857142
2023-04-12,10,1,14,0.1,0.0,0.07142857142857142
2023-04-13,2,0,5,0.0,,0.2
2023-04-14,2,1,10,0.0,1.0,0.2
2023-04-15,0,0,18,,,0.05555555555555555
2023-04-16,0,1,10,,0.0,0.0
2023-04-17,2,0,9,0.5,,0.0
2023-04-18,2,2,7,0.0,0.5,0.14285714285714285
2023-04-19,0,1,9,,1.0,0.0
2023-04-20,2,0,10,0.0,,0.1
2023-04-21,1,1,11,0.0,1.0,0.09090909090909091
2023-04-22,0,3,14,,0.3333333333333333,0.14285714285714285
2023-04-23,0,3,16,,0.6666666666666666,0.1875
2023-04-24,2,1,11,0.0,1.0,0.18181818181818182
2023-04-25,0,2,4,,1.0,0.0
2023-04-26,0,1,8,,1.0,0.125
2023-04-27,1,0,6,0.0,,0.0
2023-04-28,2,2,8,0.0,0.0,0.125
2023-04-29,1,0,3,0.0,,0.0
2023-04-30,2,0,13,0.0,,0.07692307692307693
2023-05-01,1,1,4,0.0,1.0,0.0
2023-05-02,1,8,72,0.0,0.625,0.875
2023-05-03,0,5,28,,0.4,0.5714285714285714
2023-05-04,0,3,14,,0.3333333333333333,0.42857142857142855
2023-05-05,0,2,17,,0.0,0.29411764705882354
2023-05-06,1,4,14,0.0,0.5,0.07142857142857142
2023-05-07,0,1,7,,1.0,0.14285714285714285
2023-05-08,7,3,16,0.2857142857142857,0.3333333333333333,0.375
2023-05-09,0,1,10,,1.0,0.1
2023-05-10,0,1,6,,1.0,0.5
2023-05-11,0,0,7,,,0.14285714285714285
2023-05-12,2,0,19,0.0,,0.5789473684210527
2023-05-13,0,1,8,,1.0,0.125
2023-05-14,0,1,4,,1.0,0.0
2023-05-15,0,4,20,,0.0,0.2
2023-05-16,1,2,12,0.0,1.0,0.16666666666666666
2023-05-17,4,2,13,0.5,0.5,0.07692307692307693
2023-05-18,8,5,39,0.375,0.8,0.07692307692307693
2023-05-19,2,4,37,0.0,1.0,0.43243243243243246
2023-05-20,2,1,15,0.0,0.0,0.4
2023-05-21,3,3,22,0.3333333333333333,0.6666666666666666,0.13636363636363635
2023-05-22,5,3,21,0.4,0.0,0.23809523809523808
2023-05-23,5,2,22,0.2,1.0,0.18181818181818182
2023-05-24,0,7,15,,0.7142857142857143,0.3333333333333333
2023-05-25,4,7,19,0.0,0.7142857142857143,0.0
2023-05-26,4,3,23,0.5,0.3333333333333333,0.17391304347826086
2023-05-27,4,6,22,0.5,0.8333333333333334,0.22727272727272727
2023-05-28,50,7,55,0.0,0.2857142857142857,0.12727272727272726
2023-05-29,20,17,57,0.05,0.0,0.08771929824561403
2023-05-30,13,6,43,0.46153846153846156,0.3333333333333333,0.13953488372093023
2023-05-31,2,7,30,0.5,0.7142857142857143,0.1
2023-06-01,1,4,23,0.0,0.0,0.08695652173913043
2023-06-02,13,6,37,0.23076923076923078,0.8333333333333334,0.21621621621621623
2023-06-03,0,6,12,,0.8333333333333334,0.08333333333333333
2023-06-04,2,3,8,0.0,0.3333333333333333,0.5
2023-06-05,5,3,12,0.4,1.0,0.08333333333333333
2023-06-06,0,7,11,,0.7142857142857143,0.09090909090909091
2023-06-07,0,4,11,,1.0,0.2727272727272727
2023-06-08,0,4,11,,0.25,0.2727272727272727
2023-06-09,3,2,26,0.6666666666666666,0.0,0.23076923076923078
2023-06-10,0,4,15,,1.0,0.06666666666666667
2023-06-11,0,6,13,,0.8333333333333334,0.0
2023-06-12,2,5,22,0.0,1.0,0.09090909090909091
2023-06-13,4,9,31,0.5,0.8888888888888888,0.16129032258064516
2023-06-14,2,2,29,0.5,0.5,0.10344827586206896
2023-06-15,2,9,64,1.0,0.6666666666666666,0.078125
2023-06-16,1,4,11,0.0,0.25,0.09090909090909091
2023-06-17,1,2,16,1.0,0.5,0.1875
2023-06-18,3,2,10,0.3333333333333333,0.0,0.2
2023-06-19,0,1,12,,0.0,0.08333333333333333
2023-06-20,2,0,14,0.0,,0.21428571428571427
2023-06-21,3,1,22,0.0,0.0,0.18181818181818182
2023-06-22,0,2,11,,0.5,0.36363636363636365
2023-06-23,0,2,14,,0.5,0.14285714285714285
2023-06-24,4,0,10,0.0,,0.2
2023-06-25,0,0,13,,,0.23076923076923078
2023-06-26,1,2,13,0.0,1.0,0.3076923076923077
2023-06-27,0,2,9,,1.0,0.5555555555555556
2023-06-28,1,5,15,0.0,0.6,0.26666666666666666
2023-06-29,0,2,5,,0.5,0.0
2023-06-30,0,2,22,,0.5,0.13636363636363635
2023-07-01,0,4,21,,0.75,0.23809523809523808
2023-07-02,1,1,19,0.0,0.0,0.0
2023-07-03,4,5,22,0.25,0.4,0.09090909090909091
2023-07-04,1,3,14,0.0,0.0,0.14285714285714285
2023-07-05,1,2,10,1.0,0.0,0.1
2023-07-06,1,1,7,0.0,1.0,0.2857142857142857
2023-07-07,0,2,4,,0.5,0.0
2023-07-08,0,1,4,,1.0,0.0
2023-07-09,0,0,5,,,0.2
2023-07-10,0,2,16,,0.5,0.25
2023-07-11,0,0,8,,,0.375
2023-07-12,2,3,13,0.5,1.0,0.23076923076923078
2023-07-13,2,1,11,0.0,1.0,0.36363636363636365
2023-07-14,0,0,16,,,0.25
2023-07-15,0,0,6,,,0.16666666666666666
2023-07-16,1,1,4,0.0,0.0,0.25
2023-07-17,2,2,10,0.5,0.0,0.5
2023-07-18,0,1,10,,1.0,0.5
2023-07-19,0,2,6,,0.5,0.0
2023-07-20,1,2,5,1.0,0.5,0.2
2023-07-21,0,0,19,,,0.05263157894736842
2023-07-22,1,2,23,1.0,0.5,0.34782608695652173
2023-07-23,3,5,28,0.6666666666666666,0.8,0.4642857142857143
2023-07-24,2,2,21,0.5,0.0,0.23809523809523808
2023-07-25,1,1,6,1.0,1.0,0.16666666666666666
2023-07-26,1,1,15,0.0,1.0,0.13333333333333333
2023-07-27,0,3,18,,1.0,0.2222222222222222
2023-07-28,1,3,19,1.0,1.0,0.21052631578947367
2023-07-29,0,0,14,,,0.2857142857142857
2023-07-30,1,2,9,1.0,1.0,0.1111111111111111
2023-07-31,2,0,10,0.5,,0.3
2023-08-01,1,2,17,0.0,1.0,0.058823529411764705
2023-08-02,1,1,22,1.0,1.0,0.22727272727272727
2023-08-03,1,2,15,1.0,0.5,0.0
2023-08-04,1,3,19,1.0,0.6666666666666666,0.05263157894736842
2023-08-05,2,2,10,1.0,0.5,0.1
2023-08-06,2,2,12,1.0,0.5,0.3333333333333333
2023-08-07,1,6,10,0.0,0.8333333333333334,0.2
2023-08-08,2,1,16,0.5,1.0,0.375
2023-08-09,2,2,10,0.5,1.0,0.5
2023-08-10,2,1,10,0.5,1.0,0.3
2023-08-11,1,6,29,1.0,0.6666666666666666,0.20689655172413793
2023-08-12,1,5,31,1.0,0.2,0.22580645161290322
2023-08-13,2,6,14,1.0,1.0,0.2857142857142857
2023-08-14,1,1,15,1.0,1.0,0.2
2023-08-15,1,7,20,1.0,0.8571428571428571,0.05
2023-08-16,2,3,8,1.0,0.6666666666666666,0.375
2023-08-17,0,5,13,,0.2,0.38461538461538464
2023-08-18,2,5,15,0.5,0.8,0.2
2023-08-19,1,4,15,1.0,0.75,0.2
2023-08-20,1,5,8,1.0,0.8,0.5
2023-08-21,1,2,20,0.0,0.5,0.55
2023-08-22,1,0,19,1.0,,0.2631578947368421
2023-08-23,1,3,32,1.0,0.3333333333333333,0.6875
2023-08-24,1,0,16,0.0,,0.3125
2023-08-25,1,3,13,0.0,0.6666666666666666,0.0
2023-08-26,1,2,13,0.0,0.5,0.15384615384615385
2023-08-27,1,1,7,0.0,1.0,0.0
2023-08-28,3,0,11,0.3333333333333333,,0.09090909090909091
2023-08-29,0,2,10,,0.5,0.1
2023-08-30,0,3,11,,0.0,0.2727272727272727
2023-08-31,1,3,7,1.0,0.6666666666666666,0.14285714285714285
2023-09-01,0,1,8,,0.0,0.25
2023-09-02,1,0,12,0.0,,0.0
2023-09-03,1,5,5,0.0,0.8,0.2
2023-09-04,2,2,19,0.5,1.0,0.3157894736842105
2023-09-05,0,4,12,,0.75,0.25
2023-09-06,1,2,15,0.0,0.5,0.13333333333333333
2023-09-07,1,1,8,0.0,1.0,0.25
2023-09-08,1,2,5,0.0,1.0,0.0
2023-09-09,0,2,9,,1.0,0.0
2023-09-10,2,2,17,0.0,0.5,0.11764705882352941
2023-09-11,1,2,14,0.0,0.5,0.21428571428571427
2023-09-12,1,2,19,1.0,1.0,0.15789473684210525
2023-09-13,7,1,8,0.0,0.0,0.125
2023-09-14,1,2,10,0.0,1.0,0.1
2023-09-15,1,0,15,0.0,,0.0
2023-09-16,1,3,7,0.0,0.6666666666666666,0.0
2023-09-17,0,4,10,,0.5,0.1
2023-09-18,1,3,10,1.0,0.3333333333333333,0.1
2023-09-19,3,1,8,0.6666666666666666,1.0,0.25
2023-09-20,1,2,13,1.0,0.5,0.07692307692307693
2023-09-21,0,2,9,,0.5,0.1111111111111111
2023-09-22,1,2,9,1.0,0.5,0.3333333333333333
2023-09-23,0,1,10,,1.0,0.2
2023-09-24,1,2,9,1.0,1.0,0.2222222222222222
2023-09-25,1,5,11,0.0,0.6,0.18181818181818182
2023-09-26,1,3,13,1.0,1.0,0.3076923076923077
2023-09-27,0,3,19,,0.3333333333333333,0.3157894736842105
2023-09-28,1,3,9,0.0,1.0,0.4444444444444444
2023-09-29,0,2,5,,1.0,0.2
2023-09-30,0,4,5,,0.5,0.4
2023-10-01,1,3,19,0.0,0.6666666666666666,0.15789473684210525
2023-10-02,1,1,12,1.0,1.0,0.4166666666666667
2023-10-03,0,1,13,,1.0,0.07692307692307693
2023-10-04,0,0,10,,,0.0
2023-10-05,1,0,5,1.0,,0.2
2023-10-06,0,1,6,,1.0,0.0
2023-10-07,0,3,9,,1.0,0.2222222222222222
2023-10-08,0,1,11,,0.0,0.09090909090909091
2023-10-09,3,2,6,0.0,0.0,0.3333333333333333
2023-10-10,1,3,18,0.0,0.6666666666666666,0.2777777777777778
2023-10-11,3,3,23,0.0,1.0,0.17391304347826086
2023-10-12,2,3,23,0.0,0.6666666666666666,0.08695652173913043
2023-10-13,0,1,9,,1.0,0.2222222222222222
2023-10-14,0,2,7,,1.0,0.0
2023-10-15,0,0,4,,,0.25
2023-10-16,1,2,8,0.0,0.5,0.25
2023-10-17,1,3,7,1.0,0.6666666666666666,0.2857142857142857
2023-10-18,0,2,9,,0.0,0.0
2023-10-19,1,2,5,0.0,0.5,0.2
2023-10-20,1,0,1,0.0,,0.0
2023-10-21,0,1,5,,1.0,0.2
2023-10-22,0,1,3,,1.0,0.3333333333333333
2023-10-23,2,3,6,0.0,0.3333333333333333,0.0
2023-10-24,0,1,10,,1.0,0.5
2023-10-25,8,6,20,0.0,0.3333333333333333,0.25
2023-10-26,1,0,9,0.0,,0.3333333333333333
2023-10-27,0,1,18,,1.0,0.3333333333333333
2023-10-28,1,2,13,0.0,0.5,0.3076923076923077
2023-10-29,1,4,13,1.0,1.0,0.38461538461538464
2023-10-30,1,3,23,0.0,0.3333333333333333,0.34782608695652173
2023-10-31,0,3,13,,0.6666666666666666,0.3076923076923077
2023-11-01,3,4,9,0.0,0.25,0.0
2023-11-02,0,1,4,,0.0,0.0
2023-11-03,0,3,12,,0.6666666666666666,0.3333333333333333
2023-11-04,0,1,3,,1.0,0.6666666666666666
2023-11-05,1,3,6,1.0,0.6666666666666666,0.16666666666666666
2023-11-06,1,1,12,0.0,1.0,0.16666666666666666
2023-11-07,2,4,9,0.0,0.5,0.2222222222222222
2023-11-08,1,0,3,1.0,,0.0
2023-11-09,2,0,7,0.5,,0.42857142857142855
2023-11-10,5,4,37,0.8,1.0,0.13513513513513514
2023-11-11,4,6,17,0.0,0.5,0.11764705882352941
2023-11-12,2,1,4,0.0,0.0,0.5
2023-11-13,3,1,12,0.0,1.0,0.0
2023-11-14,0,0,10,,,0.3
2023-11-15,1,0,5,0.0,,0.2
2023-11-16,1,0,11,0.0,,0.18181818181818182
2023-11-17,1,2,10,0.0,1.0,0.3
2023-11-18,0,0,5,,,0.0
2023-11-19,1,1,8,0.0,1.0,0.125
2023-11-20,1,0,5,0.0,,0.4
2023-11-21,0,1,2,,1.0,0.0
2023-11-22,1,1,8,0.0,1.0,0.125
2023-11-23,1,6,19,0.0,0.0,0.05263157894736842
2023-11-24,0,8,7,,0.375,0.2857142857142857
2023-11-25,3,1,9,0.0,0.0,0.1111111111111111
2023-11-26,0,1,10,,1.0,0.6
2023-11-27,6,1,11,0.0,1.0,0.18181818181818182
2023-11-28,2,1,27,0.0,1.0,0.5555555555555556
2023-11-29,3,3,6,0.0,0.3333333333333333,0.3333333333333333
2023-11-30,5,1,10,0.0,1.0,0.3
2023-12-01,2,1,9,0.0,0.0,0.0
2023-12-02,4,2,6,0.0,1.0,0.0
2023-12-03,1,0,3,0.0,,0.0
2023-12-04,3,0,8,0.6666666666666666,,0.125
2023-12-05,1,1,9,0.0,0.0,0.0
2023-12-06,4,3,21,0.0,1.0,0.09523809523809523
2023-12-07,2,1,15,0.0,1.0,0.0
2023-12-08,2,0,8,0.0,,0.625
2023-12-09,5,3,13,0.0,1.0,0.3076923076923077
2023-12-10,10,4,13,0.0,0.5,0.5384615384615384
2023-12-11,0,4,7,,0.75,0.14285714285714285
2023-12-12,3,5,15,0.3333333333333333,0.4,0.06666666666666667
2023-12-13,6,2,19,0.0,0.0,0.10526315789473684
2023-12-14,3,4,8,0.0,0.5,0.125
2023-12-15,0,0,13,,,0.23076923076923078
2023-12-16,3,1,8,0.0,1.0,0.375
2023-12-17,3,0,8,0.0,,0.25
2023-12-18,0,4,10,,0.75,0.2
2023-12-19,2,0,4,0.0,,0.0
2023-12-20,2,2,9,0.0,0.5,0.2222222222222222
2023-12-21,0,4,7,,0.5,0.14285714285714285
2023-12-22,0,1,6,,0.0,0.3333333333333333
2023-12-23,1,2,5,1.0,1.0,0.2
2023-12-24,4,2,3,0.0,0.0,0.3333333333333333
2023-12-25,0,2,5,,0.0,0.2
2023-12-26,0,0,2,,,0.5
2023-12-27,0,2,11,,0.0,0.0
2023-12-28,2,1,8,0.0,0.0,0.125
2023-12-29,5,0,14,0.0,,0.21428571428571427
2023-12-30,2,0,8,0.0,,0.125
2023-12-31,8,1,6,0.0,1.0,0.16666666666666666
2024-01-01,3,0,5,0.0,,0.0
2024-01-02,3,1,13,0.0,1.0,0.07692307692307693
2024-01-03,4,2,3,0.0,0.5,0.0
2024-01-04,2,3,10,0.0,0.6666666666666666,0.3
2024-01-05,2,0,6,0.0,,0.16666666666666666
2024-01-06,0,0,11,,,0.09090909090909091
2024-01-07,0,3,3,,0.6666666666666666,0.3333333333333333
2024-01-08,1,0,4,1.0,,0.0
2024-01-09,0,4,11,,0.0,0.0
2024-01-10,0,1,19,,0.0,0.0
2024-01-11,1,0,18,1.0,,0.05555555555555555
2024-01-12,2,0,6,0.0,,0.16666666666666666
2024-01-13,0,1,16,,0.0,0.0625
2024-01-14,7,3,14,0.0,0.0,0.2857142857142857
2024-01-15,3,2,7,0.0,1.0,0.42857142857142855
2024-01-16,1,2,68,0.0,1.0,0.8823529411764706
2024-01-17,3,1,6,0.0,0.0,0.6666666666666666
2024-01-18,1,0,4,0.0,,0.25
2024-01-19,1,0,7,0.0,,0.14285714285714285
2024-01-20,1,1,3,0.0,0.0,0.3333333333333333
2024-01-21,0,0,7,,,0.0
2024-01-22,1,2,6,0.0,1.0,0.5
2024-01-23,1,1,8,0.0,1.0,0.375
2024-01-24,0,0,5,,,0.0
2024-01-25,0,4,8,,0.25,0.125
2024-01-26,3,0,7,0.0,,0.2857142857142857
2024-01-27,0,2,2,,0.5,0.0
2024-01-28,0,0,7,,,0.42857142857142855
2024-01-29,2,0,6,0.0,,0.5
2024-01-30,1,0,4,0.0,,0.25
2024-01-31,11,2,9,0.0,0.0,0.0
2024-02-01,4,0,11,0.25,,0.18181818181818182
2024-02-02,0,0,8,,,0.25
2024-02-03,0,1,6,,1.0,0.0
2024-02-04,2,0,4,0.0,,0.25
2024-02-05,0,1,7,,0.0,0.14285714285714285
2024-02-06,3,0,5,0.3333333333333333,,0.0
2024-02-07,0,1,6,,1.0,0.16666666666666666
2024-02-08,1,0,7,0.0,,0.2857142857142857
2024-02-09,0,0,2,,,0.5
2024-02-10,0,1,5,,0.0,0.4
2024-02-11,1,1,4,0.0,0.0,0.25
2024-02-12,0,0,2,,,0.0
2024-02-13,0,0,8,,,0.0
2024-02-14,0,2,4,,1.0,0.0
2024-02-15,1,0,2,0.0,,0.0
2024-02-16,0,0,8,,,0.5
2024-02-17,0,0,10,,,0.2
2024-02-18,0,0,7,,,0.14285714285714285
2024-02-19,0,1,1,,0.0,1.0
2024-02-20,1,0,8,0.0,,0.375
2024-02-21,2,1,7,0.5,0.0,0.0
2024-02-22,1,5,18,0.0,0.8,0.3333333333333333
2024-02-23,4,2,9,0.0,1.0,0.3333333333333333
2024-02-24,0,2,11,,0.5,0.36363636363636365
2024-02-25,0,1,2,,0.0,0.5
2024-02-26,1,0,3,0.0,,0.3333333333333333
2024-02-27,0,0,7,,,0.14285714285714285
2024-02-28,0,0,4,,,0.75
2024-02-29,0,3,7,,0.3333333333333333,0.2857142857142857
2024-03-01,0,1,8,,0.0,0.125
2024-03-02,1,2,1,0.0,0.0,1.0
2024-03-03,0,2,6,,0.5,0.3333333333333333
2024-03-04,0,3,6,,1.0,0.5
2024-03-05,0,0,5,,,0.0
2024-03-06,0,0,4,,,0.25
2024-03-07,0,1,2,,0.0,0.0
2024-03-08,1,0,14,0.0,,0.21428571428571427
2024-03-09,0,2,8,,0.5,0.125
2024-03-10,0,1,18,,1.0,0.05555555555555555
2024-03-11,1,1,8,0.0,1.0,0.0
2024-03-12,1,1,13,0.0,1.0,0.15384615384615385
2024-03-13,1,1,13,1.0,0.0,0.15384615384615385
2024-03-14,0,0,6,,,0.3333333333333333
2024-03-15,0,1,8,,0.0,0.0
2024-03-16,1,1,10,1.0,0.0,0.1
2024-03-17,13,5,37,1.0,1.0,0.08108108108108109
2024-03-18,2,4,5,0.5,0.25,0.2
2024-03-19,1,0,5,1.0,,0.0
2024-03-20,0,0,5,,,0.4
2024-03-21,0,1,2,,1.0,0.0
2024-03-22,0,1,6,,0.0,0.0
2024-03-23,0,0,6,,,0.3333333333333333
2024-03-24,0,1,4,,1.0,0.0
2024-03-25,1,1,4,0.0,1.0,0.0
2024-03-26,0,0,5,,,0.2
2024-03-27,0,0,4,,,0.25
2024-03-28,1,0,21,0.0,,0.047619047619047616
2024-03-29,1,4,4,0.0,0.75,0.0
2024-03-30,1,0,2,0.0,,0.0
2024-03-31,0,1,2,,1.0,0.0
2024-04-01,0,0,6,,,0.0
2024-04-02,0,1,2,,0.0,0.5
2024-04-03,1,0,3,0.0,,0.0
2024-04-04,0,0,2,,,1.0
2024-04-05,0,0,6,,,0.0
2024-04-06,0,1,4,,1.0,0.25
2024-04-07,1,0,6,0.0,,0.16666666666666666
2024-04-08,0,1,5,,1.0,0.2
2024-04-09,0,2,2,,0.5,0.5
2024-04-10,0,0,3,,,0.0
2024-04-11,0,3,5,,0.6666666666666666,0.6
2024-04-12,0,0,2,,,0.0
2024-04-13,0,0,2,,,0.0
2024-04-14,0,0,2,,,0.0
2024-04-15,0,1,2,,1.0,0.0
2024-04-16,0,2,3,,0.5,0.6666666666666666
2024-04-17,0,1,11,,1.0,0.36363636363636365
2024-04-18,1,0,13,0.0,,0.15384615384615385
2024-04-19,0,0,7,,,0.2857142857142857
2024-04-20,1,2,3,0.0,1.0,0.0
2024-04-21,0,1,1,,0.0,1.0
2024-04-22,0,2,3,,1.0,0.3333333333333333
2024-04-23,0,1,5,,1.0,0.2
2024-04-24,0,2,4,,0.5,0.0
2024-04-25,0,1,3,,1.0,0.6666666666666666
2024-04-26,1,1,2,0.0,0.0,0.0
2024-04-27,0,0,1,,,0.0
2024-04-28,0,1,6,,0.0,0.5
2024-04-29,0,1,3,,1.0,0.3333333333333333
2024-04-30,1,1,6,0.0,0.0,0.16666666666666666
2024-05-01,0,2,3,,0.5,0.3333333333333333
2024-05-02,0,0,4,,,0.0
2024-05-03,0,0,4,,,0.0
2024-05-04,1,1,2,1.0,1.0,0.5
2024-05-05,0,2,3,,1.0,0.0
2024-05-06,0,1,4,,1.0,0.0
2024-05-07,0,0,3,,,0.3333333333333333
2024-05-08,0,1,1,,1.0,0.0
2024-05-09,1,0,3,0.0,,0.3333333333333333
2024-05-10,1,1,4,1.0,0.0,0.25
2024-05-11,1,2,6,0.0,1.0,0.16666666666666666
2024-05-12,0,5,7,,1.0,0.5714285714285714
2024-05-13,0,0,6,,,0.8333333333333334
2024-05-14,0,0,3,,,0.0
2024-05-15,1,3,5,0.0,0.3333333333333333,0.4
2024-05-16,0,2,1,,1.0,0.0
2024-05-17,0,4,8,,0.25,0.375
2024-05-18,0,1,10,,1.0,0.4
2024-05-19,0,2,16,,0.5,0.375
2024-05-20,0,1,6,,1.0,0.3333333333333333
2024-05-21,0,2,11,,1.0,0.45454545454545453
2024-05-22,0,1,9,,1.0,0.2222222222222222
2024-05-23,1,2,8,0.0,0.0,0.0
2024-05-24,1,0,8,0.0,,0.0
2024-05-25,1,2,8,1.0,1.0,0.5
2024-05-26,0,0,6,,,0.5
2024-05-27,1,1,3,0.0,1.0,0.3333333333333333
2024-05-28,0,0,1,,,0.0
2024-05-29,0,0,9,,,0.1111111111111111
2024-05-30,0,2,2,,0.5,0.0
2024-05-31,0,1,4,,0.0,0.25
2024-06-01,0,1,6,,1.0,0.16666666666666666
2024-06-02,0,0,12,,,0.0
2024-06-03,0,0,4,,,0.25
2024-06-04,0,0,1,,,1.0
2024-06-05,0,4,2,,1.0,0.0
2024-06-06,0,1,3,,0.0,0.0
2024-06-07,0,1,3,,0.0,0.3333333333333333
2024-06-08,0,1,0,,0.0,
2024-06-09,0,0,4,,,0.25
2024-06-10,0,0,3,,,0.3333333333333333
2024-06-11,0,0,5,,,0.0
2024-06-12,0,0,3,,,0.6666666666666666
2024-06-13,0,0,4,,,0.0
2024-06-14,1,2,8,0.0,1.0,0.5
2024-06-15,0,1,1,,1.0,0.0
2024-06-16,0,1,2,,1.0,0.0
2024-06-17,0,0,12,,,0.4166666666666667
2024-06-18,0,0,2,,,0.0
2024-06-19,0,1,10,,1.0,0.0
2024-06-20,0,1,7,,1.0,0.0
2024-06-21,0,1,5,,1.0,0.2
2024-06-22,0,0,2,,,0.0
2024-06-23,1,3,11,1.0,0.6666666666666666,0.0
2024-06-24,4,0,6,0.0,,0.16666666666666666
2024-06-25,1,0,2,0.0,,0.0
2024-06-26,0,0,4,,,0.0
2024-06-27,0,0,4,,,0.0
2024-06-28,0,0,9,,,0.6666666666666666
2024-06-29,0,1,1,,1.0,0.0
2024-06-30,0,1,1,,1.0,1.0
2024-07-01,0,3,9,,1.0,0.4444444444444444
2024-07-02,0,0,8,,,0.25
2024-07-03,0,0,2,,,0.0
2024-07-04,0,1,7,,1.0,0.14285714285714285
2024-07-05,3,0,8,0.0,,0.375
2024-07-06,0,1,0,,0.0,
2024-07-07,0,1,2,,0.0,0.5
2024-07-08,4,3,22,0.0,0.0,0.045454545454545456
2024-07-09,0,0,8,,,0.125
2024-07-10,0,0,12,,,0.5
2024-07-11,0,3,16,,0.6666666666666666,0.0625
2024-07-12,0,0,6,,,0.16666666666666666
2024-07-13,0,0,3,,,0.6666666666666666
2024-07-14,0,1,2,,1.0,0.0
2024-07-15,0,1,6,,1.0,0.6666666666666666
2024-07-16,0,0,2,,,0.0
2024-07-17,0,0,2,,,0.5
2024-07-18,0,1,10,,1.0,0.2
2024-07-19,0,0,2,,,0.5
2024-07-20,0,0,6,,,0.3333333333333333
2024-07-21,0,1,7,,0.0,0.0
2024-07-22,0,1,5,,0.0,0.6
2024-07-23,0,0,2,,,0.0
2024-07-24,0,1,3,,1.0,0.3333333333333333
2024-07-25,0,0,3,,,0.6666666666666666
2024-07-26,0,0,10,,,0.1
2024-07-27,0,0,3,,,0.6666666666666666
2024-07-28,0,1,0,,0.0,
2024-07-29,1,0,4,0.0,,0.0
2024-07-30,1,1,3,0.0,0.0,0.0
2024-07-31,0,1,5,,0.0,0.0
2024-08-01,0,1,7,,0.0,0.14285714285714285
2024-08-02,0,1,11,,1.0,0.18181818181818182
2024-08-03,1,1,3,1.0,1.0,0.0
2024-08-04,0,2,1,,0.5,1.0
2024-08-05,1,1,3,0.0,0.0,0.0
2024-08-06,0,0,5,,,0.4
2024-08-07,0,1,7,,0.0,0.0
2024-08-08,0,0,5,,,0.2
2024-08-09,0,0,4,,,0.0
2024-08-10,0,0,2,,,0.5
2024-08-11,0,2,8,,0.5,0.125
2024-08-12,5,3,14,0.0,0.6666666666666666,0.21428571428571427
2024-08-13,2,1,4,0.5,0.0,0.0
2024-08-14,1,2,14,0.0,1.0,0.07142857142857142
2024-08-15,3,2,9,0.3333333333333333,0.5,0.1111111111111111
2024-08-16,1,1,4,0.0,0.0,0.5
2024-08-17,2,0,5,0.0,,0.2
2024-08-18,0,3,3,,1.0,0.6666666666666666
2024-08-19,0,0,6,,,0.16666666666666666
2024-08-20,0,1,6,,0.0,0.8333333333333334
2024-08-21,2,0,11,0.0,,0.09090909090909091
2024-08-22,0,0,8,,,0.375
2024-08-23,1,1,5,0.0,1.0,0.0
2024-08-24,0,2,4,,0.5,0.0
2024-08-25,0,1,4,,0.0,0.25
2024-08-26,2,0,5,0.0,,0.0
2024-08-27,0,1,6,,1.0,0.16666666666666666
2024-08-28,1,1,8,0.0,0.0,0.125
2024-08-29,0,1,5,,1.0,0.2
2024-08-30,0,1,3,,0.0,0.0
2024-08-31,0,0,5,,,0.0
2024-09-01,0,1,2,,0.0,0.5
2024-09-02,0,1,3,,0.0,0.0
2024-09-03,0,0,5,,,0.4
2024-09-04,0,2,7,,0.5,0.14285714285714285
2024-09-05,0,0,4,,,0.0
2024-09-06,0,0,5,,,0.0
2024-09-07,0,0,5,,,0.2
2024-09-08,0,0,6,,,0.5
2024-09-09,1,0,11,0.0,,0.36363636363636365
2024-09-10,1,0,13,0.0,,0.07692307692307693
2024-09-11,0,0,11,,,0.09090909090909091
2024-09-12,0,0,7,,,0.2857142857142857
2024-09-13,0,1,8,,1.0,0.125
2024-09-14,0,0,10,,,0.5
2024-09-15,0,0,6,,,0.16666666666666666
2024-09-16,0,1,5,,1.0,0.2
2024-09-17,0,1,8,,1.0,0.0
2024-09-18,1,1,1,0.0,0.0,0.0
2024-09-19,1,0,3,0.0,,0.0
2024-09-20,0,0,6,,,0.8333333333333334
2024-09-21,0,1,5,,1.0,0.4
2024-09-22,0,0,7,,,0.0
2024-09-23,0,1,4,,0.0,0.5
2024-09-24,0,0,1,,,0.0
2024-09-25,0,0,4,,,0.0
2024-09-26,0,0,2,,,0.5
2024-09-27,0,2,5,,1.0,0.2
2024-09-28,2,1,3,1.0,1.0,0.0
2024-09-29,0,0,5,,,0.0
2024-09-30,1,0,6,1.0,,0.0
2024-10-01,0,0,5,,,0.6
2024-10-02,0,0,5,,,0.4
2024-10-03,0,1,2,,1.0,0.0
2024-10-04,0,1,6,,1.0,0.6666666666666666
2024-10-05,0,0,3,,,0.3333333333333333
2024-10-06,1,1,27,0.0,0.0,0.037037037037037035
2024-10-07,1,0,6,0.0,,0.0
2024-10-08,1,0,7,1.0,,0.14285714285714285
2024-10-09,1,0,1,1.0,,0.0
2024-10-10,0,0,10,,,0.1
2024-10-11,0,1,3,,1.0,0.0
2024-10-12,0,1,6,,1.0,0.0
2024-10-13,1,1,4,1.0,1.0,0.5
2024-10-14,1,1,4,1.0,1.0,0.5
2024-10-15,0,0,3,,,0.0
2024-10-16,2,1,15,1.0,0.0,0.26666666666666666
2024-10-17,0,0,6,,,0.16666666666666666
2024-10-18,0,1,5,,1.0,0.0
2024-10-19,0,1,2,,1.0,0.0
2024-10-20,0,0,6,,,0.3333333333333333
2024-10-21,0,1,1,,1.0,0.0
2024-10-22,0,1,9,,1.0,0.3333333333333333
2024-10-23,0,2,3,,0.5,0.3333333333333333
2024-10-24,0,0,1,,,1.0
2024-10-25,0,0,4,,,0.0
2024-10-26,0,0,3,,,0.3333333333333333
2024-10-27,0,0,2,,,0.0
2024-10-28,0,1,6,,0.0,0.6666666666666666
2024-10-29,0,0,2,,,0.0
2024-10-30,0,2,3,,1.0,0.0
2024-10-31,0,0,5,,,0.4
2024-11-01,0,1,1,,0.0,0.0
2024-11-02,0,1,1,,1.0,0.0
2024-11-04,0,0,4,,,0.25
2024-11-05,0,0,2,,,0.0
2024-11-06,0,0,3,,,0.3333333333333333
2024-11-07,0,1,21,,1.0,0.047619047619047616
2024-11-08,0,1,12,,1.0,0.25
2024-11-09,0,0,7,,,0.14285714285714285
2024-11-10,0,0,6,,,0.16666666666666666
2024-11-11,0,0,5,,,0.4
2024-11-12,0,0,6,,,0.3333333333333333
2024-11-13,0,0,4,,,0.75
2024-11-14,0,0,5,,,0.2
2024-11-15,0,1,6,,1.0,0.5
2024-11-16,0,2,8,,0.5,0.625
2024-11-17,0,2,1,,0.0,1.0
2024-11-18,0,0,6,,,0.0
2024-11-19,0,6,2,,0.8333333333333334,0.5
2024-11-20,0,2,12,,1.0,0.4166666666666667
2024-11-21,0,0,7,,,0.14285714285714285
2024-11-22,0,1,5,,1.0,0.4
2024-11-23,0,1,3,,1.0,0.0
2024-11-24,0,3,3,,0.6666666666666666,0.6666666666666666
2024-11-25,1,0,5,0.0,,0.0
2024-11-26,2,1,3,0.0,1.0,0.0
2024-11-27,0,0,15,,,0.13333333333333333
2024-11-28,1,0,16,1.0,,0.125
2024-11-29,0,1,8,,0.0,0.375
2024-11-30,0,1,3,,1.0,0.0
2024-12-01,0,0,4,,,0.25
2024-12-02,1,0,3,0.0,,0.6666666666666666
2024-12-03,2,2,8,0.0,1.0,0.0
2024-12-04,2,1,4,0.5,0.0,0.25
2024-12-05,1,0,2,0.0,,0.0
2024-12-06,0,0,2,,,0.0
2024-12-08,1,0,3,1.0,,0.0
2024-12-09,2,0,4,1.0,,0.0
2024-12-10,0,1,1,,1.0,0.0
2024-12-11,0,2,2,,1.0,0.5
2024-12-12,0,0,3,,,0.3333333333333333
2024-12-13,0,2,7,,1.0,0.2857142857142857
2024-12-14,0,1,2,,1.0,0.0
2024-12-15,1,0,14,1.0,,0.14285714285714285
2024-12-16,0,0,4,,,0.5
2024-12-17,0,1,3,,0.0,0.0
2024-12-18,0,2,3,,1.0,0.0
2024-12-19,0,1,5,,1.0,0.6
2024-12-20,0,1,2,,0.0,0.5
2024-12-21,0,1,5,,0.0,0.4
2024-12-22,0,0,2,,,0.5
2024-12-23,0,1,9,,1.0,0.0
2024-12-24,0,0,3,,,1.0
2024-12-25,0,0,4,,,0.25
2024-12-26,0,0,4,,,0.5
2024-12-27,0,0,3,,,0.0
2024-12-28,1,0,10,1.0,,0.1
2024-12-29,0,0,10,,,0.1
2024-12-30,0,0,6,,,0.0
2024-12-31,1,0,1,0.0,,0.0
2025-01-01,0,0,6,,,0.5
2025-01-02,0,0,5,,,0.6
2025-01-03,0,0,5,,,0.4
2025-01-04,0,0,6,,,0.8333333333333334
2025-01-05,0,3,3,,0.6666666666666666,0.3333333333333333
2025-01-06,0,0,4,,,0.25
2025-01-07,0,0,7,,,0.14285714285714285
2025-01-08,0,1,3,,1.0,0.0
2025-01-09,1,0,3,1.0,,0.0
2025-01-10,0,0,9,,,0.1111111111111111
2025-01-11,0,0,1,,,0.0
2025-01-12,0,1,3,,0.0,0.0
2025-01-13,0,0,6,,,0.3333333333333333
2025-01-14,0,1,3,,1.0,0.3333333333333333
2025-01-15,0,0,8,,,0.25
2025-01-16,0,0,2,,,0.0
2025-01-17,0,0,4,,,0.25
2025-01-18,0,0,1,,,0.0
2025-01-19,0,0,2,,,0.5
2025-01-20,2,0,4,0.0,,0.25
2025-01-21,0,0,7,,,0.0
2025-01-22,0,0,7,,,0.0
2025-01-23,0,0,2,,,0.0
2025-01-24,0,1,6,,1.0,0.3333333333333333
2025-01-25,0,5,8,,0.0,0.5
2025-01-26,0,2,4,,0.0,0.0
2025-01-27,0,1,5,,0.0,0.2
2025-01-28,0,1,3,,0.0,0.0
2025-01-29,0,2,1,,0.0,0.0
2025-01-30,0,0,1,,,0.0
2025-01-31,0,1,2,,1.0,0.0
2025-02-01,0,0,2,,,0.5
2025-02-02,0,0,1,,,0.0
2025-02-03,0,1,20,,1.0,0.15
2025-02-04,0,1,2,,0.0,0.0
2025-02-05,0,0,9,,,0.0
2025-02-06,0,0,7,,,0.2857142857142857
2025-02-07,0,0,8,,,0.25
2025-02-08,0,1,3,,1.0,0.6666666666666666
2025-02-09,0,2,6,,1.0,0.0
2025-02-10,0,0,1,,,0.0
2025-02-11,0,0,4,,,0.0
2025-02-12,0,0,6,,,0.6666666666666666
2025-02-13,0,0,1,,,1.0
2025-02-14,0,0,6,,,0.3333333333333333
2025-02-15,0,2,4,,0.5,0.25
2025-02-16,0,2,7,,0.5,0.2857142857142857
2025-02-17,0,1,5,,0.0,0.2
2025-02-18,0,0,5,,,0.2
2025-02-19,0,1,0,,1.0,
2025-02-20,0,0,3,,,0.0
2025-02-21,0,0,5,,,0.0
2025-02-22,0,1,1,,1.0,0.0
2025-02-23,0,0,1,,,0.0
2025-02-24,0,0,7,,,0.0
2025-02-25,0,1,3,,0.0,0.3333333333333333
2025-02-26,0,0,5,,,0.4
2025-02-27,0,0,1,,,0.0
2025-02-28,0,0,4,,,0.5
2025-03-01,0,0,10,,,0.2
2025-03-02,0,1,3,,1.0,0.3333333333333333
2025-03-03,0,0,6,,,0.0
2025-03-04,0,0,3,,,0.0
2025-03-05,0,1,1,,1.0,0.0
2025-03-06,0,1,4,,1.0,0.0
2025-03-07,0,0,8,,,0.25
2025-03-08,0,0,7,,,0.0
2025-03-09,0,1,6,,0.0,0.16666666666666666
2025-03-10,0,1,4,,1.0,0.0
2025-03-11,0,0,3,,,0.0
2025-03-12,0,1,3,,1.0,0.6666666666666666
2025-03-13,0,0,5,,,0.2
2025-03-14,0,1,1,,1.0,0.0
2025-03-15,0,0,11,,,0.0
2025-03-16,0,0,9,,,0.0
2025-03-17,0,1,4,,0.0,0.0
2025-03-18,0,0,2,,,0.0
2025-03-19,0,0,4,,,0.0
2025-03-20,0,2,1,,0.5,1.0
2025-03-21,0,0,1,,,0.0
2025-03-22,0,0,2,,,0.0
2025-03-23,0,1,4,,1.0,0.0
2025-03-24,0,2,9,,1.0,0.0
2025-03-25,0,0,8,,,0.25
2025-03-26,0,1,6,,1.0,0.16666666666666666
2025-03-27,0,0,4,,,0.5
2025-03-28,0,0,4,,,0.0
2025-03-29,0,0,3,,,0.0
2025-03-30,0,1,1,,1.0,0.0
2025-03-31,0,0,5,,,0.2
2025-04-01,0,1,2,,0.0,0.0
2025-04-02,0,0,4,,,0.5
2025-04-03,0,0,1,,,0.0
2025-04-04,0,0,2,,,0.0
2025-04-05,0,1,6,,1.0,0.6666666666666666
2025-04-06,0,0,2,,,0.0
2025-04-07,0,1,7,,0.0,0.5714285714285714
2025-04-08,0,2,3,,1.0,0.3333333333333333
2025-04-09,0,0,3,,,0.0
2025-04-10,0,0,2,,,0.5
2025-04-11,0,0,1,,,0.0
2025-04-12,0,0,1,,,0.0
2025-04-13,0,0,3,,,0.0
2025-04-14,0,0,6,,,0.0
2025-04-15,0,0,1,,,0.0
2025-04-16,0,0,3,,,0.0
2025-04-17,0,0,6,,,0.16666666666666666
2025-04-18,0,1,2,,1.0,0.0
2025-04-19,0,1,2,,1.0,0.5
2025-04-20,0,0,1,,,0.0
2025-04-21,0,1,4,,1.0,0.5
2025-04-22,0,0,2,,,0.5
2025-04-23,0,1,0,,1.0,
2025-04-24,0,1,1,,0.0,0.0
2025-04-25,0,1,2,,0.0,0.5
2025-04-27,0,0,3,,,0.0
2025-04-28,0,0,2,,,0.0
2025-04-29,0,0,2,,,0.0
2025-04-30,0,0,6,,,0.6666666666666666
2025-05-01,0,1,3,,1.0,1.0
2025-05-02,0,1,4,,0.0,0.75
2025-05-03,0,0,2,,,0.0
2025-05-04,0,0,2,,,0.0
2025-05-05,0,1,9,,0.0,0.0
2025-05-06,0,1,3,,1.0,0.0
2025-05-07,0,0,12,,,0.0
2025-05-08,0,0,1,,,1.0
2025-05-09,0,0,2,,,0.5
2025-05-11,0,0,1,,,0.0
2025-05-12,0,1,9,,1.0,0.6666666666666666
2025-05-13,0,2,3,,0.5,0.3333333333333333
2025-05-14,0,0,4,,,0.5
2025-05-15,1,0,4,0.0,,0.0
2025-05-16,0,0,4,,,0.0
2025-05-17,0,0,7,,,0.0
2025-05-18,3,1,8,1.0,1.0,0.375
2025-05-19,5,5,16,0.0,0.2,0.0625
2025-05-20,1,8,11,0.0,0.5,0.09090909090909091
2025-05-21,4,2,10,0.0,0.5,0.1
2025-05-22,1,3,2,0.0,0.3333333333333333,0.0
2025-05-23,0,2,2,,1.0,0.0
2025-05-24,3,2,10,0.0,1.0,0.3
2025-05-25,0,2,4,,0.5,0.75
2025-05-26,0,1,3,,1.0,1.0
2025-05-27,0,1,4,,0.0,0.0
2025-05-28,0,5,4,,0.8,0.5
2025-05-29,0,1,4,,0.0,0.5
2025-05-30,0,1,3,,0.0,1.0
2025-05-31,0,0,1,,,0.0
2025-06-01,0,0,3,,,0.0
2025-06-02,0,1,5,,1.0,0.0
2025-06-03,0,0,5,,,0.2
2025-06-04,0,1,3,,1.0,0.0
2025-06-05,0,1,3,,0.0,0.0
2025-06-06,0,3,3,,0.3333333333333333,0.6666666666666666
2025-06-07,0,0,1,,,0.0
2025-06-08,0,1,5,,0.0,0.2
2025-06-10,0,0,5,,,0.0
2025-06-11,0,1,1,,0.0,0.0
2025-06-12,0,1,6,,0.0,0.16666666666666666
2025-06-13,0,0,2,,,0.5
2025-06-14,0,2,0,,0.0,
2025-06-15,0,1,1,,1.0,0.0
2025-06-16,0,0,4,,,0.25
2025-06-17,0,1,4,,0.0,0.75
2025-06-18,0,1,5,,1.0,0.4
2025-06-19,0,1,2,,0.0,0.5
2025-06-20,0,0,1,,,0.0
2025-06-21,0,0,4,,,0.0
2025-06-23,0,2,6,,0.0,0.16666666666666666
2025-06-24,0,1,5,,1.0,0.2
2025-06-25,0,1,1,,1.0,0.0
2025-06-26,0,0,4,,,0.25
2025-06-27,0,2,7,,0.5,0.0
2025-06-28,0,0,1,,,0.0
2025-06-29,0,0,12,,,0.25
2025-06-30,0,1,3,,0.0,0.0
2025-07-01,0,1,3,,0.0,0.0
2025-07-02,0,1,3,,0.0,0.3333333333333333
2025-07-03,0,1,0,,1.0,
2025-07-04,0,0,3,,,0.6666666666666666
2025-07-05,0,1,3,,1.0,0.0
2025-07-06,0,3,1,,0.0,0.0
2025-07-07,0,1,3,,0.0,0.0
2025-07-08,0,0,5,,,0.6
2025-07-09,0,0,3,,,0.3333333333333333
2025-07-10,0,2,2,,0.5,0.5
