treated_id,control_id,dist,treat_upgrade,ctrl_upgrade,treat_cooling,ctrl_cooling,treat_stable,ctrl_stable,pair
189,18,0.004395613898679623,0.14285714285714285,0.0,0.14285714285714285,0.25,0.7142857142857143,0.5,dual_vs_mainstream_only
189,5,0.009267259367007619,0.14285714285714285,0.0,0.14285714285714285,0.0,0.7142857142857143,0.5,dual_vs_mainstream_only
189,343,0.010298750992098149,0.14285714285714285,0.0,0.14285714285714285,1.0,0.7142857142857143,0.0,dual_vs_mainstream_only
359,443,0.0017132104746194754,0.058823529411764705,0.2857142857142857,0.0,0.14285714285714285,0.9411764705882353,0.5714285714285714,dual_vs_mainstream_only
359,344,0.0034550360839314953,0.058823529411764705,0.0,0.0,1.0,0.9411764705882353,0.0,dual_vs_mainstream_only
359,427,0.007585343661590138,0.058823529411764705,0.25,0.0,0.25,0.9411764705882353,0.375,dual_vs_mainstream_only
155,151,0.0,0.0,0.0,0.0,0.0,0.0,0.0,dual_vs_mainstream_only
155,281,0.00013225598250266035,0.0,0.0,0.0,0.0,0.0,1.0,dual_vs_mainstream_only
155,192,0.00014606127569372074,0.0,0.0,0.0,0.5,0.0,0.5,dual_vs_mainstream_only
407,263,8.93715876577883e-05,0.25,0.0,0.25,0.0,0.5,0.6666666666666666,dual_vs_mainstream_only
407,8,0.00046397105579440434,0.25,1.0,0.25,0.0,0.5,0.0,dual_vs_mainstream_only
407,10,0.00046397105579440434,0.25,0.0,0.25,0.0,0.5,1.0,dual_vs_mainstream_only
142,0,0.0004156616257045831,0.17391304347826086,0.5,0.17391304347826086,0.5,0.5217391304347826,0.0,dual_vs_mainstream_only
142,28,0.0005796490583358516,0.17391304347826086,1.0,0.17391304347826086,0.0,0.5217391304347826,0.0,dual_vs_mainstream_only
142,213,0.0005796490583358516,0.17391304347826086,0.0,0.17391304347826086,0.0,0.5217391304347826,1.0,dual_vs_mainstream_only
1,426,0.013165812762423568,0.0,0.25,1.0,0.5,0.0,0.0,dual_vs_mainstream_only
1,261,0.027526535058837953,0.0,0.0,1.0,0.5,0.0,0.5,dual_vs_mainstream_only
1,454,0.029227944620378088,0.0,0.25,1.0,0.25,0.0,0.25,dual_vs_mainstream_only
405,310,0.004251788375095544,0.0,0.15384615384615385,0.0,0.15384615384615385,1.0,0.6153846153846154,dual_vs_mainstream_only
405,319,0.005354794915334193,0.0,0.0,0.0,0.0,1.0,1.0,dual_vs_mainstream_only
405,370,0.029984612635063912,0.0,0.0,0.0,0.0,1.0,1.0,dual_vs_mainstream_only
129,120,0.0,0.0,0.0,0.0,0.0,1.0,1.0,dual_vs_mainstream_only
129,521,0.0007172546516384659,0.0,0.06666666666666667,0.0,0.06666666666666667,1.0,0.4,dual_vs_mainstream_only
129,460,0.010302120853980412,0.0,0.18181818181818182,0.0,0.18181818181818182,1.0,0.5757575757575758,dual_vs_mainstream_only
265,130,0.00015610181026723402,0.0,0.16666666666666666,0.0,0.16666666666666666,1.0,0.5,dual_vs_mainstream_only
265,83,0.00043964273900012896,0.0,0.0,0.0,0.3333333333333333,1.0,0.0,dual_vs_mainstream_only
265,220,0.00043964273900012896,0.0,0.3333333333333333,0.0,0.3333333333333333,1.0,0.3333333333333333,dual_vs_mainstream_only
117,49,0.0,0.0,0.0,1.0,0.0,0.0,1.0,dual_vs_mainstream_only
117,82,0.0,0.0,0.0,1.0,0.0,0.0,1.0,dual_vs_mainstream_only
117,146,0.0,0.0,0.0,1.0,0.0,0.0,1.0,dual_vs_mainstream_only
298,387,0.0,0.0,0.0,0.0,0.0,1.0,1.0,dual_vs_mainstream_only
298,36,0.00021181496310127002,0.0,0.0,0.0,0.0,1.0,1.0,dual_vs_mainstream_only
298,70,0.0010112592917032315,0.0,0.3333333333333333,0.0,0.0,1.0,0.6666666666666666,dual_vs_mainstream_only
145,169,0.00016500843051264757,0.3333333333333333,0.25,0.6666666666666666,0.25,0.0,0.5,dual_vs_mainstream_only
145,304,0.00042702294178578737,0.3333333333333333,0.0,0.6666666666666666,0.0,0.0,1.0,dual_vs_mainstream_only
145,453,0.0014853787560657472,0.3333333333333333,0.1,0.6666666666666666,0.2,0.0,0.6,dual_vs_mainstream_only
389,444,0.0006395136437379323,0.2,0.0,0.1,0.0,0.4,1.0,dual_vs_mainstream_only
389,201,0.0014866552806258593,0.2,0.14285714285714285,0.1,0.14285714285714285,0.4,0.5,dual_vs_mainstream_only
389,355,0.004455837478046953,0.2,0.0,0.1,1.0,0.4,0.0,dual_vs_mainstream_only
399,465,0.001718050199556398,0.2,0.3,0.0,0.3,0.6,0.2,dual_vs_mainstream_only
399,415,0.004509879182070187,0.2,0.0,0.0,0.1111111111111111,0.6,0.6666666666666666,dual_vs_mainstream_only
399,144,0.014915462250646772,0.2,0.0,0.0,0.0,0.6,1.0,dual_vs_mainstream_only
41,56,0.019925506554858113,0.3333333333333333,0.23809523809523808,0.0,0.19047619047619047,0.0,0.3333333333333333,dual_vs_mainstream_only
41,376,0.023016025289710113,0.3333333333333333,0.0,0.0,0.0,0.0,0.5,dual_vs_mainstream_only
41,23,0.02523877832748439,0.3333333333333333,0.2,0.0,0.2,0.0,0.6,dual_vs_mainstream_only
154,413,0.023994057054991746,0.16666666666666666,0.0,0.16666666666666666,0.0,0.25,1.0,dual_vs_mainstream_only
154,74,0.0308989319978637,0.16666666666666666,0.0,0.16666666666666666,0.0,0.25,1.0,dual_vs_mainstream_only
154,188,0.03118531415240361,0.16666666666666666,0.0,0.16666666666666666,0.0,0.25,0.5,dual_vs_mainstream_only
137,449,0.0006655458074546344,0.0,0.0,0.0,0.0,1.0,1.0,dual_vs_mainstream_only
137,71,0.0008695961843411121,0.0,0.5,0.0,0.5,1.0,0.0,dual_vs_mainstream_only
137,165,0.0012941752221090896,0.0,0.0,0.0,0.0,1.0,1.0,dual_vs_mainstream_only
109,286,0.011872617054999535,0.2,0.18421052631578946,0.17142857142857143,0.21052631578947367,0.2,0.5526315789473685,dual_vs_mainstream_only
109,411,0.012596512834983198,0.2,0.4,0.17142857142857143,0.4,0.2,0.2,dual_vs_mainstream_only
109,527,0.027167121351563295,0.2,0.18518518518518517,0.17142857142857143,0.18518518518518517,0.2,0.37037037037037035,dual_vs_mainstream_only
59,358,0.011096084446050591,0.0,0.0,0.09090909090909091,0.0,0.9090909090909091,1.0,dual_vs_mainstream_only
59,336,0.015474785675610225,0.0,0.0,0.09090909090909091,0.0,0.9090909090909091,1.0,dual_vs_mainstream_only
59,353,0.01832430279579267,0.0,0.21052631578947367,0.09090909090909091,0.15789473684210525,0.9090909090909091,0.3684210526315789,dual_vs_mainstream_only
535,378,0.02410482367368444,0.0,0.15384615384615385,0.0,0.1282051282051282,1.0,0.5128205128205128,dual_vs_mainstream_only
535,236,0.02411728546107339,0.0,0.0,0.0,0.0,1.0,1.0,dual_vs_mainstream_only
535,409,0.02411728546107339,0.0,0.0,0.0,0.0,1.0,1.0,dual_vs_mainstream_only
523,323,0.0003385237006137132,0.5,1.0,0.0,0.0,0.5,0.0,dual_vs_mainstream_only
523,159,0.025776414414913962,0.5,0.0,0.0,0.0,0.5,1.0,dual_vs_mainstream_only
523,388,0.035087522608079014,0.5,0.08333333333333333,0.0,0.08333333333333333,0.5,0.6666666666666666,dual_vs_mainstream_only
48,183,0.00048307615366185996,0.0,0.4,0.0,0.4,1.0,0.2,dual_vs_mainstream_only
48,40,0.0009652077198334524,0.0,0.0,0.0,0.0,1.0,1.0,dual_vs_mainstream_only
48,366,0.0009652077198334524,0.0,0.0,0.0,0.0,1.0,0.0,dual_vs_mainstream_only
3,78,0.00011479071715746192,1.0,0.5,0.0,0.0,0.0,0.0,dual_vs_mainstream_only
3,219,0.0005753178957304539,1.0,0.0,0.0,0.0,0.0,1.0,dual_vs_mainstream_only
3,107,0.0012402837317273957,1.0,0.0,0.0,0.0,0.0,1.0,dual_vs_mainstream_only
506,2,0.019793225027886857,0.2,0.16666666666666666,0.2,0.16666666666666666,0.0,0.6666666666666666,dual_vs_mainstream_only
506,37,0.025553903534474204,0.2,0.25,0.2,0.0,0.0,0.75,dual_vs_mainstream_only
506,276,0.026029004694372138,0.2,0.5,0.2,0.0,0.0,0.0,dual_vs_mainstream_only
300,437,0.0,0.0,0.0,0.0,0.0,1.0,1.0,dual_vs_mainstream_only
300,63,7.710816891914885e-05,0.0,0.25,0.0,0.125,1.0,0.375,dual_vs_mainstream_only
300,53,8.722400129382302e-05,0.0,0.0,0.0,0.0,1.0,0.0,dual_vs_mainstream_only
312,181,0.0005811967456701983,0.0,0.0,0.0,0.0,1.0,1.0,dual_vs_mainstream_only
312,287,0.0018812147275150681,0.0,0.3333333333333333,0.0,0.3333333333333333,1.0,0.16666666666666666,dual_vs_mainstream_only
312,503,0.0018922589217479913,0.0,0.18181818181818182,0.0,0.18181818181818182,1.0,0.36363636363636365,dual_vs_mainstream_only
424,194,0.0,0.5,0.0,0.0,0.0,0.0,1.0,dual_vs_mainstream_only
424,12,0.00016783890191610085,0.5,0.0,0.0,1.0,0.0,0.0,dual_vs_mainstream_only
424,105,0.00033620699616837557,0.5,0.0,0.0,0.0,0.0,1.0,dual_vs_mainstream_only
122,87,0.003949033872845759,0.2647058823529412,0.0,0.29411764705882354,0.0,0.11764705882352941,1.0,dual_vs_mainstream_only
122,377,0.008225763943440184,0.2647058823529412,0.125,0.29411764705882354,0.0,0.11764705882352941,0.875,dual_vs_mainstream_only
122,266,0.009110861878780518,0.2647058823529412,0.16666666666666666,0.29411764705882354,0.16666666666666666,0.11764705882352941,0.5,dual_vs_mainstream_only
518,348,0.0022244482608016897,0.05,0.0,0.05,0.0,0.9,0.0,dual_vs_mainstream_only
518,508,0.002634170558874868,0.05,0.0,0.05,0.0,0.9,1.0,dual_vs_mainstream_only
518,242,0.004206003695304203,0.05,0.0,0.05,0.0,0.9,1.0,dual_vs_mainstream_only
134,342,0.03289533982271384,0.0,0.25,0.0,0.16666666666666666,1.0,0.5,dual_vs_mainstream_only
134,373,0.033448950227507684,0.0,0.0,0.0,0.0,1.0,1.0,dual_vs_mainstream_only
134,216,0.03355475182894754,0.0,0.0,0.0,0.0,1.0,1.0,dual_vs_mainstream_only
520,98,0.00021503073731771183,0.18181818181818182,0.2,0.18181818181818182,0.2,0.45454545454545453,0.4,dual_vs_mainstream_only
520,197,0.00023671112449591414,0.18181818181818182,0.0,0.18181818181818182,0.0,0.45454545454545453,1.0,dual_vs_mainstream_only
520,379,0.00023671112449591414,0.18181818181818182,0.0,0.18181818181818182,0.0,0.45454545454545453,1.0,dual_vs_mainstream_only
68,25,0.00041283986736037614,0.0,0.0,0.0,0.5,0.0,0.0,dual_vs_mainstream_only
68,296,0.0005160183770383797,0.0,0.0,0.0,0.0,0.0,0.0,dual_vs_mainstream_only
68,522,0.0005160183770383797,0.0,0.0,0.0,0.0,0.0,1.0,dual_vs_mainstream_only
361,314,0.0,0.0,0.0,0.0,0.0,1.0,1.0,dual_vs_mainstream_only
361,259,0.00010977628418123997,0.0,0.14285714285714285,0.0,0.0,1.0,0.8571428571428571,dual_vs_mainstream_only
361,404,0.00013266392760188928,0.0,0.0,0.0,1.0,1.0,0.0,dual_vs_mainstream_only
104,123,0.0220177244160506,0.5,0.08333333333333333,0.5,0.16666666666666666,0.0,0.4166666666666667,dual_vs_mainstream_only
104,473,0.024405876147770955,0.5,1.0,0.5,0.0,0.0,0.0,dual_vs_mainstream_only
104,251,0.030541079574267244,0.5,0.0,0.5,0.0,0.0,1.0,dual_vs_mainstream_only
302,346,0.0003641054270090288,0.0,0.0,0.0,0.0,1.0,1.0,dual_vs_mainstream_only
302,136,0.0018139782550954525,0.0,0.0,0.0,0.0,1.0,1.0,dual_vs_mainstream_only
302,203,0.0018139782550954525,0.0,0.0,0.0,0.0,1.0,1.0,dual_vs_mainstream_only
329,463,0.0,0.0,0.25,0.0,0.25,1.0,0.5,dual_vs_mainstream_only
329,396,0.00012777027192975576,0.0,0.0,0.0,0.5,1.0,0.0,dual_vs_mainstream_only
329,433,0.00012777027192975576,0.0,0.0,0.0,0.0,1.0,1.0,dual_vs_mainstream_only
35,410,0.0074348825513947114,0.2857142857142857,0.0,0.2857142857142857,0.0,0.14285714285714285,1.0,dual_vs_mainstream_only
35,439,0.009386484448806437,0.2857142857142857,0.25,0.2857142857142857,0.25,0.14285714285714285,0.5,dual_vs_mainstream_only
35,485,0.0115696980814608,0.2857142857142857,0.0,0.2857142857142857,0.0,0.14285714285714285,1.0,dual_vs_mainstream_only
164,31,0.00030350790564856456,0.16666666666666666,0.0,0.16666666666666666,0.0,0.3333333333333333,0.0,dual_vs_mainstream_only
164,64,0.00030350790564856456,0.16666666666666666,1.0,0.16666666666666666,0.0,0.3333333333333333,0.0,dual_vs_mainstream_only
164,135,0.00030350790564856456,0.16666666666666666,0.0,0.16666666666666666,0.0,0.3333333333333333,0.0,dual_vs_mainstream_only
384,510,0.014691085670572729,0.08333333333333333,0.14285714285714285,0.08333333333333333,0.14285714285714285,0.8333333333333334,0.42857142857142855,dual_vs_mainstream_only
384,250,0.015762478884266046,0.08333333333333333,0.0,0.08333333333333333,0.0,0.8333333333333334,0.0,dual_vs_mainstream_only
384,54,0.024841240340624404,0.08333333333333333,0.3333333333333333,0.08333333333333333,0.0,0.8333333333333334,0.0,dual_vs_mainstream_only
75,362,0.0005745452200212608,0.25,0.0,0.0,0.0,0.5,1.0,dual_vs_mainstream_only
75,466,0.0005745452200212608,0.25,1.0,0.0,0.0,0.5,0.0,dual_vs_mainstream_only
75,418,0.0047342050703080285,0.25,0.0,0.0,0.0,0.5,1.0,dual_vs_mainstream_only
133,39,0.0,0.0,0.5,0.0,0.0,1.0,0.5,dual_vs_mainstream_only
133,66,0.0,0.0,0.0,0.0,0.0,1.0,1.0,dual_vs_mainstream_only
133,386,0.0,0.0,0.0,0.0,0.0,1.0,1.0,dual_vs_mainstream_only
118,65,0.002293508749996953,0.0,0.0,0.0,0.0,0.0,1.0,dual_vs_mainstream_only
118,477,0.005228123738739182,0.0,0.0,0.0,0.0,0.0,1.0,dual_vs_mainstream_only
118,422,0.0066943112055602855,0.0,0.3333333333333333,0.0,0.3333333333333333,0.0,0.0,dual_vs_mainstream_only
432,382,0.0001836602054233194,0.0,0.0,0.0,1.0,0.0,0.0,dual_vs_mainstream_only
432,347,0.002091231281283107,0.0,0.0,0.0,1.0,0.0,0.0,dual_vs_mainstream_only
432,328,0.0021599800099667277,0.0,0.0,0.0,0.0,0.0,0.0,dual_vs_mainstream_only
193,478,0.004912187439147342,0.14285714285714285,0.0,0.14285714285714285,0.0,0.7142857142857143,1.0,dual_vs_wemedia_only
193,343,0.005648814021588622,0.14285714285714285,0.5,0.14285714285714285,0.5,0.7142857142857143,0.0,dual_vs_wemedia_only
193,554,0.006515322093844589,0.14285714285714285,0.25,0.14285714285714285,0.25,0.7142857142857143,0.25,dual_vs_wemedia_only
356,349,0.0007965030033263709,0.058823529411764705,0.5,0.0,0.0,0.9411764705882353,0.0,dual_vs_wemedia_only
356,68,0.0016089655312422069,0.058823529411764705,0.5,0.0,0.5,0.9411764705882353,0.0,dual_vs_wemedia_only
356,293,0.0016089655312422069,0.058823529411764705,0.5,0.0,0.5,0.9411764705882353,0.0,dual_vs_wemedia_only
161,30,0.0,0.0,0.0,0.0,1.0,0.0,0.0,dual_vs_wemedia_only
161,385,0.0,0.0,0.0,0.0,1.0,0.0,0.0,dual_vs_wemedia_only
161,448,0.0,0.0,0.0,0.0,0.0,0.0,0.0,dual_vs_wemedia_only
424,282,1.0489679350425551e-05,0.25,0.3333333333333333,0.25,0.0,0.5,0.6666666666666666,dual_vs_wemedia_only
424,305,1.0489679350425551e-05,0.25,0.0,0.25,0.0,0.5,1.0,dual_vs_wemedia_only
424,217,0.0002828414474988078,0.25,0.25,0.25,0.25,0.5,0.25,dual_vs_wemedia_only
151,11,0.0005747405012008211,0.17391304347826086,0.0,0.17391304347826086,0.0,0.5217391304347826,0.8235294117647058,dual_vs_wemedia_only
151,172,0.0005837548234179368,0.17391304347826086,0.0,0.17391304347826086,0.0,0.5217391304347826,1.0,dual_vs_wemedia_only
151,131,0.0013788022558307023,0.17391304347826086,0.23529411764705882,0.17391304347826086,0.29411764705882354,0.5217391304347826,0.29411764705882354,dual_vs_wemedia_only
1,117,0.0007559488826592853,0.0,0.0,1.0,0.0,0.0,1.0,dual_vs_wemedia_only
1,32,0.0008234331491566993,0.0,0.0,1.0,0.0,0.0,1.0,dual_vs_wemedia_only
1,35,0.0008234331491566993,0.0,0.0,1.0,0.0,0.0,1.0,dual_vs_wemedia_only
423,503,0.0004167484548980305,0.0,0.0,0.0,1.0,1.0,0.0,dual_vs_wemedia_only
423,531,0.0004167484548980305,0.0,1.0,0.0,0.0,1.0,0.0,dual_vs_wemedia_only
423,485,0.0013806541727578725,0.0,0.3333333333333333,0.0,0.16666666666666666,1.0,0.16666666666666666,dual_vs_wemedia_only
136,344,0.0,0.0,0.0,0.0,0.0,1.0,1.0,dual_vs_wemedia_only
136,311,0.0004661627288400638,0.0,0.25,0.0,0.25,1.0,0.25,dual_vs_wemedia_only
136,416,0.001541486676260223,0.0,0.25,0.0,0.25,1.0,0.125,dual_vs_wemedia_only
246,555,9.296798843388965e-05,0.0,0.08,0.0,0.08,1.0,0.8,dual_vs_wemedia_only
246,394,0.0005391997098827539,0.0,0.25,0.0,0.25,1.0,0.5,dual_vs_wemedia_only
246,238,0.0006431913653935917,0.0,0.0,0.0,1.0,1.0,0.0,dual_vs_wemedia_only
122,6,0.0,0.0,0.0,1.0,0.0,0.0,0.0,dual_vs_wemedia_only
122,112,0.0,0.0,1.0,1.0,0.0,0.0,0.0,dual_vs_wemedia_only
122,500,0.0,0.0,0.0,1.0,1.0,0.0,0.0,dual_vs_wemedia_only
291,178,0.0,0.0,0.0,0.0,1.0,1.0,0.0,dual_vs_wemedia_only
291,202,0.0,0.0,0.0,0.0,1.0,1.0,0.0,dual_vs_wemedia_only
291,135,5.000846098118794e-05,0.0,0.0,0.0,0.0,1.0,1.0,dual_vs_wemedia_only
155,8,0.00013505535489327647,0.3333333333333333,0.0,0.6666666666666666,0.0,0.0,1.0,dual_vs_wemedia_only
155,92,0.00013505535489327647,0.3333333333333333,0.0,0.6666666666666666,0.0,0.0,1.0,dual_vs_wemedia_only
155,307,0.00013505535489327647,0.3333333333333333,0.0,0.6666666666666666,1.0,0.0,0.0,dual_vs_wemedia_only
405,138,0.0007122863813846247,0.2,0.1111111111111111,0.1,0.1111111111111111,0.4,0.7777777777777778,dual_vs_wemedia_only
405,211,0.0018274883787008644,0.2,0.0,0.1,0.0,0.4,0.5,dual_vs_wemedia_only
405,134,0.002098761748242556,0.2,0.0,0.1,0.0,0.4,1.0,dual_vs_wemedia_only
419,274,1.030719213762632e-05,0.2,0.4,0.0,0.4,0.6,0.0,dual_vs_wemedia_only
419,93,0.00036071474756066424,0.2,0.0,0.0,0.0,0.6,1.0,dual_vs_wemedia_only
419,384,0.0008091706918644248,0.2,0.25,0.0,0.0,0.6,0.75,dual_vs_wemedia_only
34,87,0.010613027103880235,0.3333333333333333,0.043478260869565216,0.0,0.043478260869565216,0.0,0.5652173913043478,dual_vs_wemedia_only
34,230,0.01099245334614174,0.3333333333333333,0.0,0.0,0.0,0.0,1.0,dual_vs_wemedia_only
34,210,0.012256766035373623,0.3333333333333333,0.5,0.0,0.5,0.0,0.0,dual_vs_wemedia_only
160,226,0.0015215767313065953,0.16666666666666666,0.6666666666666666,0.16666666666666666,0.3333333333333333,0.25,0.0,dual_vs_wemedia_only
160,31,0.0018610977342180257,0.16666666666666666,0.0,0.16666666666666666,0.0,0.25,1.0,dual_vs_wemedia_only
160,71,0.0020083746722458773,0.16666666666666666,0.0,0.16666666666666666,0.0,0.25,0.5,dual_vs_wemedia_only
149,85,0.00011075647347510986,0.0,0.08333333333333333,0.0,0.0,1.0,0.9166666666666666,dual_vs_wemedia_only
149,40,0.0003343031452945622,0.0,0.0,0.0,0.0,1.0,0.0,dual_vs_wemedia_only
149,74,0.0003343031452945622,0.0,0.0,0.0,0.0,1.0,1.0,dual_vs_wemedia_only
114,94,0.004427437757010211,0.2,0.0,0.17142857142857143,0.0,0.2,1.0,dual_vs_wemedia_only
114,378,0.005710634229421585,0.2,0.17647058823529413,0.17142857142857143,0.23529411764705882,0.2,0.29411764705882354,dual_vs_wemedia_only
114,271,0.006543293997703037,0.2,0.0,0.17142857142857143,0.0,0.2,0.0,dual_vs_wemedia_only
44,17,0.0002466520431538277,0.0,0.0,0.09090909090909091,0.5,0.9090909090909091,0.5,dual_vs_wemedia_only
44,521,0.0018355399075842826,0.0,0.01910828025477707,0.09090909090909091,0.01910828025477707,0.9090909090909091,0.8662420382165605,dual_vs_wemedia_only
44,334,0.0035914058432396367,0.0,0.0,0.09090909090909091,0.0,0.9090909090909091,1.0,dual_vs_wemedia_only
168,413,0.0009948603161705205,0.0,0.25925925925925924,0.0,0.25925925925925924,1.0,0.37037037037037035,dual_vs_wemedia_only
168,357,0.002007855123355995,0.0,0.0,0.0,0.0,1.0,0.5,dual_vs_wemedia_only
168,200,0.003020686044531262,0.0,0.0,0.0,0.0,1.0,0.9565217391304348,dual_vs_wemedia_only
553,319,4.5276569331259564e-05,0.0,0.14285714285714285,0.0,0.14285714285714285,1.0,0.7142857142857143,dual_vs_wemedia_only
553,254,0.0003259278436839319,0.0,0.0,0.0,0.0,1.0,0.6666666666666666,dual_vs_wemedia_only
553,48,0.0008515232402262762,0.0,0.0,0.0,0.0,1.0,1.0,dual_vs_wemedia_only
536,9,0.007855807719829855,0.5,0.125,0.0,0.25,0.5,0.125,dual_vs_wemedia_only
536,42,0.012213205531335758,0.5,0.16666666666666666,0.0,0.2,0.5,0.5,dual_vs_wemedia_only
536,105,0.016457668306060103,0.5,0.0,0.0,0.0,0.5,1.0,dual_vs_wemedia_only
459,77,0.0015413287592165592,0.0,0.25,0.0,0.1875,0.0,0.125,dual_vs_wemedia_only
459,449,0.006911920415442502,0.0,0.2222222222222222,0.0,0.1111111111111111,0.0,0.5555555555555556,dual_vs_wemedia_only
459,484,0.0071900817822583285,0.0,0.2,0.0,0.1,0.0,0.6,dual_vs_wemedia_only
36,222,0.00017078637875164726,0.0,0.0,0.0,1.0,1.0,0.0,dual_vs_wemedia_only
36,133,0.000744777894777171,0.0,0.0,0.0,0.25,1.0,0.25,dual_vs_wemedia_only
36,91,0.0008002794987339856,0.0,0.0,0.0,0.0,1.0,1.0,dual_vs_wemedia_only
4,428,0.0,1.0,0.0,0.0,0.0,0.0,1.0,dual_vs_wemedia_only
4,325,0.0002835786989603961,1.0,0.0,0.0,0.0,0.0,1.0,dual_vs_wemedia_only
4,45,0.0003174916302724762,1.0,0.0,0.0,0.0,0.0,1.0,dual_vs_wemedia_only
519,414,0.0012464650338092353,0.2,0.2692307692307692,0.2,0.2692307692307692,0.0,0.19230769230769232,dual_vs_wemedia_only
519,331,0.001649607611690529,0.2,0.0,0.2,0.0,0.0,1.0,dual_vs_wemedia_only
519,159,0.0017479052232815817,0.2,0.10810810810810811,0.2,0.10810810810810811,0.0,0.7837837837837838,dual_vs_wemedia_only
294,455,0.001554986611434328,0.0,0.0,0.0,0.0,1.0,1.0,dual_vs_wemedia_only
294,234,0.0025059297064675135,0.0,0.0,0.0,0.0,1.0,0.7142857142857143,dual_vs_wemedia_only
294,410,0.0025741979697992967,0.0,0.0,0.0,0.0,1.0,0.3333333333333333,dual_vs_wemedia_only
299,284,0.0007775072019542695,0.0,0.0,0.0,0.0,1.0,1.0,dual_vs_wemedia_only
299,113,0.0013738898757084256,0.0,0.5,0.0,0.5,1.0,0.0,dual_vs_wemedia_only
299,369,0.0016014539209907863,0.0,0.0,0.0,0.0,1.0,1.0,dual_vs_wemedia_only
447,506,0.0,0.5,0.5,0.0,0.5,0.0,0.0,dual_vs_wemedia_only
447,280,0.00043946079217263567,0.5,1.0,0.0,0.0,0.0,0.0,dual_vs_wemedia_only
447,388,0.00043946079217263567,0.5,0.0,0.0,0.0,0.0,0.0,dual_vs_wemedia_only
127,33,0.0003928493013525963,0.2647058823529412,0.0,0.29411764705882354,0.0,0.11764705882352941,1.0,dual_vs_wemedia_only
127,402,0.0009729904119445548,0.2647058823529412,0.5,0.29411764705882354,0.5,0.11764705882352941,0.0,dual_vs_wemedia_only
127,537,0.0015451644349425142,0.2647058823529412,0.05434782608695652,0.29411764705882354,0.05434782608695652,0.11764705882352941,0.7934782608695652,dual_vs_wemedia_only
532,50,0.0038348799126484145,0.05,0.0,0.05,0.0,0.9,1.0,dual_vs_wemedia_only
532,355,0.005747047869030908,0.05,0.0,0.05,0.0,0.9,1.0,dual_vs_wemedia_only
532,207,0.006996426457584748,0.05,0.0,0.05,0.0,0.9,1.0,dual_vs_wemedia_only
365,435,0.0008251358496839389,0.0,0.14285714285714285,0.0,0.14285714285714285,1.0,0.0,dual_vs_wemedia_only
365,90,0.0015801317809001347,0.0,0.0,0.0,0.0,1.0,1.0,dual_vs_wemedia_only
365,468,0.0032073041369182764,0.0,0.18181818181818182,0.0,0.18181818181818182,1.0,0.45454545454545453,dual_vs_wemedia_only
143,373,0.014960249950919158,0.0,0.0,0.0,0.0,1.0,1.0,dual_vs_wemedia_only
143,409,0.01726864556715829,0.0,0.2,0.0,0.2,1.0,0.6,dual_vs_wemedia_only
143,52,0.026585377824599354,0.0,0.11538461538461539,0.0,0.11538461538461539,1.0,0.6538461538461539,dual_vs_wemedia_only
534,110,0.0009290165939384309,0.18181818181818182,1.0,0.18181818181818182,0.0,0.45454545454545453,0.0,dual_vs_wemedia_only
534,46,0.0013070420843423747,0.18181818181818182,0.3076923076923077,0.18181818181818182,0.23076923076923078,0.45454545454545453,0.23076923076923078,dual_vs_wemedia_only
534,186,0.0013739337635036708,0.18181818181818182,0.375,0.18181818181818182,0.25,0.45454545454545453,0.25,dual_vs_wemedia_only
104,116,0.000514440512923986,0.25,0.2,0.5,0.25,0.0,0.35,dual_vs_wemedia_only
104,139,0.0008436040970946634,0.25,0.21052631578947367,0.5,0.21052631578947367,0.0,0.47368421052631576,dual_vs_wemedia_only
104,374,0.002677725865092462,0.25,0.0,0.5,0.0,0.0,0.0,dual_vs_wemedia_only
53,437,3.1701130380132336e-05,0.0,0.5,0.0,0.0,0.0,0.0,dual_vs_wemedia_only
53,73,0.0002307230937874799,0.0,1.0,0.0,0.0,0.0,0.0,dual_vs_wemedia_only
53,252,0.0002307230937874799,0.0,0.0,0.0,0.0,0.0,1.0,dual_vs_wemedia_only
360,346,0.002044594439411518,0.0,1.0,0.0,0.0,1.0,0.0,dual_vs_wemedia_only
360,391,0.0025099226697024857,0.0,0.0,0.0,0.0,1.0,1.0,dual_vs_wemedia_only
360,28,0.0029113718178367387,0.0,0.0,0.0,0.0,1.0,1.0,dual_vs_wemedia_only
295,216,0.001163435629942422,0.0,0.0,0.0,0.0,1.0,0.0,dual_vs_wemedia_only
295,445,0.001163435629942422,0.0,0.0,0.0,0.0,1.0,1.0,dual_vs_wemedia_only
295,489,0.001163435629942422,0.0,0.0,0.0,0.0,1.0,1.0,dual_vs_wemedia_only
315,508,0.00022554635278360102,0.0,0.6666666666666666,0.0,0.3333333333333333,1.0,0.0,dual_vs_wemedia_only
315,330,0.00035901746505763443,0.0,0.17325227963525835,0.0,0.1702127659574468,1.0,0.44984802431610943,dual_vs_wemedia_only
315,51,0.0006746858494306313,0.0,0.0,0.0,1.0,1.0,0.0,dual_vs_wemedia_only
393,166,0.015363882628938008,0.15384615384615385,0.0,0.1282051282051282,0.0,0.5128205128205128,1.0,dual_vs_wemedia_only
393,227,0.02419022475400645,0.15384615384615385,0.0,0.1282051282051282,0.0,0.5128205128205128,1.0,dual_vs_wemedia_only
393,512,0.025526315642319386,0.15384615384615385,0.0,0.1282051282051282,0.0,0.5128205128205128,1.0,dual_vs_wemedia_only
27,84,0.0028045246900719467,0.2857142857142857,0.07547169811320754,0.2857142857142857,0.07547169811320754,0.14285714285714285,0.7358490566037735,dual_vs_wemedia_only
27,18,0.0032381338720177955,0.2857142857142857,0.2,0.2857142857142857,0.2,0.14285714285714285,0.6,dual_vs_wemedia_only
27,37,0.003299691591142434,0.2857142857142857,0.0,0.2857142857142857,0.0,0.14285714285714285,0.0,dual_vs_wemedia_only
194,57,0.009313299711223189,0.14285714285714285,0.16666666666666666,0.14285714285714285,0.0,0.14285714285714285,0.8333333333333334,dual_vs_wemedia_only
194,26,0.012200140115956604,0.14285714285714285,0.25,0.14285714285714285,0.25,0.14285714285714285,0.28125,dual_vs_wemedia_only
194,255,0.013956917654445289,0.14285714285714285,0.5,0.14285714285714285,0.0,0.14285714285714285,0.0,dual_vs_wemedia_only
169,0,1.9284759274193486e-05,0.16666666666666666,0.0,0.16666666666666666,0.0,0.3333333333333333,1.0,dual_vs_wemedia_only
169,154,1.9284759274193486e-05,0.16666666666666666,1.0,0.16666666666666666,0.0,0.3333333333333333,0.0,dual_vs_wemedia_only
169,297,1.9284759274193486e-05,0.16666666666666666,0.0,0.16666666666666666,0.0,0.3333333333333333,1.0,dual_vs_wemedia_only
498,524,0.0006962375592007297,0.0,0.1935483870967742,0.0,0.22580645161290322,0.5,0.45161290322580644,dual_vs_wemedia_only
498,54,0.009400046006463186,0.0,0.0,0.0,0.0,0.5,1.0,dual_vs_wemedia_only
498,400,0.010509812031782084,0.0,0.0,0.0,0.0,0.5,1.0,dual_vs_wemedia_only
333,248,0.007188782788658699,0.3076923076923077,0.0,0.2692307692307692,0.0,0.15384615384615385,1.0,dual_vs_wemedia_only
333,514,0.019669295314055646,0.3076923076923077,0.0,0.2692307692307692,0.0,0.15384615384615385,0.0,dual_vs_wemedia_only
333,125,0.020198736359094582,0.3076923076923077,0.25,0.2692307692307692,0.21428571428571427,0.15384615384615385,0.39285714285714285,dual_vs_wemedia_only
261,427,0.0022373359671462034,0.23529411764705882,1.0,0.23529411764705882,0.0,0.23529411764705882,0.0,dual_vs_wemedia_only
261,182,0.0052108617850086525,0.23529411764705882,0.0,0.23529411764705882,0.0,0.23529411764705882,0.0,dual_vs_wemedia_only
261,225,0.0052108617850086525,0.23529411764705882,0.0,0.23529411764705882,1.0,0.23529411764705882,0.0,dual_vs_wemedia_only
70,451,0.00046094392680995355,0.25,0.0,0.0,0.3333333333333333,0.5,0.6666666666666666,dual_vs_wemedia_only
70,496,0.0009050136603509784,0.25,0.2,0.0,0.26666666666666666,0.5,0.0,dual_vs_wemedia_only
70,158,0.0009208387836947829,0.25,0.0,0.0,0.5,0.5,0.0,dual_vs_wemedia_only
290,517,0.00295967006083786,0.13186813186813187,0.0,0.13186813186813187,0.0,0.6043956043956044,1.0,dual_vs_wemedia_only
290,540,0.005012516857213045,0.13186813186813187,0.25,0.13186813186813187,0.25,0.6043956043956044,0.25,dual_vs_wemedia_only
290,348,0.0055949910791416035,0.13186813186813187,1.0,0.13186813186813187,0.0,0.6043956043956044,0.0,dual_vs_wemedia_only
141,480,0.0,0.0,0.5,0.0,0.0,1.0,0.5,dual_vs_wemedia_only
141,185,0.00038375729903664113,0.0,0.0,0.0,0.0,1.0,0.0,dual_vs_wemedia_only
141,204,0.00038375729903664113,0.0,0.0,0.0,0.0,1.0,1.0,dual_vs_wemedia_only
124,426,0.00031552846050583727,0.0,0.0,0.0,0.0,0.0,1.0,dual_vs_wemedia_only
124,470,0.0004442692781674168,0.0,0.18518518518518517,0.0,0.18518518518518517,0.0,0.6296296296296297,dual_vs_wemedia_only
124,115,0.0006260896355283763,0.0,0.0,0.0,1.0,0.0,0.0,dual_vs_wemedia_only
198,176,0.00206041005641594,0.3333333333333333,0.5,0.16666666666666666,0.5,0.3333333333333333,0.0,dual_vs_wemedia_only
198,106,0.002572796517292586,0.3333333333333333,0.0,0.16666666666666666,0.0,0.3333333333333333,0.0,dual_vs_wemedia_only
198,471,0.002572796517292586,0.3333333333333333,0.0,0.16666666666666666,0.0,0.3333333333333333,1.0,dual_vs_wemedia_only
462,421,0.0,0.0,0.5,0.0,0.0,0.0,0.5,dual_vs_wemedia_only
462,347,0.00032187495993732385,0.0,0.0,0.0,1.0,0.0,0.0,dual_vs_wemedia_only
462,148,0.0008470841054956796,0.0,0.0,0.0,0.0,0.0,1.0,dual_vs_wemedia_only
321,233,0.002165677534120586,0.0,0.2,0.0,0.0,1.0,0.6,dual_vs_wemedia_only
321,2,0.002806183529505596,0.0,0.0,0.0,0.0,1.0,1.0,dual_vs_wemedia_only
321,16,0.0034049243408411367,0.0,0.0,0.0,0.0,1.0,0.5,dual_vs_wemedia_only
72,324,0.001802303547319889,0.25,0.0,0.0,0.0,0.5,1.0,dual_vs_wemedia_only
72,126,0.0033508628819884922,0.25,0.24444444444444444,0.0,0.26666666666666666,0.5,0.2222222222222222,dual_vs_wemedia_only
72,432,0.007648791306985286,0.25,0.0,0.0,0.0,0.5,1.0,dual_vs_wemedia_only
78,129,0.006201635692521024,0.2727272727272727,0.0,0.2727272727272727,0.0,0.45454545454545453,0.0,dual_vs_wemedia_only
78,267,0.006201635692521024,0.2727272727272727,0.0,0.2727272727272727,0.0,0.45454545454545453,0.0,dual_vs_wemedia_only
78,242,0.0130664847249308,0.2727272727272727,0.20689655172413793,0.2727272727272727,0.2413793103448276,0.45454545454545453,0.5172413793103449,dual_vs_wemedia_only
