date,mainstream_risk_count,public,wemedia_risk_count,mainstream_risk_count_ma7,wemedia_risk_count_ma7
2020-04-01,1.0,0.0,0.0,0.42857142857142855,0.0
2020-04-02,0.0,1.0,0.0,0.2857142857142857,0.0
2020-04-03,0.0,0.0,0.0,0.2857142857142857,0.0
2020-04-04,0.0,0.0,0.0,0.2857142857142857,0.0
2020-04-05,0.0,0.0,0.0,0.2857142857142857,0.0
2020-04-06,2.0,0.0,0.0,0.42857142857142855,0.0
2020-04-07,0.0,0.0,0.0,0.42857142857142855,0.0
2020-04-08,0.0,0.0,0.0,0.2857142857142857,0.0
2020-04-09,0.0,0.0,0.0,0.2857142857142857,0.0
2020-04-10,0.0,0.0,0.0,0.2857142857142857,0.0
2020-04-11,0.0,0.0,0.0,0.2857142857142857,0.0
2020-04-12,0.0,0.0,0.0,0.2857142857142857,0.0
2020-04-13,0.0,0.0,0.0,0.0,0.0
2020-04-14,1.0,0.0,0.0,0.14285714285714285,0.0
2020-04-15,1.0,0.0,0.0,0.2857142857142857,0.0
2020-04-16,0.0,0.0,0.0,0.2857142857142857,0.0
2020-04-17,3.0,0.0,0.0,0.7142857142857143,0.0
2020-04-18,0.0,0.0,0.0,0.7142857142857143,0.0
2020-04-19,0.0,0.0,1.0,0.7142857142857143,0.14285714285714285
2020-04-20,0.0,0.0,0.0,0.7142857142857143,0.14285714285714285
2020-04-21,0.0,0.0,2.0,0.5714285714285714,0.42857142857142855
2020-04-22,1.0,0.0,0.0,0.5714285714285714,0.42857142857142855
2020-04-23,5.0,0.0,3.0,1.2857142857142858,0.8571428571428571
2020-04-24,1.0,1.0,0.0,1.0,0.8571428571428571
2020-04-25,0.0,1.0,1.0,1.0,1.0
2020-04-26,0.0,0.0,0.0,1.0,0.8571428571428571
2020-04-27,0.0,0.0,0.0,1.0,0.8571428571428571
2020-04-28,0.0,0.0,0.0,1.0,0.5714285714285714
2020-04-29,1.0,0.0,0.0,1.0,0.5714285714285714
2020-04-30,2.0,0.0,0.0,0.5714285714285714,0.14285714285714285
2020-05-01,0.0,0.0,0.0,0.42857142857142855,0.14285714285714285
2020-05-02,0.0,0.0,0.0,0.42857142857142855,0.0
2020-05-03,0.0,0.0,0.0,0.42857142857142855,0.0
2020-05-04,0.0,0.0,0.0,0.42857142857142855,0.0
2020-05-05,0.0,0.0,0.0,0.42857142857142855,0.0
2020-05-06,0.0,0.0,0.0,0.2857142857142857,0.0
2020-05-07,0.0,0.0,0.0,0.0,0.0
2020-05-08,0.0,0.0,0.0,0.0,0.0
2020-05-09,1.0,0.0,0.0,0.14285714285714285,0.0
2020-05-10,0.0,0.0,0.0,0.14285714285714285,0.0
2020-05-11,1.0,0.0,0.0,0.2857142857142857,0.0
2020-05-12,0.0,1.0,0.0,0.2857142857142857,0.0
2020-05-13,1.0,0.0,1.0,0.42857142857142855,0.14285714285714285
2020-05-14,0.0,0.0,1.0,0.42857142857142855,0.2857142857142857
2020-05-15,1.0,0.0,1.0,0.5714285714285714,0.42857142857142855
2020-05-16,0.0,0.0,0.0,0.42857142857142855,0.42857142857142855
2020-05-17,0.0,0.0,0.0,0.42857142857142855,0.42857142857142855
2020-05-18,0.0,0.0,0.0,0.2857142857142857,0.42857142857142855
2020-05-19,0.0,0.0,0.0,0.2857142857142857,0.42857142857142855
2020-05-20,0.0,0.0,0.0,0.14285714285714285,0.2857142857142857
2020-05-21,0.0,1.0,0.0,0.14285714285714285,0.14285714285714285
2020-05-22,0.0,0.0,0.0,0.0,0.0
2020-05-23,0.0,0.0,0.0,0.0,0.0
2020-05-24,0.0,0.0,0.0,0.0,0.0
2020-05-25,0.0,0.0,0.0,0.0,0.0
2020-05-26,1.0,0.0,1.0,0.14285714285714285,0.14285714285714285
2020-05-27,0.0,0.0,0.0,0.14285714285714285,0.14285714285714285
2020-05-28,0.0,0.0,0.0,0.14285714285714285,0.14285714285714285
2020-05-29,0.0,0.0,0.0,0.14285714285714285,0.14285714285714285
2020-05-30,0.0,0.0,0.0,0.14285714285714285,0.14285714285714285
2020-05-31,0.0,0.0,0.0,0.14285714285714285,0.14285714285714285
2020-06-01,0.0,0.0,0.0,0.14285714285714285,0.14285714285714285
2020-06-02,1.0,0.0,0.0,0.14285714285714285,0.0
2020-06-03,0.0,0.0,0.0,0.14285714285714285,0.0
2020-06-04,0.0,0.0,0.0,0.14285714285714285,0.0
2020-06-05,0.0,0.0,0.0,0.14285714285714285,0.0
2020-06-06,0.0,0.0,0.0,0.14285714285714285,0.0
2020-06-07,0.0,0.0,0.0,0.14285714285714285,0.0
2020-06-08,0.0,0.0,0.0,0.14285714285714285,0.0
2020-06-09,0.0,0.0,0.0,0.0,0.0
2020-06-10,0.0,0.0,0.0,0.0,0.0
2020-06-11,0.0,0.0,0.0,0.0,0.0
2020-06-12,10.0,0.0,2.0,1.4285714285714286,0.2857142857142857
2020-06-13,0.0,0.0,0.0,1.4285714285714286,0.2857142857142857
2020-06-14,0.0,0.0,0.0,1.4285714285714286,0.2857142857142857
2020-06-15,0.0,0.0,0.0,1.4285714285714286,0.2857142857142857
2020-06-16,0.0,0.0,0.0,1.4285714285714286,0.2857142857142857
2020-06-17,6.0,0.0,0.0,2.2857142857142856,0.2857142857142857
2020-06-18,0.0,0.0,0.0,2.2857142857142856,0.2857142857142857
2020-06-19,0.0,0.0,0.0,0.8571428571428571,0.0
2020-06-20,0.0,0.0,0.0,0.8571428571428571,0.0
2020-06-21,0.0,0.0,0.0,0.8571428571428571,0.0
2020-06-22,0.0,0.0,0.0,0.8571428571428571,0.0
2020-06-23,1.0,0.0,0.0,1.0,0.0
2020-06-24,0.0,0.0,0.0,0.14285714285714285,0.0
2020-06-25,0.0,0.0,0.0,0.14285714285714285,0.0
2020-06-26,0.0,0.0,0.0,0.14285714285714285,0.0
2020-06-27,0.0,0.0,0.0,0.14285714285714285,0.0
2020-06-28,0.0,0.0,0.0,0.14285714285714285,0.0
2020-06-29,1.0,0.0,0.0,0.2857142857142857,0.0
2020-06-30,1.0,0.0,0.0,0.2857142857142857,0.0
2020-07-01,0.0,0.0,0.0,0.2857142857142857,0.0
2020-07-02,0.0,0.0,0.0,0.2857142857142857,0.0
2020-07-03,0.0,0.0,0.0,0.2857142857142857,0.0
2020-07-04,0.0,0.0,0.0,0.2857142857142857,0.0
2020-07-05,0.0,0.0,0.0,0.2857142857142857,0.0
2020-07-06,0.0,0.0,0.0,0.14285714285714285,0.0
2020-07-07,0.0,0.0,0.0,0.0,0.0
2020-07-08,0.0,0.0,0.0,0.0,0.0
2020-07-09,0.0,0.0,0.0,0.0,0.0
2020-07-10,0.0,0.0,0.0,0.0,0.0
2020-07-11,0.0,1.0,0.0,0.0,0.0
2020-07-12,0.0,0.0,0.0,0.0,0.0
2020-07-13,3.0,4.0,1.0,0.42857142857142855,0.14285714285714285
2020-07-14,0.0,0.0,0.0,0.42857142857142855,0.14285714285714285
2020-07-15,0.0,0.0,0.0,0.42857142857142855,0.14285714285714285
2020-07-16,0.0,0.0,1.0,0.42857142857142855,0.2857142857142857
2020-07-17,0.0,0.0,0.0,0.42857142857142855,0.2857142857142857
2020-07-18,0.0,0.0,0.0,0.42857142857142855,0.2857142857142857
2020-07-19,1.0,0.0,0.0,0.5714285714285714,0.2857142857142857
2020-07-20,0.0,0.0,0.0,0.14285714285714285,0.14285714285714285
2020-07-21,0.0,0.0,0.0,0.14285714285714285,0.14285714285714285
2020-07-22,0.0,0.0,0.0,0.14285714285714285,0.14285714285714285
2020-07-23,0.0,0.0,0.0,0.14285714285714285,0.0
2020-07-24,0.0,1.0,0.0,0.14285714285714285,0.0
2020-07-25,0.0,0.0,0.0,0.14285714285714285,0.0
2020-07-26,2.0,0.0,0.0,0.2857142857142857,0.0
2020-07-27,0.0,0.0,0.0,0.2857142857142857,0.0
2020-07-28,0.0,0.0,0.0,0.2857142857142857,0.0
2020-07-29,0.0,0.0,0.0,0.2857142857142857,0.0
2020-07-30,0.0,0.0,0.0,0.2857142857142857,0.0
2020-07-31,1.0,0.0,0.0,0.42857142857142855,0.0
2020-08-01,0.0,0.0,0.0,0.42857142857142855,0.0
2020-08-02,0.0,0.0,0.0,0.14285714285714285,0.0
2020-08-03,0.0,0.0,0.0,0.14285714285714285,0.0
2020-08-04,0.0,0.0,0.0,0.14285714285714285,0.0
2020-08-05,0.0,0.0,0.0,0.14285714285714285,0.0
2020-08-06,0.0,0.0,0.0,0.14285714285714285,0.0
2020-08-07,1.0,0.0,0.0,0.14285714285714285,0.0
2020-08-08,0.0,0.0,0.0,0.14285714285714285,0.0
2020-08-09,0.0,0.0,0.0,0.14285714285714285,0.0
2020-08-10,0.0,1.0,0.0,0.14285714285714285,0.0
2020-08-11,0.0,0.0,0.0,0.14285714285714285,0.0
2020-08-12,0.0,0.0,0.0,0.14285714285714285,0.0
2020-08-13,0.0,0.0,0.0,0.14285714285714285,0.0
2020-08-14,0.0,0.0,1.0,0.0,0.14285714285714285
2020-08-15,0.0,0.0,0.0,0.0,0.14285714285714285
2020-08-16,0.0,0.0,0.0,0.0,0.14285714285714285
2020-08-17,0.0,0.0,0.0,0.0,0.14285714285714285
2020-08-18,0.0,0.0,0.0,0.0,0.14285714285714285
2020-08-19,0.0,0.0,0.0,0.0,0.14285714285714285
2020-08-20,1.0,0.0,0.0,0.14285714285714285,0.14285714285714285
2020-08-21,0.0,0.0,0.0,0.14285714285714285,0.0
2020-08-22,0.0,0.0,0.0,0.14285714285714285,0.0
2020-08-23,0.0,0.0,0.0,0.14285714285714285,0.0
2020-08-24,1.0,0.0,0.0,0.2857142857142857,0.0
2020-08-25,1.0,0.0,0.0,0.42857142857142855,0.0
2020-08-26,0.0,0.0,0.0,0.42857142857142855,0.0
2020-08-27,0.0,0.0,0.0,0.2857142857142857,0.0
2020-08-28,0.0,0.0,0.0,0.2857142857142857,0.0
2020-08-29,0.0,0.0,0.0,0.2857142857142857,0.0
2020-08-30,0.0,0.0,0.0,0.2857142857142857,0.0
2020-08-31,0.0,0.0,0.0,0.14285714285714285,0.0
2020-09-01,0.0,0.0,0.0,0.0,0.0
2020-09-02,0.0,0.0,0.0,0.0,0.0
2020-09-03,0.0,0.0,0.0,0.0,0.0
2020-09-04,0.0,0.0,0.0,0.0,0.0
2020-09-05,0.0,0.0,0.0,0.0,0.0
2020-09-06,0.0,0.0,0.0,0.0,0.0
2020-09-07,0.0,0.0,0.0,0.0,0.0
2020-09-08,0.0,0.0,0.0,0.0,0.0
2020-09-09,0.0,0.0,0.0,0.0,0.0
2020-09-10,0.0,0.0,0.0,0.0,0.0
2020-09-11,0.0,0.0,0.0,0.0,0.0
2020-09-12,1.0,0.0,0.0,0.14285714285714285,0.0
2020-09-13,0.0,0.0,0.0,0.14285714285714285,0.0
2020-09-14,0.0,0.0,0.0,0.14285714285714285,0.0
2020-09-15,0.0,0.0,0.0,0.14285714285714285,0.0
2020-09-16,0.0,0.0,0.0,0.14285714285714285,0.0
2020-09-17,0.0,0.0,0.0,0.14285714285714285,0.0
2020-09-18,0.0,0.0,0.0,0.14285714285714285,0.0
2020-09-19,0.0,0.0,0.0,0.0,0.0
2020-09-20,0.0,0.0,0.0,0.0,0.0
2020-09-21,0.0,0.0,0.0,0.0,0.0
2020-09-22,0.0,0.0,0.0,0.0,0.0
2020-09-23,0.0,0.0,0.0,0.0,0.0
2020-09-24,0.0,0.0,0.0,0.0,0.0
2020-09-25,0.0,0.0,0.0,0.0,0.0
2020-09-26,0.0,0.0,0.0,0.0,0.0
2020-09-27,0.0,0.0,0.0,0.0,0.0
2020-09-28,0.0,0.0,0.0,0.0,0.0
2020-09-29,0.0,0.0,0.0,0.0,0.0
2020-09-30,0.0,0.0,0.0,0.0,0.0
2020-10-01,0.0,0.0,0.0,0.0,0.0
2020-10-02,0.0,0.0,0.0,0.0,0.0
2020-10-03,0.0,0.0,0.0,0.0,0.0
2020-10-04,0.0,0.0,0.0,0.0,0.0
2020-10-05,0.0,0.0,0.0,0.0,0.0
2020-10-06,2.0,0.0,0.0,0.2857142857142857,0.0
2020-10-07,0.0,1.0,0.0,0.2857142857142857,0.0
2020-10-08,0.0,0.0,0.0,0.2857142857142857,0.0
2020-10-09,0.0,0.0,0.0,0.2857142857142857,0.0
2020-10-10,0.0,0.0,0.0,0.2857142857142857,0.0
2020-10-11,0.0,0.0,0.0,0.2857142857142857,0.0
2020-10-12,0.0,0.0,0.0,0.2857142857142857,0.0
2020-10-13,0.0,1.0,0.0,0.0,0.0
2020-10-14,0.0,0.0,0.0,0.0,0.0
2020-10-15,0.0,0.0,0.0,0.0,0.0
2020-10-16,0.0,0.0,1.0,0.0,0.14285714285714285
2020-10-17,0.0,0.0,0.0,0.0,0.14285714285714285
2020-10-18,0.0,0.0,0.0,0.0,0.14285714285714285
2020-10-19,0.0,0.0,0.0,0.0,0.14285714285714285
2020-10-20,0.0,0.0,0.0,0.0,0.14285714285714285
2020-10-21,0.0,0.0,0.0,0.0,0.14285714285714285
2020-10-22,1.0,0.0,0.0,0.14285714285714285,0.14285714285714285
2020-10-23,5.0,0.0,0.0,0.8571428571428571,0.0
2020-10-24,1.0,0.0,0.0,1.0,0.0
2020-10-25,0.0,0.0,0.0,1.0,0.0
2020-10-26,0.0,0.0,0.0,1.0,0.0
2020-10-27,0.0,0.0,0.0,1.0,0.0
2020-10-28,2.0,0.0,0.0,1.2857142857142858,0.0
2020-10-29,0.0,0.0,0.0,1.1428571428571428,0.0
2020-10-30,2.0,0.0,0.0,0.7142857142857143,0.0
2020-10-31,0.0,0.0,0.0,0.5714285714285714,0.0
2020-12-01,1.0,1.0,0.0,1.7142857142857142,9.571428571428571
2020-12-02,0.0,0.0,0.0,0.8571428571428571,3.2857142857142856
2020-12-03,0.0,0.0,0.0,0.14285714285714285,0.0
2020-12-04,0.0,0.0,0.0,0.14285714285714285,0.0
2020-12-05,0.0,0.0,0.0,0.14285714285714285,0.0
2020-12-06,0.0,0.0,0.0,0.14285714285714285,0.0
2020-12-07,0.0,0.0,0.0,0.14285714285714285,0.0
2020-12-08,0.0,0.0,0.0,0.0,0.0
2020-12-09,0.0,0.0,0.0,0.0,0.0
2020-12-10,0.0,0.0,0.0,0.0,0.0
2020-12-11,2.0,0.0,0.0,0.2857142857142857,0.0
2020-12-12,0.0,0.0,0.0,0.2857142857142857,0.0
2020-12-13,2.0,0.0,0.0,0.5714285714285714,0.0
2020-12-14,0.0,0.0,0.0,0.5714285714285714,0.0
2020-12-15,2.0,0.0,0.0,0.8571428571428571,0.0
2020-12-16,1.0,0.0,0.0,1.0,0.0
2020-12-17,0.0,0.0,0.0,1.0,0.0
2020-12-18,0.0,0.0,0.0,0.7142857142857143,0.0
2020-12-19,0.0,0.0,0.0,0.7142857142857143,0.0
2020-12-20,0.0,1.0,0.0,0.42857142857142855,0.0
2020-12-21,0.0,0.0,0.0,0.42857142857142855,0.0
2020-12-22,0.0,0.0,0.0,0.14285714285714285,0.0
2020-12-23,0.0,0.0,0.0,0.0,0.0
2020-12-24,0.0,2.0,0.0,0.0,0.0
2020-12-25,0.0,0.0,0.0,0.0,0.0
2020-12-26,0.0,0.0,0.0,0.0,0.0
2020-12-27,0.0,0.0,0.0,0.0,0.0
2020-12-28,0.0,0.0,0.0,0.0,0.0
2020-12-29,0.0,0.0,0.0,0.0,0.0
2020-12-30,0.0,1.0,2.0,0.0,0.2857142857142857
2020-12-31,2.0,0.0,0.0,0.2857142857142857,0.2857142857142857
2021-01-01,0.0,0.0,0.0,0.2857142857142857,0.2857142857142857
2021-01-02,0.0,0.0,0.0,0.2857142857142857,0.2857142857142857
2021-01-03,0.0,0.0,0.0,0.2857142857142857,0.2857142857142857
2021-01-04,0.0,0.0,0.0,0.2857142857142857,0.2857142857142857
2021-01-05,0.0,0.0,0.0,0.2857142857142857,0.2857142857142857
2021-01-06,0.0,0.0,0.0,0.2857142857142857,0.0
2021-01-07,0.0,0.0,0.0,0.0,0.0
2021-01-08,1.0,0.0,0.0,0.14285714285714285,0.0
2021-01-09,0.0,0.0,1.0,0.14285714285714285,0.14285714285714285
2021-01-10,0.0,0.0,0.0,0.14285714285714285,0.14285714285714285
2021-01-11,0.0,0.0,0.0,0.14285714285714285,0.14285714285714285
2021-01-12,0.0,0.0,0.0,0.14285714285714285,0.14285714285714285
2021-01-13,0.0,0.0,0.0,0.14285714285714285,0.14285714285714285
2021-01-14,0.0,1.0,0.0,0.14285714285714285,0.14285714285714285
2021-01-15,1.0,0.0,0.0,0.14285714285714285,0.14285714285714285
2021-01-16,0.0,0.0,0.0,0.14285714285714285,0.0
2021-01-17,1.0,0.0,0.0,0.2857142857142857,0.0
2021-01-18,3.0,0.0,0.0,0.7142857142857143,0.0
2021-01-19,1.0,1.0,0.0,0.8571428571428571,0.0
2021-01-20,0.0,0.0,0.0,0.8571428571428571,0.0
2021-01-21,1.0,1.0,0.0,1.0,0.0
2021-01-22,0.0,0.0,0.0,0.8571428571428571,0.0
2021-01-23,0.0,0.0,0.0,0.8571428571428571,0.0
2021-01-24,0.0,0.0,1.0,0.7142857142857143,0.14285714285714285
2021-01-25,0.0,1.0,0.0,0.2857142857142857,0.14285714285714285
2021-01-26,0.0,0.0,1.0,0.14285714285714285,0.2857142857142857
2021-01-27,1.0,0.0,0.0,0.2857142857142857,0.2857142857142857
2021-01-28,1.0,0.0,0.0,0.2857142857142857,0.2857142857142857
2021-01-29,1.0,0.0,0.0,0.42857142857142855,0.2857142857142857
2021-01-30,0.0,0.0,0.0,0.42857142857142855,0.2857142857142857
2021-01-31,0.0,0.0,0.0,0.42857142857142855,0.14285714285714285
2021-05-01,0.0,0.0,0.0,0.42857142857142855,0.0
2021-05-02,0.0,0.0,0.0,0.42857142857142855,0.0
2021-05-03,0.0,0.0,0.0,0.42857142857142855,0.0
2021-05-04,0.0,0.0,0.0,0.2857142857142857,0.0
2021-05-05,0.0,0.0,0.0,0.0,0.0
2021-05-06,0.0,0.0,0.0,0.0,0.0
2021-05-07,0.0,0.0,0.0,0.0,0.0
2021-05-08,0.0,0.0,0.0,0.0,0.0
2021-05-09,0.0,0.0,0.0,0.0,0.0
2021-05-10,0.0,0.0,0.0,0.0,0.0
2021-05-11,0.0,0.0,0.0,0.0,0.0
2021-05-12,0.0,1.0,0.0,0.0,0.0
2021-05-13,0.0,0.0,0.0,0.0,0.0
2021-05-14,0.0,0.0,0.0,0.0,0.0
2021-05-15,1.0,0.0,0.0,0.14285714285714285,0.0
2021-05-16,0.0,0.0,0.0,0.14285714285714285,0.0
2021-05-17,0.0,0.0,0.0,0.14285714285714285,0.0
2021-05-18,2.0,0.0,0.0,0.42857142857142855,0.0
2021-05-19,0.0,0.0,0.0,0.42857142857142855,0.0
2021-05-20,0.0,0.0,0.0,0.42857142857142855,0.0
2021-05-21,0.0,0.0,0.0,0.42857142857142855,0.0
2021-05-22,0.0,0.0,0.0,0.2857142857142857,0.0
2021-05-23,0.0,0.0,0.0,0.2857142857142857,0.0
2021-05-24,1.0,0.0,0.0,0.42857142857142855,0.0
2021-05-25,0.0,0.0,0.0,0.14285714285714285,0.0
2021-05-26,2.0,0.0,0.0,0.42857142857142855,0.0
2021-05-27,0.0,0.0,0.0,0.42857142857142855,0.0
2021-05-28,0.0,0.0,0.0,0.42857142857142855,0.0
2021-05-29,0.0,0.0,0.0,0.42857142857142855,0.0
2021-05-30,2.0,0.0,1.0,0.7142857142857143,0.14285714285714285
2021-05-31,2.0,0.0,0.0,0.8571428571428571,0.14285714285714285
2021-06-01,0.0,0.0,0.0,0.8571428571428571,0.14285714285714285
2021-06-02,0.0,0.0,0.0,0.5714285714285714,0.14285714285714285
2021-06-03,0.0,0.0,0.0,0.5714285714285714,0.14285714285714285
2021-06-04,0.0,0.0,0.0,0.5714285714285714,0.14285714285714285
2021-06-05,1.0,0.0,0.0,0.7142857142857143,0.14285714285714285
2021-06-06,0.0,0.0,0.0,0.42857142857142855,0.0
2021-06-07,0.0,0.0,0.0,0.14285714285714285,0.0
2021-06-08,1.0,0.0,0.0,0.2857142857142857,0.0
2021-06-09,1.0,0.0,0.0,0.42857142857142855,0.0
2021-06-10,0.0,0.0,0.0,0.42857142857142855,0.0
2021-06-11,0.0,0.0,0.0,0.42857142857142855,0.0
2021-06-12,0.0,0.0,0.0,0.2857142857142857,0.0
2021-06-13,0.0,0.0,0.0,0.2857142857142857,0.0
2021-06-14,0.0,0.0,0.0,0.2857142857142857,0.0
2021-06-15,3.0,0.0,0.0,0.5714285714285714,0.0
2021-06-16,0.0,0.0,0.0,0.42857142857142855,0.0
2021-06-17,0.0,0.0,0.0,0.42857142857142855,0.0
2021-06-18,0.0,0.0,0.0,0.42857142857142855,0.0
2021-06-19,0.0,0.0,0.0,0.42857142857142855,0.0
2021-06-20,5.0,0.0,0.0,1.1428571428571428,0.0
2021-06-21,0.0,0.0,0.0,1.1428571428571428,0.0
2021-06-22,3.0,0.0,0.0,1.1428571428571428,0.0
2021-06-23,6.0,0.0,0.0,2.0,0.0
2021-06-24,1.0,0.0,0.0,2.142857142857143,0.0
2021-06-25,4.0,1.0,0.0,2.7142857142857144,0.0
2021-06-26,0.0,0.0,0.0,2.7142857142857144,0.0
2021-06-27,0.0,0.0,0.0,2.0,0.0
2021-06-28,0.0,0.0,0.0,2.0,0.0
2021-06-29,1.0,0.0,0.0,1.7142857142857142,0.0
2021-06-30,0.0,0.0,0.0,0.8571428571428571,0.0
2021-07-01,0.0,0.0,0.0,0.7142857142857143,0.0
2021-07-02,1.0,0.0,0.0,0.2857142857142857,0.0
2021-07-03,0.0,0.0,0.0,0.2857142857142857,0.0
2021-07-04,0.0,0.0,0.0,0.2857142857142857,0.0
2021-07-05,0.0,0.0,0.0,0.2857142857142857,0.0
2021-07-06,1.0,0.0,0.0,0.2857142857142857,0.0
2021-07-07,1.0,0.0,0.0,0.42857142857142855,0.0
2021-07-08,3.0,0.0,0.0,0.8571428571428571,0.0
2021-07-09,1.0,0.0,0.0,0.8571428571428571,0.0
2021-07-10,0.0,0.0,0.0,0.8571428571428571,0.0
2021-07-11,2.0,0.0,0.0,1.1428571428571428,0.0
2021-07-12,0.0,0.0,0.0,1.1428571428571428,0.0
2021-07-13,0.0,0.0,0.0,1.0,0.0
2021-07-14,0.0,0.0,0.0,0.8571428571428571,0.0
2021-07-15,1.0,0.0,0.0,0.5714285714285714,0.0
2021-07-16,0.0,0.0,0.0,0.42857142857142855,0.0
2021-07-17,0.0,0.0,0.0,0.42857142857142855,0.0
2021-07-18,0.0,0.0,0.0,0.14285714285714285,0.0
2021-07-19,0.0,0.0,0.0,0.14285714285714285,0.0
2021-07-20,5.0,0.0,0.0,0.8571428571428571,0.0
2021-07-21,0.0,0.0,0.0,0.8571428571428571,0.0
2021-07-22,0.0,0.0,0.0,0.7142857142857143,0.0
2021-07-23,0.0,0.0,0.0,0.7142857142857143,0.0
2021-07-24,0.0,0.0,0.0,0.7142857142857143,0.0
2021-07-25,0.0,0.0,0.0,0.7142857142857143,0.0
2021-07-26,0.0,0.0,0.0,0.7142857142857143,0.0
2021-07-27,3.0,0.0,0.0,0.42857142857142855,0.0
2021-07-28,0.0,0.0,0.0,0.42857142857142855,0.0
2021-07-29,0.0,0.0,0.0,0.42857142857142855,0.0
2021-07-30,1.0,0.0,0.0,0.5714285714285714,0.0
2021-07-31,0.0,0.0,0.0,0.5714285714285714,0.0
2021-08-01,0.0,2.0,0.0,0.5714285714285714,0.0
2021-08-02,1.0,0.0,0.0,0.7142857142857143,0.0
2021-08-03,0.0,1.0,0.0,0.2857142857142857,0.0
2021-08-04,0.0,0.0,0.0,0.2857142857142857,0.0
2021-08-05,1.0,1.0,0.0,0.42857142857142855,0.0
2021-08-06,1.0,0.0,0.0,0.42857142857142855,0.0
2021-08-07,0.0,1.0,0.0,0.42857142857142855,0.0
2021-08-08,0.0,0.0,0.0,0.42857142857142855,0.0
2021-08-09,2.0,2.0,0.0,0.5714285714285714,0.0
2021-08-10,2.0,0.0,0.0,0.8571428571428571,0.0
2021-08-11,0.0,0.0,0.0,0.8571428571428571,0.0
2021-08-12,6.0,1.0,0.0,1.5714285714285714,0.0
2021-08-13,3.0,0.0,0.0,1.8571428571428572,0.0
2021-08-14,0.0,0.0,0.0,1.8571428571428572,0.0
2021-08-15,0.0,0.0,0.0,1.8571428571428572,0.0
2021-08-16,2.0,0.0,0.0,1.8571428571428572,0.0
2021-08-17,3.0,1.0,0.0,2.0,0.0
2021-08-18,0.0,0.0,0.0,2.0,0.0
2021-08-19,0.0,0.0,0.0,1.1428571428571428,0.0
2021-08-20,0.0,0.0,0.0,0.7142857142857143,0.0
2021-08-21,0.0,0.0,0.0,0.7142857142857143,0.0
2021-08-22,0.0,0.0,0.0,0.7142857142857143,0.0
2021-08-23,0.0,0.0,0.0,0.42857142857142855,0.0
2021-08-24,0.0,0.0,0.0,0.0,0.0
2021-08-25,0.0,0.0,0.0,0.0,0.0
2021-08-26,0.0,0.0,0.0,0.0,0.0
2021-08-27,0.0,0.0,0.0,0.0,0.0
2021-08-28,0.0,0.0,0.0,0.0,0.0
2021-08-29,0.0,0.0,0.0,0.0,0.0
2021-08-30,1.0,1.0,1.0,0.14285714285714285,0.14285714285714285
2021-08-31,0.0,1.0,0.0,0.14285714285714285,0.14285714285714285
2021-09-01,0.0,0.0,0.0,0.14285714285714285,0.14285714285714285
2021-09-02,1.0,2.0,0.0,0.2857142857142857,0.14285714285714285
2021-09-03,1.0,0.0,0.0,0.42857142857142855,0.14285714285714285
2021-09-04,0.0,0.0,0.0,0.42857142857142855,0.14285714285714285
2021-09-05,0.0,0.0,0.0,0.42857142857142855,0.14285714285714285
2021-09-06,1.0,0.0,0.0,0.42857142857142855,0.0
2021-09-07,1.0,0.0,0.0,0.5714285714285714,0.0
2021-09-08,0.0,0.0,1.0,0.5714285714285714,0.14285714285714285
2021-09-09,0.0,0.0,1.0,0.42857142857142855,0.2857142857142857
2021-09-10,1.0,0.0,0.0,0.42857142857142855,0.2857142857142857
2021-09-11,0.0,0.0,0.0,0.42857142857142855,0.2857142857142857
2021-09-12,0.0,0.0,0.0,0.42857142857142855,0.2857142857142857
2021-09-13,0.0,0.0,0.0,0.2857142857142857,0.2857142857142857
2021-09-14,0.0,0.0,0.0,0.14285714285714285,0.2857142857142857
2021-09-15,1.0,1.0,0.0,0.2857142857142857,0.14285714285714285
2021-09-16,0.0,0.0,0.0,0.2857142857142857,0.0
2021-09-17,0.0,0.0,0.0,0.14285714285714285,0.0
2021-09-18,0.0,0.0,0.0,0.14285714285714285,0.0
2021-09-19,0.0,0.0,0.0,0.14285714285714285,0.0
2021-09-20,0.0,0.0,0.0,0.14285714285714285,0.0
2021-09-21,0.0,0.0,0.0,0.14285714285714285,0.0
2021-09-22,0.0,0.0,0.0,0.0,0.0
2021-09-23,0.0,0.0,0.0,0.0,0.0
2021-09-24,0.0,0.0,0.0,0.0,0.0
2021-09-25,1.0,0.0,0.0,0.14285714285714285,0.0
2021-09-26,0.0,0.0,0.0,0.14285714285714285,0.0
2021-09-27,0.0,0.0,0.0,0.14285714285714285,0.0
2021-09-28,0.0,0.0,0.0,0.14285714285714285,0.0
2021-09-29,0.0,1.0,0.0,0.14285714285714285,0.0
2021-09-30,0.0,0.0,0.0,0.14285714285714285,0.0
2021-10-01,0.0,0.0,0.0,0.14285714285714285,0.0
2021-10-02,0.0,0.0,0.0,0.0,0.0
2021-10-03,0.0,0.0,0.0,0.0,0.0
2021-10-04,0.0,0.0,0.0,0.0,0.0
2021-10-05,0.0,1.0,0.0,0.0,0.0
2021-10-06,0.0,0.0,0.0,0.0,0.0
2021-10-07,0.0,0.0,0.0,0.0,0.0
2021-10-08,1.0,0.0,0.0,0.14285714285714285,0.0
2021-10-09,0.0,0.0,0.0,0.14285714285714285,0.0
2021-10-10,0.0,0.0,0.0,0.14285714285714285,0.0
2021-10-11,0.0,0.0,0.0,0.14285714285714285,0.0
2021-10-12,0.0,0.0,0.0,0.14285714285714285,0.0
2021-10-13,0.0,0.0,0.0,0.14285714285714285,0.0
2021-10-14,0.0,0.0,0.0,0.14285714285714285,0.0
2021-10-15,0.0,0.0,0.0,0.0,0.0
2021-10-16,0.0,0.0,0.0,0.0,0.0
2021-10-17,0.0,0.0,0.0,0.0,0.0
2021-10-18,0.0,0.0,0.0,0.0,0.0
2021-10-19,2.0,0.0,0.0,0.2857142857142857,0.0
2021-10-20,0.0,0.0,0.0,0.2857142857142857,0.0
2021-10-21,0.0,0.0,0.0,0.2857142857142857,0.0
2021-10-22,0.0,0.0,0.0,0.2857142857142857,0.0
2021-10-23,1.0,0.0,0.0,0.42857142857142855,0.0
2021-10-24,0.0,0.0,0.0,0.42857142857142855,0.0
2021-10-25,1.0,1.0,0.0,0.5714285714285714,0.0
2021-10-26,1.0,0.0,0.0,0.42857142857142855,0.0
2021-10-27,1.0,0.0,0.0,0.5714285714285714,0.0
2021-10-28,0.0,0.0,0.0,0.5714285714285714,0.0
2021-10-29,0.0,0.0,0.0,0.5714285714285714,0.0
2021-10-30,0.0,0.0,0.0,0.42857142857142855,0.0
2021-10-31,0.0,1.0,0.0,0.42857142857142855,0.0
2021-12-01,0.0,1.0,0.0,13.857142857142858,6.428571428571429
2021-12-02,0.0,0.0,0.0,1.7142857142857142,0.42857142857142855
2021-12-03,2.0,0.0,0.0,1.4285714285714286,0.0
2021-12-04,0.0,0.0,0.0,1.1428571428571428,0.0
2021-12-05,0.0,0.0,0.0,1.0,0.0
2021-12-06,1.0,1.0,0.0,1.1428571428571428,0.0
2021-12-07,0.0,0.0,0.0,0.42857142857142855,0.0
2021-12-08,0.0,0.0,0.0,0.42857142857142855,0.0
2021-12-09,5.0,0.0,1.0,1.1428571428571428,0.14285714285714285
2021-12-10,0.0,0.0,0.0,0.8571428571428571,0.14285714285714285
2021-12-11,0.0,0.0,0.0,0.8571428571428571,0.14285714285714285
2021-12-12,0.0,0.0,0.0,0.8571428571428571,0.14285714285714285
2021-12-13,0.0,0.0,0.0,0.7142857142857143,0.14285714285714285
2021-12-14,2.0,0.0,0.0,1.0,0.14285714285714285
2021-12-15,0.0,0.0,0.0,1.0,0.14285714285714285
2021-12-16,0.0,0.0,0.0,0.2857142857142857,0.0
2021-12-17,0.0,0.0,3.0,0.2857142857142857,0.42857142857142855
2021-12-18,0.0,0.0,0.0,0.2857142857142857,0.42857142857142855
2021-12-19,0.0,0.0,0.0,0.2857142857142857,0.42857142857142855
2021-12-20,0.0,0.0,0.0,0.2857142857142857,0.42857142857142855
2021-12-21,0.0,0.0,0.0,0.0,0.42857142857142855
2021-12-22,2.0,0.0,0.0,0.2857142857142857,0.42857142857142855
2021-12-23,0.0,0.0,0.0,0.2857142857142857,0.42857142857142855
2021-12-24,1.0,0.0,0.0,0.42857142857142855,0.0
2021-12-25,0.0,0.0,0.0,0.42857142857142855,0.0
2021-12-26,0.0,1.0,0.0,0.42857142857142855,0.0
2021-12-27,1.0,0.0,0.0,0.5714285714285714,0.0
2021-12-28,0.0,0.0,0.0,0.5714285714285714,0.0
2021-12-29,0.0,2.0,0.0,0.2857142857142857,0.0
2021-12-30,0.0,1.0,0.0,0.2857142857142857,0.0
2021-12-31,1.0,0.0,0.0,0.2857142857142857,0.0
2022-01-01,0.0,1.0,0.0,0.2857142857142857,0.0
2022-01-02,0.0,1.0,0.0,0.2857142857142857,0.0
2022-01-03,0.0,0.0,0.0,0.14285714285714285,0.0
2022-01-04,0.0,43.0,11.0,0.14285714285714285,1.5714285714285714
2022-01-05,1.0,4.0,1.0,0.2857142857142857,1.7142857142857142
2022-01-06,0.0,2.0,0.0,0.2857142857142857,1.7142857142857142
2022-01-07,1.0,1.0,0.0,0.2857142857142857,1.7142857142857142
2022-01-08,0.0,2.0,0.0,0.2857142857142857,1.7142857142857142
2022-01-09,0.0,0.0,0.0,0.2857142857142857,1.7142857142857142
2022-01-10,1.0,0.0,0.0,0.42857142857142855,1.7142857142857142
2022-01-11,0.0,1.0,0.0,0.42857142857142855,0.14285714285714285
2022-01-12,5.0,2.0,4.0,1.0,0.5714285714285714
2022-01-13,1.0,0.0,0.0,1.1428571428571428,0.5714285714285714
2022-01-14,0.0,2.0,2.0,1.0,0.8571428571428571
2022-01-15,0.0,2.0,1.0,1.0,1.0
2022-01-16,1.0,0.0,0.0,1.1428571428571428,1.0
2022-01-17,2.0,2.0,0.0,1.2857142857142858,1.0
2022-01-18,0.0,1.0,2.0,1.2857142857142858,1.2857142857142858
2022-01-19,1.0,0.0,0.0,0.7142857142857143,0.7142857142857143
2022-01-20,1.0,0.0,0.0,0.7142857142857143,0.7142857142857143
2022-01-21,1.0,0.0,1.0,0.8571428571428571,0.5714285714285714
2022-01-22,0.0,0.0,1.0,0.8571428571428571,0.5714285714285714
2022-01-23,0.0,1.0,0.0,0.7142857142857143,0.5714285714285714
2022-01-24,0.0,0.0,0.0,0.42857142857142855,0.5714285714285714
2022-01-25,0.0,0.0,0.0,0.42857142857142855,0.2857142857142857
2022-01-26,2.0,2.0,0.0,0.5714285714285714,0.2857142857142857
2022-01-27,1.0,1.0,0.0,0.5714285714285714,0.2857142857142857
2022-01-28,0.0,0.0,1.0,0.42857142857142855,0.2857142857142857
2022-01-29,0.0,0.0,0.0,0.42857142857142855,0.14285714285714285
2022-01-30,1.0,0.0,0.0,0.5714285714285714,0.14285714285714285
2022-01-31,0.0,0.0,0.0,0.5714285714285714,0.14285714285714285
2022-02-01,0.0,0.0,0.0,0.5714285714285714,0.14285714285714285
2022-02-02,0.0,0.0,0.0,0.2857142857142857,0.14285714285714285
2022-02-03,0.0,0.0,0.0,0.14285714285714285,0.14285714285714285
2022-02-04,0.0,0.0,0.0,0.14285714285714285,0.0
2022-02-05,0.0,0.0,0.0,0.14285714285714285,0.0
2022-02-06,0.0,0.0,0.0,0.0,0.0
2022-02-07,0.0,1.0,0.0,0.0,0.0
2022-02-08,0.0,1.0,0.0,0.0,0.0
2022-02-09,0.0,0.0,0.0,0.0,0.0
2022-02-10,0.0,0.0,1.0,0.0,0.14285714285714285
2022-02-11,1.0,1.0,0.0,0.14285714285714285,0.14285714285714285
2022-02-12,0.0,0.0,0.0,0.14285714285714285,0.14285714285714285
2022-02-13,0.0,0.0,0.0,0.14285714285714285,0.14285714285714285
2022-02-14,0.0,0.0,0.0,0.14285714285714285,0.14285714285714285
2022-02-15,0.0,0.0,0.0,0.14285714285714285,0.14285714285714285
2022-02-16,3.0,1.0,0.0,0.5714285714285714,0.14285714285714285
2022-02-17,0.0,0.0,0.0,0.5714285714285714,0.0
2022-02-18,0.0,0.0,1.0,0.42857142857142855,0.14285714285714285
2022-02-19,0.0,0.0,0.0,0.42857142857142855,0.14285714285714285
2022-02-20,2.0,0.0,0.0,0.7142857142857143,0.14285714285714285
2022-02-21,0.0,1.0,1.0,0.7142857142857143,0.2857142857142857
2022-02-22,1.0,0.0,0.0,0.8571428571428571,0.2857142857142857
2022-02-23,0.0,1.0,0.0,0.42857142857142855,0.2857142857142857
2022-02-24,0.0,1.0,0.0,0.42857142857142855,0.2857142857142857
2022-02-25,0.0,0.0,0.0,0.42857142857142855,0.14285714285714285
2022-02-26,0.0,1.0,0.0,0.42857142857142855,0.14285714285714285
2022-02-27,0.0,0.0,0.0,0.14285714285714285,0.14285714285714285
2022-02-28,0.0,0.0,0.0,0.14285714285714285,0.0
2022-04-01,1.0,2.0,0.0,1.1428571428571428,0.14285714285714285
2022-04-02,0.0,2.0,1.0,1.1428571428571428,0.14285714285714285
2022-04-03,2.0,3.0,0.0,1.2857142857142858,0.14285714285714285
2022-04-04,3.0,2.0,2.0,1.1428571428571428,0.42857142857142855
2022-04-05,3.0,3.0,1.0,1.4285714285714286,0.5714285714285714
2022-04-06,2.0,2.0,1.0,1.5714285714285714,0.7142857142857143
2022-04-07,1.0,2.0,0.0,1.7142857142857142,0.7142857142857143
2022-04-08,2.0,1.0,1.0,1.8571428571428572,0.8571428571428571
2022-04-09,1.0,4.0,1.0,2.0,0.8571428571428571
2022-04-10,1.0,3.0,1.0,1.8571428571428572,1.0
2022-04-11,2.0,1.0,0.0,1.7142857142857142,0.7142857142857143
2022-04-12,3.0,1.0,0.0,1.7142857142857142,0.5714285714285714
2022-04-13,0.0,0.0,2.0,1.4285714285714286,0.7142857142857143
2022-04-14,1.0,0.0,0.0,1.4285714285714286,0.7142857142857143
2022-04-15,3.0,4.0,0.0,1.5714285714285714,0.5714285714285714
2022-04-16,1.0,1.0,0.0,1.5714285714285714,0.42857142857142855
2022-04-17,3.0,2.0,1.0,1.8571428571428572,0.42857142857142855
2022-04-18,10.0,0.0,0.0,3.0,0.42857142857142855
2022-04-19,13.0,3.0,4.0,4.428571428571429,1.0
2022-04-20,0.0,0.0,0.0,4.428571428571429,0.7142857142857143
2022-04-21,4.0,0.0,0.0,4.857142857142857,0.7142857142857143
2022-04-22,0.0,2.0,0.0,4.428571428571429,0.7142857142857143
2022-04-23,20.0,2.0,2.0,7.142857142857143,1.0
2022-04-24,22.0,1.0,1.0,9.857142857142858,1.0
2022-04-25,38.0,2.0,6.0,13.857142857142858,1.8571428571428572
2022-04-26,14.0,5.0,2.0,14.0,1.5714285714285714
2022-04-27,12.0,2.0,3.0,15.714285714285714,2.0
2022-04-28,32.0,2.0,3.0,19.714285714285715,2.4285714285714284
2022-04-29,9.0,1.0,0.0,21.0,2.4285714285714284
2022-04-30,2.0,0.0,0.0,18.428571428571427,2.142857142857143
2022-05-01,14.0,0.0,2.0,17.285714285714285,2.2857142857142856
2022-05-02,13.0,1.0,1.0,13.714285714285714,1.5714285714285714
2022-05-03,2.0,0.0,1.0,12.0,1.4285714285714286
2022-05-04,16.0,0.0,3.0,12.571428571428571,1.4285714285714286
2022-05-05,24.0,2.0,4.0,11.428571428571429,1.5714285714285714
2022-05-06,6.0,0.0,0.0,11.0,1.5714285714285714
2022-05-07,12.0,4.0,0.0,12.428571428571429,1.5714285714285714
2022-05-08,6.0,1.0,0.0,11.285714285714286,1.2857142857142858
2022-05-09,3.0,1.0,1.0,9.857142857142858,1.2857142857142858
2022-05-10,13.0,0.0,0.0,11.428571428571429,1.1428571428571428
2022-05-11,26.0,0.0,3.0,12.857142857142858,1.1428571428571428
2022-05-12,10.0,0.0,1.0,10.857142857142858,0.7142857142857143
2022-05-13,21.0,2.0,1.0,13.0,0.8571428571428571
2022-05-14,18.0,1.0,2.0,13.857142857142858,1.1428571428571428
2022-05-15,2.0,1.0,0.0,13.285714285714286,1.1428571428571428
2022-05-16,6.0,0.0,0.0,13.714285714285714,1.0
2022-05-17,1.0,0.0,0.0,12.0,1.0
2022-05-18,6.0,0.0,0.0,9.142857142857142,0.5714285714285714
2022-05-19,1.0,0.0,0.0,7.857142857142857,0.42857142857142855
2022-05-20,1.0,1.0,2.0,5.0,0.5714285714285714
2022-05-21,1.0,1.0,0.0,2.5714285714285716,0.2857142857142857
2022-05-22,1.0,1.0,0.0,2.4285714285714284,0.2857142857142857
2022-05-23,4.0,2.0,0.0,2.142857142857143,0.2857142857142857
2022-05-24,10.0,1.0,1.0,3.4285714285714284,0.42857142857142855
2022-05-25,3.0,0.0,0.0,3.0,0.42857142857142855
2022-05-26,8.0,2.0,1.0,4.0,0.5714285714285714
2022-05-27,7.0,0.0,0.0,4.857142857142857,0.2857142857142857
2022-05-28,1.0,1.0,0.0,4.857142857142857,0.2857142857142857
2022-05-29,2.0,0.0,1.0,5.0,0.42857142857142855
2022-05-30,4.0,0.0,0.0,5.0,0.42857142857142855
2022-05-31,11.0,0.0,0.0,5.142857142857143,0.2857142857142857
2022-06-01,2.0,0.0,0.0,5.0,0.2857142857142857
2022-06-02,2.0,1.0,0.0,4.142857142857143,0.14285714285714285
2022-06-03,0.0,0.0,0.0,3.142857142857143,0.14285714285714285
2022-06-04,0.0,1.0,0.0,3.0,0.14285714285714285
2022-06-05,1.0,0.0,0.0,2.857142857142857,0.0
2022-06-06,0.0,1.0,0.0,2.2857142857142856,0.0
2022-06-07,2.0,0.0,0.0,1.0,0.0
2022-06-08,0.0,0.0,0.0,0.7142857142857143,0.0
2022-06-09,4.0,0.0,0.0,1.0,0.0
2022-06-10,0.0,0.0,0.0,1.0,0.0
2022-06-11,2.0,0.0,0.0,1.2857142857142858,0.0
2022-06-12,0.0,2.0,0.0,1.1428571428571428,0.0
2022-06-13,3.0,1.0,0.0,1.5714285714285714,0.0
2022-06-14,0.0,1.0,0.0,1.2857142857142858,0.0
2022-06-15,2.0,0.0,0.0,1.5714285714285714,0.0
2022-06-16,0.0,0.0,0.0,1.0,0.0
2022-06-17,0.0,0.0,1.0,1.0,0.14285714285714285
2022-06-18,0.0,1.0,0.0,0.7142857142857143,0.14285714285714285
2022-06-19,0.0,0.0,0.0,0.7142857142857143,0.14285714285714285
2022-06-20,3.0,0.0,0.0,0.7142857142857143,0.14285714285714285
2022-06-21,8.0,2.0,0.0,1.8571428571428572,0.14285714285714285
2022-06-22,0.0,5.0,0.0,1.5714285714285714,0.14285714285714285
2022-06-23,0.0,0.0,0.0,1.5714285714285714,0.14285714285714285
2022-06-24,0.0,0.0,0.0,1.5714285714285714,0.0
2022-06-25,0.0,0.0,0.0,1.5714285714285714,0.0
2022-06-26,2.0,0.0,0.0,1.8571428571428572,0.0
2022-06-27,0.0,0.0,0.0,1.4285714285714286,0.0
2022-06-28,0.0,0.0,0.0,0.2857142857142857,0.0
2022-06-29,0.0,0.0,0.0,0.2857142857142857,0.0
2022-06-30,0.0,0.0,0.0,0.2857142857142857,0.0
2022-07-01,1.0,0.0,0.0,0.42857142857142855,0.0
2022-07-02,0.0,0.0,0.0,0.42857142857142855,0.0
2022-07-03,1.0,0.0,0.0,0.2857142857142857,0.0
2022-07-04,3.0,3.0,1.0,0.7142857142857143,0.14285714285714285
2022-07-05,0.0,1.0,0.0,0.7142857142857143,0.14285714285714285
2022-07-06,1.0,0.0,0.0,0.8571428571428571,0.14285714285714285
2022-07-07,3.0,0.0,0.0,1.2857142857142858,0.14285714285714285
2022-07-08,1.0,1.0,0.0,1.2857142857142858,0.14285714285714285
2022-07-09,0.0,0.0,1.0,1.2857142857142858,0.2857142857142857
2022-07-10,1.0,0.0,3.0,1.2857142857142858,0.7142857142857143
2022-07-11,0.0,0.0,0.0,0.8571428571428571,0.5714285714285714
2022-07-12,4.0,1.0,0.0,1.4285714285714286,0.5714285714285714
2022-07-13,1.0,0.0,0.0,1.4285714285714286,0.5714285714285714
2022-07-14,2.0,0.0,0.0,1.2857142857142858,0.5714285714285714
2022-07-15,1.0,2.0,0.0,1.2857142857142858,0.5714285714285714
2022-07-16,3.0,0.0,0.0,1.7142857142857142,0.42857142857142855
2022-07-17,1.0,0.0,0.0,1.7142857142857142,0.0
2022-07-18,1.0,2.0,0.0,1.8571428571428572,0.0
2022-07-19,2.0,0.0,0.0,1.5714285714285714,0.0
2022-07-20,4.0,2.0,1.0,2.0,0.14285714285714285
2022-07-21,1.0,1.0,1.0,1.8571428571428572,0.2857142857142857
2022-07-22,1.0,0.0,0.0,1.8571428571428572,0.2857142857142857
2022-07-23,1.0,0.0,0.0,1.5714285714285714,0.2857142857142857
2022-07-24,3.0,0.0,1.0,1.8571428571428572,0.42857142857142855
2022-07-25,3.0,0.0,1.0,2.142857142857143,0.5714285714285714
2022-07-26,0.0,1.0,0.0,1.8571428571428572,0.5714285714285714
2022-07-27,3.0,0.0,0.0,1.7142857142857142,0.42857142857142855
2022-07-28,2.0,0.0,0.0,1.8571428571428572,0.2857142857142857
2022-07-29,3.0,1.0,2.0,2.142857142857143,0.5714285714285714
2022-07-30,0.0,0.0,0.0,2.0,0.5714285714285714
2022-07-31,0.0,2.0,0.0,1.5714285714285714,0.42857142857142855
2022-08-01,0.0,0.0,0.0,1.1428571428571428,0.2857142857142857
2022-08-02,0.0,0.0,0.0,1.1428571428571428,0.2857142857142857
2022-08-03,5.0,2.0,0.0,1.4285714285714286,0.2857142857142857
2022-08-04,2.0,0.0,0.0,1.4285714285714286,0.2857142857142857
2022-08-05,1.0,1.0,0.0,1.1428571428571428,0.0
2022-08-06,1.0,0.0,0.0,1.2857142857142858,0.0
2022-08-07,0.0,0.0,0.0,1.2857142857142858,0.0
2022-08-08,1.0,1.0,0.0,1.4285714285714286,0.0
2022-08-09,0.0,1.0,0.0,1.4285714285714286,0.0
2022-08-10,8.0,2.0,1.0,1.8571428571428572,0.14285714285714285
2022-08-11,2.0,7.0,2.0,1.8571428571428572,0.42857142857142855
2022-08-12,0.0,1.0,0.0,1.7142857142857142,0.42857142857142855
2022-08-13,0.0,2.0,0.0,1.5714285714285714,0.42857142857142855
2022-08-14,0.0,3.0,0.0,1.5714285714285714,0.42857142857142855
2022-08-15,1.0,7.0,0.0,1.5714285714285714,0.42857142857142855
2022-08-16,2.0,3.0,0.0,1.8571428571428572,0.42857142857142855
2022-08-17,3.0,3.0,0.0,1.1428571428571428,0.2857142857142857
2022-08-18,0.0,3.0,1.0,0.8571428571428571,0.14285714285714285
2022-08-19,0.0,1.0,0.0,0.8571428571428571,0.14285714285714285
2022-08-20,0.0,0.0,1.0,0.8571428571428571,0.2857142857142857
2022-08-21,0.0,0.0,1.0,0.8571428571428571,0.42857142857142855
2022-08-22,0.0,1.0,0.0,0.7142857142857143,0.42857142857142855
2022-08-23,1.0,0.0,0.0,0.5714285714285714,0.42857142857142855
2022-08-24,3.0,0.0,1.0,0.5714285714285714,0.5714285714285714
2022-08-25,0.0,0.0,0.0,0.5714285714285714,0.42857142857142855
2022-08-26,2.0,1.0,0.0,0.8571428571428571,0.42857142857142855
2022-08-27,3.0,0.0,0.0,1.2857142857142858,0.2857142857142857
2022-08-28,2.0,0.0,1.0,1.5714285714285714,0.2857142857142857
2022-08-29,0.0,1.0,0.0,1.5714285714285714,0.2857142857142857
2022-08-30,2.0,1.0,1.0,1.7142857142857142,0.42857142857142855
2022-08-31,0.0,2.0,0.0,1.2857142857142858,0.2857142857142857
2022-09-01,1.0,1.0,1.0,1.4285714285714286,0.42857142857142855
2022-09-02,2.0,0.0,1.0,1.4285714285714286,0.5714285714285714
2022-09-03,0.0,0.0,1.0,1.0,0.7142857142857143
2022-09-04,1.0,2.0,0.0,0.8571428571428571,0.5714285714285714
2022-09-05,0.0,0.0,1.0,0.8571428571428571,0.7142857142857143
2022-09-06,2.0,2.0,0.0,0.8571428571428571,0.5714285714285714
2022-09-07,0.0,1.0,3.0,0.8571428571428571,1.0
2022-09-08,1.0,1.0,0.0,0.8571428571428571,0.8571428571428571
2022-09-09,1.0,1.0,1.0,0.7142857142857143,0.8571428571428571
2022-09-10,0.0,1.0,0.0,0.7142857142857143,0.7142857142857143
2022-09-11,0.0,1.0,0.0,0.5714285714285714,0.7142857142857143
2022-09-12,1.0,1.0,0.0,0.7142857142857143,0.5714285714285714
2022-09-13,0.0,0.0,0.0,0.42857142857142855,0.5714285714285714
2022-09-14,0.0,2.0,0.0,0.42857142857142855,0.14285714285714285
2022-09-15,0.0,1.0,0.0,0.2857142857142857,0.14285714285714285
2022-09-16,0.0,1.0,1.0,0.14285714285714285,0.14285714285714285
2022-09-17,0.0,2.0,0.0,0.14285714285714285,0.14285714285714285
2022-09-18,0.0,3.0,1.0,0.14285714285714285,0.2857142857142857
2022-09-19,0.0,0.0,0.0,0.0,0.2857142857142857
2022-09-20,4.0,7.0,1.0,0.5714285714285714,0.42857142857142855
2022-09-21,2.0,51.0,3.0,0.8571428571428571,0.8571428571428571
2022-09-22,2.0,8.0,2.0,1.1428571428571428,1.1428571428571428
2022-09-23,2.0,2.0,0.0,1.4285714285714286,1.0
2022-09-24,4.0,2.0,0.0,2.0,1.0
2022-09-25,4.0,0.0,4.0,2.5714285714285716,1.4285714285714286
2022-09-26,4.0,0.0,1.0,3.142857142857143,1.5714285714285714
2022-09-27,0.0,0.0,0.0,2.5714285714285716,1.4285714285714286
2022-09-28,0.0,3.0,0.0,2.2857142857142856,1.0
2022-09-29,0.0,0.0,0.0,2.0,0.7142857142857143
2022-09-30,0.0,0.0,0.0,1.7142857142857142,0.7142857142857143
2022-11-01,1.0,6.0,0.0,0.2857142857142857,0.42857142857142855
2022-11-02,0.0,3.0,1.0,0.2857142857142857,0.5714285714285714
2022-11-03,6.0,0.0,2.0,1.1428571428571428,0.7142857142857143
2022-11-04,1.0,1.0,1.0,1.2857142857142858,0.7142857142857143
2022-11-05,3.0,3.0,1.0,1.7142857142857142,0.8571428571428571
2022-11-06,1.0,1.0,0.0,1.8571428571428572,0.7142857142857143
2022-11-07,1.0,3.0,0.0,1.8571428571428572,0.7142857142857143
2022-11-08,1.0,1.0,2.0,1.8571428571428572,1.0
2022-11-09,1.0,3.0,0.0,2.0,0.8571428571428571
2022-11-10,0.0,0.0,0.0,1.1428571428571428,0.5714285714285714
2022-11-11,0.0,3.0,0.0,1.0,0.42857142857142855
2022-11-12,1.0,2.0,0.0,0.7142857142857143,0.2857142857142857
2022-11-13,0.0,6.0,1.0,0.5714285714285714,0.42857142857142855
2022-11-14,1.0,3.0,0.0,0.5714285714285714,0.42857142857142855
2022-11-15,1.0,5.0,0.0,0.5714285714285714,0.14285714285714285
2022-11-16,1.0,7.0,0.0,0.5714285714285714,0.14285714285714285
2022-11-17,0.0,6.0,2.0,0.5714285714285714,0.42857142857142855
2022-11-18,0.0,2.0,0.0,0.5714285714285714,0.42857142857142855
2022-11-19,0.0,3.0,0.0,0.42857142857142855,0.42857142857142855
2022-11-20,1.0,5.0,0.0,0.5714285714285714,0.2857142857142857
2022-11-21,0.0,2.0,0.0,0.42857142857142855,0.2857142857142857
2022-11-22,2.0,0.0,0.0,0.5714285714285714,0.2857142857142857
2022-11-23,1.0,2.0,0.0,0.5714285714285714,0.2857142857142857
2022-11-24,1.0,5.0,3.0,0.7142857142857143,0.42857142857142855
2022-11-25,0.0,7.0,1.0,0.7142857142857143,0.5714285714285714
2022-11-26,0.0,5.0,0.0,0.7142857142857143,0.5714285714285714
2022-11-27,2.0,4.0,2.0,0.8571428571428571,0.8571428571428571
2022-11-28,1.0,5.0,1.0,1.0,1.0
2022-11-29,3.0,4.0,1.0,1.1428571428571428,1.1428571428571428
2022-11-30,0.0,6.0,1.0,1.0,1.2857142857142858
2023-04-01,0.0,125.0,9.0,3.2857142857142856,5.857142857142857
2023-04-02,1.0,130.0,6.0,3.2857142857142856,6.142857142857143
2023-04-03,0.0,85.0,5.0,2.7142857142857144,6.285714285714286
2023-04-04,2.0,58.0,2.0,2.4285714285714284,6.0
2023-04-05,1.0,67.0,6.0,1.8571428571428572,6.142857142857143
2023-04-06,2.0,63.0,2.0,1.2857142857142858,5.142857142857143
2023-04-07,0.0,61.0,5.0,0.8571428571428571,5.0
2023-04-08,0.0,67.0,4.0,0.8571428571428571,4.285714285714286
2023-04-09,0.0,78.0,8.0,0.7142857142857143,4.571428571428571
2023-04-10,1.0,66.0,7.0,0.8571428571428571,4.857142857142857
2023-04-11,3.0,68.0,4.0,1.0,5.142857142857143
2023-04-12,1.0,62.0,8.0,1.0,5.428571428571429
2023-04-13,2.0,68.0,3.0,1.0,5.571428571428571
2023-04-14,0.0,48.0,7.0,1.0,5.857142857142857
2023-04-15,0.0,63.0,6.0,1.0,6.142857142857143
2023-04-16,0.0,52.0,4.0,1.0,5.571428571428571
2023-04-17,1.0,59.0,3.0,1.0,5.0
2023-04-18,2.0,72.0,6.0,0.8571428571428571,5.285714285714286
2023-04-19,1.0,48.0,6.0,0.8571428571428571,5.0
2023-04-20,6.0,66.0,1.0,1.4285714285714286,4.714285714285714
2023-04-21,2.0,45.0,3.0,1.7142857142857142,4.142857142857143
2023-04-22,3.0,132.0,11.0,2.142857142857143,4.857142857142857
2023-04-23,3.0,114.0,6.0,2.5714285714285716,5.142857142857143
2023-04-24,3.0,78.0,4.0,2.857142857142857,5.285714285714286
2023-04-25,2.0,66.0,6.0,2.857142857142857,5.285714285714286
2023-04-26,0.0,60.0,3.0,2.7142857142857144,4.857142857142857
2023-04-27,2.0,51.0,3.0,2.142857142857143,5.142857142857143
2023-04-28,2.0,51.0,4.0,2.142857142857143,5.285714285714286
2023-04-29,2.0,40.0,2.0,2.0,4.0
2023-04-30,0.0,53.0,3.0,1.5714285714285714,3.5714285714285716
2023-07-01,2.0,76.0,7.0,1.8571428571428572,6.142857142857143
2023-07-02,0.0,80.0,2.0,1.5714285714285714,5.714285714285714
2023-07-03,1.0,65.0,11.0,1.5714285714285714,6.571428571428571
2023-07-04,1.0,53.0,3.0,1.7142857142857142,6.142857142857143
2023-07-05,2.0,63.0,10.0,1.5714285714285714,6.571428571428571
2023-07-06,2.0,63.0,3.0,1.4285714285714286,6.142857142857143
2023-07-07,1.0,51.0,1.0,1.2857142857142858,5.285714285714286
2023-07-08,1.0,42.0,2.0,1.1428571428571428,4.571428571428571
2023-07-09,0.0,43.0,2.0,1.1428571428571428,4.571428571428571
2023-07-10,2.0,67.0,1.0,1.2857142857142858,3.142857142857143
2023-07-11,1.0,61.0,2.0,1.2857142857142858,3.0
2023-07-12,4.0,61.0,12.0,1.5714285714285714,3.2857142857142856
2023-07-13,3.0,44.0,3.0,1.7142857142857142,3.2857142857142856
2023-07-14,1.0,43.0,4.0,1.7142857142857142,3.7142857142857144
2023-07-15,0.0,41.0,2.0,1.5714285714285714,3.7142857142857144
2023-07-16,1.0,28.0,5.0,1.7142857142857142,4.142857142857143
2023-07-17,2.0,46.0,5.0,1.7142857142857142,4.714285714285714
2023-07-18,1.0,51.0,0.0,1.7142857142857142,4.428571428571429
2023-07-19,0.0,40.0,5.0,1.1428571428571428,3.4285714285714284
2023-07-20,3.0,46.0,6.0,1.1428571428571428,3.857142857142857
2023-07-21,0.0,51.0,3.0,1.0,3.7142857142857144
2023-07-22,1.0,74.0,6.0,1.1428571428571428,4.285714285714286
2023-07-23,0.0,65.0,6.0,1.0,4.428571428571429
2023-07-24,2.0,57.0,2.0,1.0,4.0
2023-07-25,0.0,49.0,2.0,0.8571428571428571,4.285714285714286
2023-07-26,1.0,44.0,5.0,1.0,4.285714285714286
2023-07-27,1.0,60.0,6.0,0.7142857142857143,4.285714285714286
2023-07-28,0.0,57.0,4.0,0.7142857142857143,4.428571428571429
2023-07-29,1.0,55.0,3.0,0.7142857142857143,4.0
2023-07-30,1.0,45.0,5.0,0.8571428571428571,3.857142857142857
2023-07-31,1.0,62.0,3.0,0.7142857142857143,4.0
2023-09-01,3.0,47.0,4.0,2.142857142857143,4.142857142857143
2023-09-02,1.0,30.0,1.0,2.2857142857142856,3.857142857142857
2023-09-03,0.0,42.0,12.0,2.2857142857142856,4.714285714285714
2023-09-04,2.0,62.0,9.0,2.0,5.857142857142857
2023-09-05,2.0,77.0,11.0,2.0,6.857142857142857
2023-09-06,3.0,70.0,9.0,2.142857142857143,7.571428571428571
2023-09-07,1.0,36.0,5.0,1.7142857142857142,7.285714285714286
2023-09-08,1.0,57.0,8.0,1.4285714285714286,7.857142857142857
2023-09-09,0.0,42.0,4.0,1.2857142857142858,8.285714285714286
2023-09-10,0.0,44.0,7.0,1.2857142857142858,7.571428571428571
2023-09-11,0.0,46.0,4.0,1.0,6.857142857142857
2023-09-12,1.0,51.0,5.0,0.8571428571428571,6.0
2023-09-13,0.0,42.0,4.0,0.42857142857142855,5.285714285714286
2023-09-14,1.0,51.0,4.0,0.42857142857142855,5.142857142857143
2023-09-15,1.0,39.0,2.0,0.42857142857142855,4.285714285714286
2023-09-16,0.0,46.0,4.0,0.42857142857142855,4.285714285714286
2023-09-17,0.0,57.0,7.0,0.42857142857142855,4.285714285714286
2023-09-18,1.0,57.0,5.0,0.5714285714285714,4.428571428571429
2023-09-19,3.0,48.0,4.0,0.8571428571428571,4.285714285714286
2023-09-20,1.0,52.0,7.0,1.0,4.714285714285714
2023-09-21,2.0,37.0,6.0,1.1428571428571428,5.0
2023-09-22,0.0,29.0,2.0,1.0,5.0
2023-09-23,1.0,29.0,2.0,1.1428571428571428,4.714285714285714
2023-09-24,1.0,41.0,3.0,1.2857142857142858,4.142857142857143
2023-09-25,2.0,46.0,5.0,1.4285714285714286,4.142857142857143
2023-09-26,1.0,63.0,8.0,1.1428571428571428,4.714285714285714
2023-09-27,4.0,54.0,4.0,1.5714285714285714,4.285714285714286
2023-09-28,1.0,35.0,10.0,1.4285714285714286,4.857142857142857
2023-09-29,1.0,30.0,2.0,1.5714285714285714,4.857142857142857
2023-09-30,0.0,36.0,5.0,1.4285714285714286,5.285714285714286
2023-12-01,0.0,31.0,4.0,0.42857142857142855,5.285714285714286
2023-12-02,0.0,29.0,2.0,0.42857142857142855,4.857142857142857
2023-12-03,0.0,30.0,1.0,0.2857142857142857,4.714285714285714
2023-12-04,3.0,31.0,4.0,0.7142857142857143,3.7142857142857144
2023-12-05,0.0,43.0,2.0,0.5714285714285714,3.4285714285714284
2023-12-06,0.0,52.0,8.0,0.42857142857142855,4.0
2023-12-07,0.0,56.0,4.0,0.42857142857142855,3.5714285714285716
2023-12-08,1.0,39.0,1.0,0.5714285714285714,3.142857142857143
2023-12-09,3.0,31.0,7.0,1.0,3.857142857142857
2023-12-10,1.0,42.0,3.0,1.1428571428571428,4.142857142857143
2023-12-11,0.0,25.0,4.0,0.7142857142857143,4.142857142857143
2023-12-12,3.0,65.0,11.0,1.1428571428571428,5.428571428571429
2023-12-13,0.0,49.0,4.0,1.1428571428571428,4.857142857142857
2023-12-14,1.0,42.0,4.0,1.2857142857142858,4.857142857142857
2023-12-15,0.0,38.0,5.0,1.1428571428571428,5.428571428571429
2023-12-16,0.0,31.0,4.0,0.7142857142857143,5.0
2023-12-17,0.0,31.0,2.0,0.5714285714285714,4.857142857142857
2023-12-18,2.0,42.0,4.0,0.8571428571428571,4.857142857142857
2023-12-19,3.0,23.0,0.0,0.8571428571428571,3.2857142857142856
2023-12-20,1.0,32.0,3.0,1.0,3.142857142857143
2023-12-21,0.0,30.0,9.0,0.8571428571428571,3.857142857142857
2023-12-22,1.0,20.0,4.0,1.0,3.7142857142857144
2023-12-23,2.0,28.0,3.0,1.2857142857142858,3.5714285714285716
2023-12-24,1.0,15.0,3.0,1.4285714285714286,3.7142857142857144
2023-12-25,1.0,26.0,1.0,1.2857142857142858,3.2857142857142856
2023-12-26,3.0,26.0,4.0,1.2857142857142858,3.857142857142857
2023-12-27,6.0,32.0,1.0,2.0,3.5714285714285716
2023-12-28,0.0,28.0,3.0,2.0,2.7142857142857144
2023-12-29,1.0,53.0,4.0,2.0,2.7142857142857144
2023-12-30,1.0,37.0,2.0,1.8571428571428572,2.5714285714285716
2023-12-31,1.0,48.0,5.0,1.8571428571428572,2.857142857142857
2024-01-01,0.0,30.0,5.0,1.7142857142857142,3.4285714285714284
2024-01-02,1.0,33.0,6.0,1.4285714285714286,3.7142857142857144
2024-01-03,0.0,22.0,3.0,0.5714285714285714,4.0
2024-01-04,1.0,28.0,4.0,0.7142857142857143,4.142857142857143
2024-01-05,2.0,27.0,1.0,0.8571428571428571,3.7142857142857144
2024-01-06,0.0,32.0,0.0,0.7142857142857143,3.4285714285714284
2024-01-07,0.0,28.0,5.0,0.5714285714285714,3.4285714285714284
2024-01-08,4.0,17.0,1.0,1.1428571428571428,2.857142857142857
2024-01-09,1.0,49.0,2.0,1.1428571428571428,2.2857142857142856
2024-01-10,3.0,25.0,5.0,1.5714285714285714,2.5714285714285716
2024-01-11,8.0,34.0,5.0,2.5714285714285716,2.7142857142857144
2024-01-12,2.0,50.0,4.0,2.5714285714285716,3.142857142857143
2024-01-13,2.0,64.0,4.0,2.857142857142857,3.7142857142857144
2024-01-14,1.0,32.0,1.0,3.0,3.142857142857143
2024-01-15,1.0,47.0,6.0,2.5714285714285716,3.857142857142857
2024-01-16,0.0,88.0,4.0,2.4285714285714284,4.142857142857143
2024-01-17,3.0,30.0,2.0,2.4285714285714284,3.7142857142857144
2024-01-18,0.0,31.0,1.0,1.2857142857142858,3.142857142857143
2024-01-19,3.0,34.0,3.0,1.4285714285714286,3.0
2024-01-20,0.0,22.0,3.0,1.1428571428571428,2.857142857142857
2024-01-21,0.0,37.0,4.0,1.0,3.2857142857142856
2024-01-22,2.0,39.0,5.0,1.1428571428571428,3.142857142857143
2024-01-23,0.0,26.0,3.0,1.1428571428571428,3.0
2024-01-24,1.0,28.0,2.0,0.8571428571428571,3.0
2024-01-25,2.0,28.0,3.0,1.1428571428571428,3.2857142857142856
2024-01-26,1.0,29.0,3.0,0.8571428571428571,3.2857142857142856
2024-01-27,0.0,15.0,4.0,0.8571428571428571,3.4285714285714284
2024-01-28,0.0,32.0,0.0,0.8571428571428571,2.857142857142857
2024-01-29,1.0,26.0,5.0,0.7142857142857143,2.857142857142857
2024-01-30,3.0,23.0,2.0,1.1428571428571428,2.7142857142857144
2024-01-31,4.0,31.0,3.0,1.5714285714285714,2.857142857142857
2024-04-01,0.0,21.0,5.0,0.7142857142857143,4.285714285714286
2024-04-02,1.0,17.0,2.0,0.8571428571428571,4.285714285714286
2024-04-03,0.0,18.0,0.0,0.5714285714285714,3.5714285714285716
2024-04-04,0.0,13.0,3.0,0.42857142857142855,3.5714285714285716
2024-04-05,0.0,22.0,2.0,0.2857142857142857,3.2857142857142856
2024-04-06,0.0,21.0,2.0,0.14285714285714285,2.2857142857142856
2024-04-07,1.0,21.0,2.0,0.2857142857142857,2.2857142857142856
2024-04-08,0.0,26.0,4.0,0.2857142857142857,2.142857142857143
2024-04-09,1.0,29.0,4.0,0.2857142857142857,2.4285714285714284
2024-04-10,1.0,13.0,0.0,0.42857142857142855,2.4285714285714284
2024-04-11,0.0,22.0,3.0,0.42857142857142855,2.4285714285714284
2024-04-12,0.0,23.0,4.0,0.42857142857142855,2.7142857142857144
2024-04-13,0.0,13.0,2.0,0.42857142857142855,2.7142857142857144
2024-04-14,0.0,18.0,1.0,0.2857142857142857,2.5714285714285716
2024-04-15,0.0,19.0,3.0,0.2857142857142857,2.4285714285714284
2024-04-16,0.0,22.0,4.0,0.14285714285714285,2.4285714285714284
2024-04-17,3.0,26.0,2.0,0.42857142857142855,2.7142857142857144
2024-04-18,0.0,33.0,1.0,0.42857142857142855,2.4285714285714284
2024-04-19,0.0,24.0,1.0,0.42857142857142855,2.0
2024-04-20,1.0,19.0,2.0,0.5714285714285714,2.0
2024-04-21,1.0,15.0,1.0,0.7142857142857143,2.0
2024-04-22,2.0,20.0,4.0,1.0,2.142857142857143
2024-04-23,5.0,30.0,4.0,1.7142857142857142,2.142857142857143
2024-04-24,4.0,21.0,3.0,1.8571428571428572,2.2857142857142856
2024-04-25,1.0,20.0,4.0,2.0,2.7142857142857144
2024-04-26,2.0,16.0,5.0,2.2857142857142856,3.2857142857142856
2024-04-27,0.0,11.0,2.0,2.142857142857143,3.2857142857142856
2024-04-28,1.0,42.0,5.0,2.142857142857143,3.857142857142857
2024-04-29,0.0,31.0,3.0,1.8571428571428572,3.7142857142857144
2024-04-30,3.0,27.0,4.0,1.5714285714285714,3.7142857142857144
2024-06-01,0.0,9.0,2.0,0.2857142857142857,2.2857142857142856
2024-06-02,0.0,23.0,3.0,0.14285714285714285,2.2857142857142856
2024-06-03,0.0,11.0,0.0,0.14285714285714285,1.2857142857142858
2024-06-04,0.0,10.0,0.0,0.14285714285714285,1.2857142857142858
2024-06-05,1.0,15.0,5.0,0.14285714285714285,1.8571428571428572
2024-06-06,0.0,16.0,3.0,0.14285714285714285,2.0
2024-06-07,0.0,16.0,2.0,0.14285714285714285,2.142857142857143
2024-06-08,3.0,14.0,1.0,0.5714285714285714,2.0
2024-06-09,1.0,15.0,3.0,0.7142857142857143,2.0
2024-06-10,0.0,18.0,2.0,0.7142857142857143,2.2857142857142856
2024-06-11,1.0,23.0,1.0,0.8571428571428571,2.4285714285714284
2024-06-12,0.0,16.0,0.0,0.7142857142857143,1.7142857142857142
2024-06-13,2.0,15.0,4.0,1.0,1.8571428571428572
2024-06-14,0.0,19.0,2.0,1.0,1.8571428571428572
2024-06-15,0.0,16.0,1.0,0.5714285714285714,1.8571428571428572
2024-06-16,0.0,16.0,3.0,0.42857142857142855,1.8571428571428572
2024-06-17,3.0,26.0,0.0,0.8571428571428571,1.5714285714285714
2024-06-18,4.0,16.0,3.0,1.2857142857142858,1.8571428571428572
2024-06-19,16.0,50.0,8.0,3.5714285714285716,3.0
2024-06-20,4.0,22.0,2.0,3.857142857142857,2.7142857142857144
2024-06-21,1.0,20.0,0.0,4.0,2.4285714285714284
2024-06-22,1.0,10.0,0.0,4.142857142857143,2.2857142857142856
2024-06-23,2.0,23.0,3.0,4.428571428571429,2.2857142857142856
2024-06-24,0.0,11.0,1.0,4.0,2.4285714285714284
2024-06-25,2.0,11.0,0.0,3.7142857142857144,2.0
2024-06-26,1.0,15.0,2.0,1.5714285714285714,1.1428571428571428
2024-06-27,2.0,13.0,1.0,1.2857142857142858,1.0
2024-06-28,0.0,28.0,2.0,1.1428571428571428,1.2857142857142858
2024-06-29,0.0,14.0,2.0,1.0,1.5714285714285714
2024-06-30,1.0,8.0,2.0,0.8571428571428571,1.4285714285714286
2024-07-01,1.0,32.0,6.0,1.0,2.142857142857143
2024-07-02,4.0,25.0,2.0,1.2857142857142858,2.4285714285714284
2024-07-03,0.0,17.0,2.0,1.1428571428571428,2.4285714285714284
2024-07-04,0.0,14.0,4.0,0.8571428571428571,2.857142857142857
2024-07-05,0.0,22.0,0.0,0.8571428571428571,2.5714285714285716
2024-07-06,0.0,13.0,0.0,0.8571428571428571,2.2857142857142856
2024-07-07,0.0,14.0,2.0,0.7142857142857143,2.2857142857142856
2024-07-08,2.0,25.0,0.0,0.8571428571428571,1.4285714285714286
2024-07-09,1.0,15.0,1.0,0.42857142857142855,1.2857142857142858
2024-07-10,0.0,23.0,0.0,0.42857142857142855,1.0
2024-07-11,2.0,36.0,8.0,0.7142857142857143,1.5714285714285714
2024-07-12,0.0,18.0,0.0,0.7142857142857143,1.5714285714285714
2024-07-13,1.0,21.0,1.0,0.8571428571428571,1.7142857142857142
2024-07-14,0.0,12.0,3.0,0.8571428571428571,1.8571428571428572
2024-07-15,0.0,13.0,2.0,0.5714285714285714,2.142857142857143
2024-07-16,3.0,16.0,2.0,0.8571428571428571,2.2857142857142856
2024-07-17,1.0,12.0,2.0,1.0,2.5714285714285716
2024-07-18,1.0,19.0,3.0,0.8571428571428571,1.8571428571428572
2024-07-19,0.0,22.0,0.0,0.8571428571428571,1.8571428571428572
2024-07-20,0.0,17.0,2.0,0.7142857142857143,2.0
2024-07-21,0.0,21.0,3.0,0.7142857142857143,2.0
2024-07-22,0.0,30.0,7.0,0.7142857142857143,2.7142857142857144
2024-07-23,2.0,19.0,2.0,0.5714285714285714,2.7142857142857144
2024-07-24,0.0,16.0,2.0,0.42857142857142855,2.7142857142857144
2024-07-25,2.0,25.0,2.0,0.5714285714285714,2.5714285714285716
2024-07-26,0.0,30.0,0.0,0.5714285714285714,2.5714285714285716
2024-07-27,1.0,17.0,0.0,0.7142857142857143,2.2857142857142856
2024-07-28,0.0,14.0,0.0,0.7142857142857143,1.8571428571428572
2024-07-29,0.0,21.0,3.0,0.7142857142857143,1.2857142857142858
2024-07-30,0.0,17.0,2.0,0.42857142857142855,1.2857142857142858
2024-07-31,1.0,16.0,1.0,0.5714285714285714,1.1428571428571428
2024-09-01,0.0,20.0,1.0,0.7142857142857143,4.0
2024-09-02,0.0,13.0,4.0,0.5714285714285714,3.857142857142857
2024-09-03,0.0,19.0,9.0,0.42857142857142855,4.857142857142857
2024-09-04,0.0,20.0,8.0,0.42857142857142855,4.714285714285714
2024-09-05,0.0,17.0,2.0,0.0,4.571428571428571
2024-09-06,0.0,25.0,4.0,0.0,4.285714285714286
2024-09-07,0.0,13.0,3.0,0.0,4.428571428571429
2024-09-08,0.0,19.0,6.0,0.0,5.142857142857143
2024-09-09,0.0,34.0,5.0,0.0,5.285714285714286
2024-09-10,4.0,20.0,3.0,0.5714285714285714,4.428571428571429
2024-09-11,2.0,20.0,4.0,0.8571428571428571,3.857142857142857
2024-09-12,0.0,27.0,3.0,0.8571428571428571,4.0
2024-09-13,0.0,24.0,4.0,0.8571428571428571,4.0
2024-09-14,0.0,19.0,1.0,0.8571428571428571,3.7142857142857144
2024-09-15,2.0,16.0,1.0,1.1428571428571428,3.0
2024-09-16,1.0,13.0,2.0,1.2857142857142858,2.5714285714285716
2024-09-17,0.0,26.0,3.0,0.7142857142857143,2.5714285714285716
2024-09-18,0.0,17.0,0.0,0.42857142857142855,2.0
2024-09-19,0.0,18.0,1.0,0.42857142857142855,1.7142857142857142
2024-09-20,0.0,20.0,1.0,0.42857142857142855,1.2857142857142858
2024-09-21,0.0,13.0,2.0,0.42857142857142855,1.4285714285714286
2024-09-22,0.0,20.0,1.0,0.14285714285714285,1.4285714285714286
2024-09-23,1.0,21.0,2.0,0.14285714285714285,1.4285714285714286
2024-09-24,0.0,17.0,2.0,0.14285714285714285,1.2857142857142858
2024-09-25,0.0,19.0,1.0,0.14285714285714285,1.4285714285714286
2024-09-26,1.0,14.0,1.0,0.2857142857142857,1.4285714285714286
2024-09-27,0.0,17.0,4.0,0.2857142857142857,1.8571428571428572
2024-09-28,0.0,14.0,1.0,0.2857142857142857,1.7142857142857142
2024-09-29,0.0,17.0,0.0,0.2857142857142857,1.5714285714285714
2024-09-30,0.0,15.0,0.0,0.14285714285714285,1.2857142857142858
2024-10-01,1.0,9.0,1.0,0.2857142857142857,1.1428571428571428
2024-10-02,0.0,15.0,2.0,0.2857142857142857,1.2857142857142858
2024-10-03,0.0,12.0,1.0,0.14285714285714285,1.2857142857142858
2024-10-04,0.0,18.0,1.0,0.14285714285714285,0.8571428571428571
2024-10-05,0.0,16.0,0.0,0.14285714285714285,0.7142857142857143
2024-10-06,0.0,34.0,1.0,0.14285714285714285,0.8571428571428571
2024-10-07,0.0,14.0,0.0,0.14285714285714285,0.8571428571428571
2024-10-08,0.0,17.0,0.0,0.0,0.7142857142857143
2024-10-09,0.0,13.0,0.0,0.0,0.42857142857142855
2024-10-10,0.0,26.0,1.0,0.0,0.42857142857142855
2024-10-11,0.0,15.0,1.0,0.0,0.42857142857142855
2024-10-12,0.0,15.0,2.0,0.0,0.7142857142857143
2024-10-13,0.0,16.0,5.0,0.0,1.2857142857142858
2024-10-14,0.0,17.0,2.0,0.0,1.5714285714285714
2024-10-15,1.0,17.0,2.0,0.14285714285714285,1.8571428571428572
2024-10-16,0.0,30.0,1.0,0.14285714285714285,2.0
2024-10-17,0.0,11.0,2.0,0.14285714285714285,2.142857142857143
2024-10-18,0.0,9.0,2.0,0.14285714285714285,2.2857142857142856
2024-10-19,0.0,11.0,1.0,0.14285714285714285,2.142857142857143
2024-10-20,0.0,16.0,1.0,0.14285714285714285,1.5714285714285714
2024-10-21,0.0,30.0,1.0,0.14285714285714285,1.4285714285714286
2024-10-22,0.0,20.0,1.0,0.0,1.2857142857142858
2024-10-23,0.0,12.0,4.0,0.0,1.7142857142857142
2024-10-24,0.0,10.0,2.0,0.0,1.7142857142857142
2024-10-25,0.0,17.0,1.0,0.0,1.5714285714285714
2024-10-26,0.0,12.0,1.0,0.0,1.5714285714285714
2024-10-27,0.0,11.0,1.0,0.0,1.5714285714285714
2024-10-28,0.0,19.0,2.0,0.0,1.7142857142857142
2024-10-29,0.0,14.0,0.0,0.0,1.5714285714285714
2024-10-30,0.0,7.0,1.0,0.0,1.1428571428571428
2024-10-31,0.0,10.0,2.0,0.0,1.1428571428571428
2024-11-01,0.0,11.0,1.0,0.0,1.1428571428571428
2024-11-02,0.0,8.0,4.0,0.0,1.5714285714285714
2024-11-03,0.0,10.0,1.0,0.0,1.5714285714285714
2024-11-04,0.0,18.0,0.0,0.0,1.2857142857142858
2024-11-05,0.0,12.0,1.0,0.0,1.4285714285714286
2024-11-06,0.0,14.0,3.0,0.0,1.7142857142857142
2024-11-07,0.0,53.0,2.0,0.0,1.7142857142857142
2024-11-08,0.0,33.0,3.0,0.0,2.0
2024-11-09,0.0,30.0,1.0,0.0,1.5714285714285714
2024-11-10,0.0,15.0,1.0,0.0,1.5714285714285714
2024-11-11,0.0,14.0,0.0,0.0,1.5714285714285714
2024-11-12,0.0,18.0,1.0,0.0,1.5714285714285714
2024-11-13,0.0,19.0,2.0,0.0,1.4285714285714286
2024-11-14,0.0,24.0,3.0,0.0,1.5714285714285714
2024-11-15,1.0,25.0,2.0,0.14285714285714285,1.4285714285714286
2024-11-16,0.0,24.0,1.0,0.14285714285714285,1.4285714285714286
2024-11-17,0.0,17.0,0.0,0.14285714285714285,1.2857142857142858
2024-11-18,1.0,16.0,2.0,0.2857142857142857,1.5714285714285714
2024-11-19,0.0,23.0,5.0,0.2857142857142857,2.142857142857143
2024-11-20,2.0,19.0,3.0,0.5714285714285714,2.2857142857142856
2024-11-21,0.0,23.0,0.0,0.5714285714285714,1.8571428571428572
2024-11-22,0.0,14.0,1.0,0.42857142857142855,1.7142857142857142
2024-11-23,0.0,11.0,1.0,0.42857142857142855,1.7142857142857142
2024-11-24,0.0,9.0,4.0,0.42857142857142855,2.2857142857142856
2024-11-25,0.0,20.0,1.0,0.2857142857142857,2.142857142857143
2024-11-26,1.0,11.0,2.0,0.42857142857142855,1.7142857142857142
2024-11-27,0.0,50.0,4.0,0.14285714285714285,1.8571428571428572
2024-11-28,0.0,48.0,4.0,0.14285714285714285,2.4285714285714284
2024-11-29,0.0,25.0,1.0,0.14285714285714285,2.4285714285714284
2024-11-30,1.0,21.0,1.0,0.2857142857142857,2.4285714285714284
2024-12-01,0.0,12.0,1.0,0.2857142857142857,2.0
2024-12-02,0.0,16.0,0.0,0.2857142857142857,1.8571428571428572
2024-12-03,1.0,17.0,3.0,0.2857142857142857,2.0
2024-12-04,0.0,16.0,0.0,0.2857142857142857,1.4285714285714286
2024-12-05,0.0,16.0,0.0,0.2857142857142857,0.8571428571428571
2024-12-06,0.0,11.0,2.0,0.2857142857142857,1.0
2024-12-07,1.0,10.0,1.0,0.2857142857142857,1.0
2024-12-08,0.0,13.0,3.0,0.2857142857142857,1.2857142857142858
2024-12-09,0.0,12.0,1.0,0.2857142857142857,1.4285714285714286
2024-12-10,0.0,17.0,4.0,0.14285714285714285,1.5714285714285714
2024-12-11,0.0,10.0,3.0,0.14285714285714285,2.0
2024-12-12,0.0,17.0,1.0,0.14285714285714285,2.142857142857143
2024-12-13,0.0,15.0,3.0,0.14285714285714285,2.2857142857142856
2024-12-14,0.0,5.0,1.0,0.0,2.2857142857142856
2024-12-15,0.0,14.0,2.0,0.0,2.142857142857143
2024-12-16,1.0,13.0,1.0,0.14285714285714285,2.142857142857143
2024-12-17,0.0,12.0,1.0,0.14285714285714285,1.7142857142857142
2024-12-18,0.0,18.0,3.0,0.14285714285714285,1.7142857142857142
2024-12-19,0.0,13.0,4.0,0.14285714285714285,2.142857142857143
2024-12-20,1.0,13.0,0.0,0.2857142857142857,1.7142857142857142
2024-12-21,0.0,9.0,0.0,0.2857142857142857,1.5714285714285714
2024-12-22,0.0,11.0,1.0,0.2857142857142857,1.4285714285714286
2024-12-23,0.0,21.0,2.0,0.14285714285714285,1.5714285714285714
2024-12-24,0.0,13.0,2.0,0.14285714285714285,1.7142857142857142
2024-12-25,0.0,9.0,1.0,0.14285714285714285,1.4285714285714286
2024-12-26,0.0,11.0,2.0,0.14285714285714285,1.1428571428571428
2024-12-27,0.0,15.0,2.0,0.0,1.4285714285714286
2024-12-28,0.0,47.0,6.0,0.0,2.2857142857142856
2024-12-29,0.0,22.0,1.0,0.0,2.2857142857142856
2024-12-30,0.0,13.0,0.0,0.0,2.0
2024-12-31,0.0,13.0,3.0,0.0,2.142857142857143
2025-01-01,0.0,12.0,1.0,0.0,2.142857142857143
2025-01-02,0.0,13.0,1.0,0.0,2.0
2025-01-03,1.0,13.0,4.0,0.14285714285714285,2.2857142857142856
2025-01-04,0.0,17.0,2.0,0.14285714285714285,1.7142857142857142
2025-01-05,0.0,17.0,4.0,0.14285714285714285,2.142857142857143
2025-01-06,0.0,17.0,1.0,0.14285714285714285,2.2857142857142856
2025-01-07,0.0,20.0,2.0,0.14285714285714285,2.142857142857143
2025-01-08,0.0,18.0,1.0,0.14285714285714285,2.142857142857143
2025-01-09,1.0,19.0,1.0,0.2857142857142857,2.142857142857143
2025-01-10,0.0,14.0,2.0,0.14285714285714285,1.8571428571428572
2025-01-11,0.0,13.0,0.0,0.14285714285714285,1.5714285714285714
2025-01-12,0.0,12.0,3.0,0.14285714285714285,1.4285714285714286
2025-01-13,1.0,19.0,0.0,0.2857142857142857,1.2857142857142858
2025-01-14,1.0,12.0,4.0,0.42857142857142855,1.5714285714285714
2025-01-15,1.0,21.0,1.0,0.5714285714285714,1.5714285714285714
2025-01-16,0.0,7.0,1.0,0.42857142857142855,1.5714285714285714
2025-01-17,1.0,16.0,1.0,0.5714285714285714,1.4285714285714286
2025-01-18,0.0,13.0,0.0,0.5714285714285714,1.4285714285714286
2025-01-19,0.0,13.0,3.0,0.5714285714285714,1.4285714285714286
2025-01-20,0.0,12.0,1.0,0.42857142857142855,1.5714285714285714
2025-01-21,0.0,9.0,0.0,0.2857142857142857,1.0
2025-01-22,0.0,12.0,0.0,0.14285714285714285,0.8571428571428571
2025-01-23,0.0,10.0,1.0,0.14285714285714285,0.8571428571428571
2025-01-24,1.0,13.0,3.0,0.14285714285714285,1.1428571428571428
2025-01-25,0.0,14.0,2.0,0.14285714285714285,1.4285714285714286
2025-01-26,0.0,9.0,2.0,0.14285714285714285,1.2857142857142858
2025-01-27,0.0,15.0,0.0,0.14285714285714285,1.1428571428571428
2025-01-28,0.0,5.0,1.0,0.14285714285714285,1.2857142857142858
2025-01-29,0.0,6.0,0.0,0.14285714285714285,1.2857142857142858
2025-01-30,0.0,11.0,0.0,0.14285714285714285,1.1428571428571428
2025-01-31,0.0,8.0,2.0,0.0,1.0
2025-03-01,0.0,34.0,4.0,0.42857142857142855,1.1428571428571428
2025-03-02,1.0,19.0,2.0,0.42857142857142855,1.2857142857142858
2025-03-03,0.0,25.0,1.0,0.2857142857142857,1.2857142857142858
2025-03-04,0.0,17.0,0.0,0.2857142857142857,1.1428571428571428
2025-03-05,1.0,10.0,1.0,0.42857142857142855,1.2857142857142858
2025-03-06,0.0,14.0,2.0,0.42857142857142855,1.5714285714285714
2025-03-07,1.0,12.0,1.0,0.42857142857142855,1.5714285714285714
2025-03-08,0.0,20.0,2.0,0.42857142857142855,1.2857142857142858
2025-03-09,0.0,17.0,1.0,0.2857142857142857,1.1428571428571428
2025-03-10,1.0,17.0,1.0,0.42857142857142855,1.1428571428571428
2025-03-11,0.0,14.0,3.0,0.42857142857142855,1.5714285714285714
2025-03-12,0.0,16.0,3.0,0.2857142857142857,1.8571428571428572
2025-03-13,1.0,25.0,2.0,0.42857142857142855,1.8571428571428572
2025-03-14,0.0,15.0,1.0,0.2857142857142857,1.8571428571428572
2025-03-15,0.0,24.0,3.0,0.2857142857142857,2.0
2025-03-16,0.0,16.0,1.0,0.2857142857142857,2.0
2025-03-17,0.0,13.0,2.0,0.14285714285714285,2.142857142857143
2025-03-18,0.0,13.0,1.0,0.14285714285714285,1.8571428571428572
2025-03-19,1.0,8.0,0.0,0.2857142857142857,1.4285714285714286
2025-03-20,0.0,15.0,1.0,0.14285714285714285,1.2857142857142858
2025-03-21,0.0,9.0,1.0,0.14285714285714285,1.2857142857142858
2025-03-22,0.0,13.0,1.0,0.14285714285714285,1.0
2025-03-23,0.0,33.0,2.0,0.14285714285714285,1.1428571428571428
2025-03-24,0.0,17.0,3.0,0.14285714285714285,1.2857142857142858
2025-03-25,0.0,19.0,1.0,0.14285714285714285,1.2857142857142858
2025-03-26,0.0,18.0,2.0,0.0,1.5714285714285714
2025-03-27,0.0,15.0,1.0,0.0,1.5714285714285714
2025-03-28,1.0,23.0,1.0,0.14285714285714285,1.5714285714285714
2025-03-29,1.0,18.0,4.0,0.2857142857142857,2.0
2025-03-30,0.0,12.0,1.0,0.2857142857142857,1.8571428571428572
2025-03-31,0.0,14.0,1.0,0.2857142857142857,1.5714285714285714
2025-04-01,0.0,14.0,2.0,0.2857142857142857,1.7142857142857142
2025-04-02,0.0,14.0,1.0,0.2857142857142857,1.5714285714285714
2025-04-03,1.0,15.0,1.0,0.42857142857142855,1.5714285714285714
2025-04-04,0.0,5.0,1.0,0.2857142857142857,1.5714285714285714
2025-04-05,0.0,28.0,2.0,0.14285714285714285,1.2857142857142858
2025-04-06,0.0,10.0,1.0,0.14285714285714285,1.2857142857142858
2025-04-07,1.0,18.0,1.0,0.2857142857142857,1.2857142857142858
2025-04-08,0.0,10.0,3.0,0.2857142857142857,1.4285714285714286
2025-04-09,0.0,13.0,1.0,0.2857142857142857,1.4285714285714286
2025-04-10,0.0,12.0,1.0,0.14285714285714285,1.4285714285714286
2025-04-11,0.0,14.0,2.0,0.14285714285714285,1.5714285714285714
2025-04-12,0.0,11.0,0.0,0.14285714285714285,1.2857142857142858
2025-04-13,0.0,10.0,0.0,0.14285714285714285,1.1428571428571428
2025-04-14,0.0,13.0,2.0,0.0,1.2857142857142858
2025-04-15,0.0,5.0,0.0,0.0,0.8571428571428571
2025-04-16,0.0,4.0,0.0,0.0,0.7142857142857143
2025-04-17,0.0,15.0,1.0,0.0,0.7142857142857143
2025-04-18,2.0,15.0,4.0,0.2857142857142857,1.0
2025-04-19,0.0,15.0,2.0,0.2857142857142857,1.2857142857142858
2025-04-20,0.0,7.0,0.0,0.2857142857142857,1.2857142857142858
2025-04-21,0.0,11.0,1.0,0.2857142857142857,1.1428571428571428
2025-04-22,0.0,10.0,0.0,0.2857142857142857,1.1428571428571428
2025-04-23,0.0,5.0,2.0,0.2857142857142857,1.4285714285714286
2025-04-24,0.0,10.0,0.0,0.2857142857142857,1.2857142857142858
2025-04-25,1.0,11.0,2.0,0.14285714285714285,1.0
2025-04-26,0.0,8.0,1.0,0.14285714285714285,0.8571428571428571
2025-04-27,0.0,13.0,0.0,0.14285714285714285,0.8571428571428571
2025-04-28,0.0,9.0,0.0,0.14285714285714285,0.7142857142857143
2025-04-29,0.0,3.0,0.0,0.14285714285714285,0.7142857142857143
2025-04-30,0.0,20.0,0.0,0.14285714285714285,0.42857142857142855
2025-06-01,0.0,17.0,1.0,1.0,3.142857142857143
2025-06-02,0.0,18.0,2.0,0.5714285714285714,3.142857142857143
2025-06-03,1.0,22.0,4.0,0.2857142857142857,3.2857142857142856
2025-06-04,0.0,14.0,2.0,0.2857142857142857,2.7142857142857144
2025-06-05,0.0,13.0,3.0,0.2857142857142857,2.5714285714285716
2025-06-06,0.0,14.0,7.0,0.14285714285714285,3.0
2025-06-07,0.0,17.0,0.0,0.14285714285714285,2.7142857142857144
2025-06-08,0.0,19.0,0.0,0.14285714285714285,2.5714285714285716
2025-06-09,0.0,8.0,1.0,0.14285714285714285,2.4285714285714284
2025-06-10,1.0,6.0,1.0,0.14285714285714285,2.0
2025-06-11,0.0,16.0,0.0,0.14285714285714285,1.7142857142857142
2025-06-12,0.0,22.0,3.0,0.14285714285714285,1.7142857142857142
2025-06-13,1.0,12.0,0.0,0.2857142857142857,0.7142857142857143
2025-06-14,0.0,14.0,1.0,0.2857142857142857,0.8571428571428571
2025-06-15,0.0,12.0,0.0,0.2857142857142857,0.8571428571428571
2025-06-16,0.0,20.0,1.0,0.2857142857142857,0.8571428571428571
2025-06-17,0.0,14.0,1.0,0.14285714285714285,0.8571428571428571
2025-06-18,1.0,15.0,1.0,0.2857142857142857,1.0
2025-06-19,0.0,7.0,2.0,0.2857142857142857,0.8571428571428571
2025-06-20,0.0,7.0,1.0,0.14285714285714285,1.0
2025-06-21,0.0,10.0,0.0,0.14285714285714285,0.8571428571428571
2025-06-22,0.0,10.0,1.0,0.14285714285714285,1.0
2025-06-23,0.0,15.0,1.0,0.14285714285714285,1.0
2025-06-24,0.0,10.0,1.0,0.14285714285714285,1.0
2025-06-25,0.0,11.0,3.0,0.0,1.2857142857142858
2025-06-26,0.0,13.0,2.0,0.0,1.2857142857142858
2025-06-27,1.0,15.0,4.0,0.14285714285714285,1.7142857142857142
2025-06-28,0.0,12.0,2.0,0.14285714285714285,2.0
2025-06-29,0.0,24.0,4.0,0.14285714285714285,2.4285714285714284
2025-06-30,0.0,11.0,1.0,0.14285714285714285,2.4285714285714284
2025-07-01,0.0,9.0,2.0,0.14285714285714285,2.5714285714285716
2025-07-02,0.0,12.0,0.0,0.14285714285714285,2.142857142857143
2025-07-03,0.0,6.0,4.0,0.14285714285714285,2.4285714285714284
2025-07-04,1.0,6.0,0.0,0.14285714285714285,1.8571428571428572
2025-07-05,0.0,9.0,1.0,0.14285714285714285,1.7142857142857142
2025-07-06,0.0,8.0,1.0,0.14285714285714285,1.2857142857142858
2025-07-07,1.0,10.0,0.0,0.2857142857142857,1.1428571428571428
2025-07-08,0.0,13.0,0.0,0.2857142857142857,0.8571428571428571
2025-07-09,0.0,12.0,1.0,0.2857142857142857,1.0
2025-07-10,0.0,15.0,1.0,0.2857142857142857,0.5714285714285714
2025-07-11,0.0,1.0,0.0,0.14285714285714285,0.5714285714285714
