window_start,window_end,n_days,lag,direction,F,p_value
2020-03-01,2020-08-27,180,1,mainstream_to_wemedia,0.15168326905762763,0.6974027761609927
2020-03-01,2020-08-27,180,2,mainstream_to_wemedia,0.12135701254338314,0.8857930248921336
2020-03-01,2020-08-27,180,3,mainstream_to_wemedia,0.1274768350856416,0.9437066846325058
2020-03-01,2020-08-27,180,1,wemedia_to_mainstream,0.1252640628617919,0.7238175001854854
2020-03-01,2020-08-27,180,2,wemedia_to_mainstream,0.10091392794300871,0.9040640142938222
2020-03-01,2020-08-27,180,3,wemedia_to_mainstream,0.12455682099867618,0.9454876160658704
2020-03-31,2020-09-26,180,1,mainstream_to_wemedia,0.028406862617023517,0.8663493734662551
2020-03-31,2020-09-26,180,2,mainstream_to_wemedia,3.457414715956975,0.03370511064288817
2020-03-31,2020-09-26,180,3,mainstream_to_wemedia,2.3093120043685924,0.07819465150346083
2020-03-31,2020-09-26,180,1,wemedia_to_mainstream,0.1029018877863578,0.748755230564103
2020-03-31,2020-09-26,180,2,wemedia_to_mainstream,1.635302285061792,0.19789147489676617
2020-03-31,2020-09-26,180,3,wemedia_to_mainstream,1.1249292063741405,0.34053679036429463
2020-04-30,2020-10-26,180,1,mainstream_to_wemedia,2.4218356368640483,0.12145100404579434
2020-04-30,2020-10-26,180,2,mainstream_to_wemedia,1.1564897777774994,0.317008411716475
2020-04-30,2020-10-26,180,3,mainstream_to_wemedia,0.7516030824495147,0.5228374518425238
2020-04-30,2020-10-26,180,1,wemedia_to_mainstream,0.26179975487493234,0.6095277521354393
2020-04-30,2020-10-26,180,2,wemedia_to_mainstream,0.15790973223915808,0.8540498011977593
2020-04-30,2020-10-26,180,3,wemedia_to_mainstream,0.10439342793394987,0.9574106012657564
2020-05-30,2020-11-25,180,1,mainstream_to_wemedia,0.0567327016273938,0.8120137023303541
2020-05-30,2020-11-25,180,2,mainstream_to_wemedia,0.05698539588311887,0.9446255877862415
2020-05-30,2020-11-25,180,3,mainstream_to_wemedia,0.0572801063443423,0.9819385227113022
2020-05-30,2020-11-25,180,1,wemedia_to_mainstream,0.328097705656644,0.5675124226478014
2020-05-30,2020-11-25,180,2,wemedia_to_mainstream,0.21558404139608897,0.8062867449590212
2020-05-30,2020-11-25,180,3,wemedia_to_mainstream,0.17247709934764827,0.9148838086518424
2020-06-29,2020-12-25,180,1,mainstream_to_wemedia,0.9009749274321587,0.34382197988600227
2020-06-29,2020-12-25,180,2,mainstream_to_wemedia,0.16440055683032076,0.8485345078234932
2020-06-29,2020-12-25,180,3,mainstream_to_wemedia,0.12127699416207706,0.9474725863711737
2020-06-29,2020-12-25,180,1,wemedia_to_mainstream,14.744680573592273,0.0001715455320229209
2020-06-29,2020-12-25,180,2,wemedia_to_mainstream,11.876082965164613,1.4687547079006436e-05
2020-06-29,2020-12-25,180,3,wemedia_to_mainstream,8.257050395277545,3.683388615072225e-05
2020-07-29,2021-01-24,180,1,mainstream_to_wemedia,0.7775239624166213,0.3791021226434469
2020-07-29,2021-01-24,180,2,mainstream_to_wemedia,0.12206567725875685,0.8851663983963178
2020-07-29,2021-01-24,180,3,mainstream_to_wemedia,0.12724812397497173,0.9438466336363015
2020-07-29,2021-01-24,180,1,wemedia_to_mainstream,12.897558328033806,0.00042663662625397336
2020-07-29,2021-01-24,180,2,wemedia_to_mainstream,11.227671991215011,2.6024052531825603e-05
2020-07-29,2021-01-24,180,3,wemedia_to_mainstream,7.738692191708508,7.093567656168975e-05
2020-08-28,2021-02-23,180,1,mainstream_to_wemedia,2.804355512342306,0.09578460564326707
2020-08-28,2021-02-23,180,2,mainstream_to_wemedia,2.109770048278514,0.12437528026173217
2020-08-28,2021-02-23,180,3,mainstream_to_wemedia,1.585139863452765,0.1948121081576839
2020-08-28,2021-02-23,180,1,wemedia_to_mainstream,0.5632306961714932,0.4539636216468842
2020-08-28,2021-02-23,180,2,wemedia_to_mainstream,0.5258100916338687,0.5920178988460851
2020-08-28,2021-02-23,180,3,wemedia_to_mainstream,0.3534233491454563,0.7867193525775216
2020-09-27,2021-03-25,180,1,mainstream_to_wemedia,2.8460716983289376,0.09336906189983474
2020-09-27,2021-03-25,180,2,mainstream_to_wemedia,2.1392663600848887,0.12084566385258744
2020-09-27,2021-03-25,180,3,mainstream_to_wemedia,1.5868829616138502,0.19439235528015675
2020-09-27,2021-03-25,180,1,wemedia_to_mainstream,0.3378455364510248,0.5618190944664689
2020-09-27,2021-03-25,180,2,wemedia_to_mainstream,0.37122741613201726,0.6904352386956814
2020-09-27,2021-03-25,180,3,wemedia_to_mainstream,0.24868835881219647,0.8621883717831138
2020-10-27,2021-04-24,180,1,mainstream_to_wemedia,4.289029918752859,0.039818405680342006
2020-10-27,2021-04-24,180,2,mainstream_to_wemedia,3.216808849820243,0.042492087240870724
2020-10-27,2021-04-24,180,3,mainstream_to_wemedia,2.3305987541213047,0.0760955905525752
2020-10-27,2021-04-24,180,1,wemedia_to_mainstream,0.21611019173649243,0.6425944926239893
2020-10-27,2021-04-24,180,2,wemedia_to_mainstream,0.31313903190813974,0.7315617853925847
2020-10-27,2021-04-24,180,3,wemedia_to_mainstream,0.2039400397481024,0.8935619020403192
2020-11-26,2021-05-24,180,1,mainstream_to_wemedia,0.0860746278526688,0.7695737137869096
2020-11-26,2021-05-24,180,2,mainstream_to_wemedia,1.0961661943152756,0.33645907084411386
2020-11-26,2021-05-24,180,3,mainstream_to_wemedia,0.8147848423340399,0.48732582385034695
2020-11-26,2021-05-24,180,1,wemedia_to_mainstream,0.07713475915706228,0.7815444897874869
2020-11-26,2021-05-24,180,2,wemedia_to_mainstream,0.0719203941309909,0.9306327837271523
2020-11-26,2021-05-24,180,3,wemedia_to_mainstream,0.07573101897055982,0.9729970838680242
2020-12-26,2021-06-23,180,1,mainstream_to_wemedia,1.9901008562370321,0.1600953906891347
2020-12-26,2021-06-23,180,2,mainstream_to_wemedia,1.2957474528624997,0.2763358470012256
2020-12-26,2021-06-23,180,3,mainstream_to_wemedia,0.842385319670264,0.4724231555554338
2020-12-26,2021-06-23,180,1,wemedia_to_mainstream,0.02396808718189471,0.8771435380113872
2020-12-26,2021-06-23,180,2,wemedia_to_mainstream,0.06039626732749608,0.9414112572360428
2020-12-26,2021-06-23,180,3,wemedia_to_mainstream,0.08408771325184862,0.9686437140401107
2021-01-25,2021-07-23,180,1,mainstream_to_wemedia,2.2782018993896824,0.13299704209334462
2021-01-25,2021-07-23,180,2,mainstream_to_wemedia,1.4344018108344605,0.24107707971781456
2021-01-25,2021-07-23,180,3,mainstream_to_wemedia,0.974482652643552,0.4061733427397207
2021-01-25,2021-07-23,180,1,wemedia_to_mainstream,0.0071102135445141315,0.932896192066573
2021-01-25,2021-07-23,180,2,wemedia_to_mainstream,0.047806709357243224,0.9533306263367195
2021-01-25,2021-07-23,180,3,wemedia_to_mainstream,0.053126687302531804,0.9838060932483832
2021-02-24,2021-08-22,180,1,mainstream_to_wemedia,2.300935254124374,0.13109021415763478
2021-02-24,2021-08-22,180,2,mainstream_to_wemedia,1.4623944891662013,0.23453035858395377
2021-02-24,2021-08-22,180,3,mainstream_to_wemedia,1.5413087930986689,0.20565263407852408
2021-02-24,2021-08-22,180,1,wemedia_to_mainstream,0.07612326692685127,0.7829451439572698
2021-02-24,2021-08-22,180,2,wemedia_to_mainstream,0.08454197946312493,0.918971019244384
2021-02-24,2021-08-22,180,3,wemedia_to_mainstream,0.27184654843781253,0.8456421410738978
2021-03-26,2021-09-21,180,1,mainstream_to_wemedia,0.2300749722503581,0.6320637637962803
2021-03-26,2021-09-21,180,2,mainstream_to_wemedia,0.2571419457841306,0.7735534625927388
2021-03-26,2021-09-21,180,3,mainstream_to_wemedia,0.24344680668479815,0.8659097969349686
2021-03-26,2021-09-21,180,1,wemedia_to_mainstream,0.021615708137871673,0.8832822914488289
2021-03-26,2021-09-21,180,2,wemedia_to_mainstream,0.39834757333859605,0.6720428674431544
2021-03-26,2021-09-21,180,3,wemedia_to_mainstream,0.3244667320247189,0.8076709516708835
2021-04-25,2021-10-21,180,1,mainstream_to_wemedia,0.34579487766552247,0.5572570438279706
2021-04-25,2021-10-21,180,2,mainstream_to_wemedia,0.18212888828049592,0.8336535108972956
2021-04-25,2021-10-21,180,3,mainstream_to_wemedia,0.20080313987986778,0.8957204073205052
2021-04-25,2021-10-21,180,1,wemedia_to_mainstream,0.15944359162649613,0.6901534160507754
2021-04-25,2021-10-21,180,2,wemedia_to_mainstream,0.31794830623270226,0.7280646771865624
2021-04-25,2021-10-21,180,3,wemedia_to_mainstream,0.22043163258725926,0.8821155560491676
2021-05-25,2021-11-20,180,1,mainstream_to_wemedia,0.3427756380949698,0.5589813760070654
2021-05-25,2021-11-20,180,2,mainstream_to_wemedia,0.18414859226002397,0.8319750268781179
2021-05-25,2021-11-20,180,3,mainstream_to_wemedia,0.20118576206645986,0.8954574704021563
2021-05-25,2021-11-20,180,1,wemedia_to_mainstream,0.1581593820795003,0.6913387457835659
2021-05-25,2021-11-20,180,2,wemedia_to_mainstream,0.33096608363594127,0.7186832769094813
2021-05-25,2021-11-20,180,3,wemedia_to_mainstream,0.2243551145190958,0.8793702802710106
2021-06-24,2021-12-20,180,1,mainstream_to_wemedia,0.12804495988306872,0.7208965383205926
2021-06-24,2021-12-20,180,2,mainstream_to_wemedia,0.12209106174049274,0.8851439608571658
2021-06-24,2021-12-20,180,3,mainstream_to_wemedia,0.0923016980806545,0.964204603253878
2021-06-24,2021-12-20,180,1,wemedia_to_mainstream,0.0713981364930673,0.7896247133241698
2021-06-24,2021-12-20,180,2,wemedia_to_mainstream,0.11271273904640468,0.8934728166288561
2021-06-24,2021-12-20,180,3,wemedia_to_mainstream,0.07281360156057502,0.9744751608378758
2021-07-24,2022-01-19,180,1,mainstream_to_wemedia,0.016545076121316882,0.8977991409585335
2021-07-24,2022-01-19,180,2,mainstream_to_wemedia,0.015367417150595291,0.9847514031625912
2021-07-24,2022-01-19,180,3,mainstream_to_wemedia,0.015134655603292524,0.9974510779682444
2021-07-24,2022-01-19,180,1,wemedia_to_mainstream,0.01507667222380948,0.9024157864696768
2021-07-24,2022-01-19,180,2,wemedia_to_mainstream,0.007509408635933697,0.9925190400314697
2021-07-24,2022-01-19,180,3,wemedia_to_mainstream,0.007473040929469163,0.9991093956010625
2021-08-23,2022-02-18,180,1,mainstream_to_wemedia,0.00040316724963473775,0.984003077345084
2021-08-23,2022-02-18,180,2,mainstream_to_wemedia,0.003970343177291987,0.9960376189697486
2021-08-23,2022-02-18,180,3,mainstream_to_wemedia,0.0026581534578144867,0.9998102323252022
2021-08-23,2022-02-18,180,1,wemedia_to_mainstream,0.024793920882614704,0.8750621558297151
2021-08-23,2022-02-18,180,2,wemedia_to_mainstream,0.01114279094531469,0.9889197696905558
2021-08-23,2022-02-18,180,3,wemedia_to_mainstream,0.00778295533914013,0.9990536920128859
2021-09-22,2022-03-20,180,1,mainstream_to_wemedia,0.00026283837672124745,0.9870833936299178
2021-09-22,2022-03-20,180,2,mainstream_to_wemedia,0.016859723697775827,0.9832832214561095
2021-09-22,2022-03-20,180,3,mainstream_to_wemedia,0.020189914687997534,0.9960907331483022
2021-09-22,2022-03-20,180,1,wemedia_to_mainstream,0.034261526587034734,0.8533647550367142
2021-09-22,2022-03-20,180,2,wemedia_to_mainstream,0.08582502380762855,0.9177938532647074
2021-09-22,2022-03-20,180,3,wemedia_to_mainstream,0.061125931010964446,0.9801585674305878
2021-10-22,2022-04-19,180,1,mainstream_to_wemedia,0.00109411235331042,0.9736503718027454
2021-10-22,2022-04-19,180,2,mainstream_to_wemedia,0.023912498789756608,0.9763743662343464
2021-10-22,2022-04-19,180,3,mainstream_to_wemedia,0.02956780631989828,0.9931307480166939
2021-10-22,2022-04-19,180,1,wemedia_to_mainstream,0.0029063051498374056,0.9570678877110288
2021-10-22,2022-04-19,180,2,wemedia_to_mainstream,0.07231346370630111,0.9302673567822719
2021-10-22,2022-04-19,180,3,wemedia_to_mainstream,0.05375456219718625,0.983527546925395
2021-11-21,2022-05-19,180,1,mainstream_to_wemedia,0.021501266846791163,0.8835894477929036
2021-11-21,2022-05-19,180,2,mainstream_to_wemedia,0.0428034372597879,0.958109841600552
2021-11-21,2022-05-19,180,3,mainstream_to_wemedia,0.039816267067244566,0.989365388418725
2021-11-21,2022-05-19,180,1,wemedia_to_mainstream,3.664352203684802,0.05721060666561162
2021-11-21,2022-05-19,180,2,wemedia_to_mainstream,1.741678297173209,0.17828429953967606
2021-11-21,2022-05-19,180,3,wemedia_to_mainstream,1.550350914534965,0.20337075258935822
2021-12-21,2022-06-18,180,1,mainstream_to_wemedia,0.025893656670416806,0.8723448560341924
2021-12-21,2022-06-18,180,2,mainstream_to_wemedia,0.028360087865022986,0.9720428027119974
2021-12-21,2022-06-18,180,3,mainstream_to_wemedia,0.028884451856908574,0.9933633744983572
2021-12-21,2022-06-18,180,1,wemedia_to_mainstream,8.594026471143195,0.0038207791285588266
2021-12-21,2022-06-18,180,2,wemedia_to_mainstream,3.63775562297414,0.02834394320080169
2021-12-21,2022-06-18,180,3,wemedia_to_mainstream,2.8795791205713304,0.03755443833641381
2022-01-20,2022-07-18,180,1,mainstream_to_wemedia,0.027342319067759968,0.8688542465611035
2022-01-20,2022-07-18,180,2,mainstream_to_wemedia,0.029923487564599963,0.9705248096210588
2022-01-20,2022-07-18,180,3,mainstream_to_wemedia,0.026869028436184116,0.9940347790240305
2022-01-20,2022-07-18,180,1,wemedia_to_mainstream,8.138820954533292,0.00485208719978103
2022-01-20,2022-07-18,180,2,wemedia_to_mainstream,3.41971281533041,0.03494970211311199
2022-01-20,2022-07-18,180,3,wemedia_to_mainstream,2.745380753996992,0.04466010426009792
2022-02-19,2022-08-17,180,1,mainstream_to_wemedia,0.041585374828185,0.8386477712396754
2022-02-19,2022-08-17,180,2,mainstream_to_wemedia,0.04623351270072187,0.9548307671355042
2022-02-19,2022-08-17,180,3,mainstream_to_wemedia,0.041464061748295165,0.9887153487089341
2022-02-19,2022-08-17,180,1,wemedia_to_mainstream,7.304291444169257,0.007552813144457771
2022-02-19,2022-08-17,180,2,wemedia_to_mainstream,3.0935144461030593,0.047859675304725235
2022-02-19,2022-08-17,180,3,wemedia_to_mainstream,2.5005383127403107,0.06120479139875634
2022-03-21,2022-09-16,180,1,mainstream_to_wemedia,17.924070224854262,3.697015365589085e-05
2022-03-21,2022-09-16,180,2,mainstream_to_wemedia,7.112646822184532,0.0010751199121210586
2022-03-21,2022-09-16,180,3,mainstream_to_wemedia,5.695685318477013,0.0009706664488833283
2022-03-21,2022-09-16,180,1,wemedia_to_mainstream,1.6653186969337712,0.19857948402315728
2022-03-21,2022-09-16,180,2,wemedia_to_mainstream,1.2474162654127763,0.28981649836035783
2022-03-21,2022-09-16,180,3,wemedia_to_mainstream,1.2515451084976754,0.2927731423354222
2022-04-20,2022-10-16,180,1,mainstream_to_wemedia,1.3608373418626087,0.24497064955530612
2022-04-20,2022-10-16,180,2,mainstream_to_wemedia,0.7888263489727678,0.45600510969735164
2022-04-20,2022-10-16,180,3,mainstream_to_wemedia,1.229013327311721,0.30080294696162513
2022-04-20,2022-10-16,180,1,wemedia_to_mainstream,19.3423512579472,1.887215739637682e-05
2022-04-20,2022-10-16,180,2,wemedia_to_mainstream,8.987347373045179,0.0001934546171018514
2022-04-20,2022-10-16,180,3,wemedia_to_mainstream,5.979745018642665,0.000672753983454788
2022-05-20,2022-11-15,180,1,mainstream_to_wemedia,5.149969432561935,0.024460300967406146
2022-05-20,2022-11-15,180,2,mainstream_to_wemedia,2.649259793529992,0.07357133711736452
2022-05-20,2022-11-15,180,3,mainstream_to_wemedia,2.3801144853029803,0.07142402010318061
2022-05-20,2022-11-15,180,1,wemedia_to_mainstream,7.623575131429099,0.006371953662443253
2022-05-20,2022-11-15,180,2,wemedia_to_mainstream,3.796374579732051,0.024345077748797017
2022-05-20,2022-11-15,180,3,wemedia_to_mainstream,3.195523595633118,0.02494480394098908
2022-06-19,2022-12-15,180,1,mainstream_to_wemedia,3.047297438638356,0.08261667372432913
2022-06-19,2022-12-15,180,2,mainstream_to_wemedia,1.660618307474492,0.19303587338981343
2022-06-19,2022-12-15,180,3,mainstream_to_wemedia,1.2577655441244664,0.2905909148828091
2022-06-19,2022-12-15,180,1,wemedia_to_mainstream,2.40466929568547,0.12277000305539254
2022-06-19,2022-12-15,180,2,wemedia_to_mainstream,1.1921597206645564,0.3060462195385576
2022-06-19,2022-12-15,180,3,wemedia_to_mainstream,0.8555697933358613,0.46543492767699557
2022-07-19,2023-01-14,180,1,mainstream_to_wemedia,7.96383599826415,0.005321227362212855
2022-07-19,2023-01-14,180,2,mainstream_to_wemedia,5.135100688122556,0.006816199382714383
2022-07-19,2023-01-14,180,3,mainstream_to_wemedia,3.420425989371733,0.018629111624767658
2022-07-19,2023-01-14,180,1,wemedia_to_mainstream,10.423911861427873,0.0014840573978969207
2022-07-19,2023-01-14,180,2,wemedia_to_mainstream,5.637802181889864,0.004246385280561427
2022-07-19,2023-01-14,180,3,wemedia_to_mainstream,3.9607230404292624,0.009227138312398186
2022-08-18,2023-02-13,180,1,mainstream_to_wemedia,0.021293934825946773,0.8841480540036842
2022-08-18,2023-02-13,180,2,mainstream_to_wemedia,0.08652297245327996,0.9171541408584305
2022-08-18,2023-02-13,180,3,mainstream_to_wemedia,0.9040103171031418,0.4404806567941292
2022-08-18,2023-02-13,180,1,wemedia_to_mainstream,0.23302715507140528,0.6298881465419102
2022-08-18,2023-02-13,180,2,wemedia_to_mainstream,0.6893185291110545,0.5032911524795229
2022-08-18,2023-02-13,180,3,wemedia_to_mainstream,0.8210569679703805,0.48390668859185015
2022-09-17,2023-03-15,180,1,mainstream_to_wemedia,0.16645436000959096,0.6837782343225118
2022-09-17,2023-03-15,180,2,mainstream_to_wemedia,0.057342657706475425,0.9442883922011568
2022-09-17,2023-03-15,180,3,mainstream_to_wemedia,1.2577055702662923,0.29061188376620584
2022-09-17,2023-03-15,180,1,wemedia_to_mainstream,0.017476874731605852,0.8949770102166882
2022-09-17,2023-03-15,180,2,wemedia_to_mainstream,0.4431336717637016,0.6427480532928815
2022-09-17,2023-03-15,180,3,wemedia_to_mainstream,0.3796321243003692,0.7678067043719873
2022-10-17,2023-04-14,180,1,mainstream_to_wemedia,7.37639464474428,0.007267741646416304
2022-10-17,2023-04-14,180,2,mainstream_to_wemedia,3.767957341516847,0.02501702132381467
2022-10-17,2023-04-14,180,3,mainstream_to_wemedia,3.2132076393840463,0.024379141997456943
2022-10-17,2023-04-14,180,1,wemedia_to_mainstream,3.113535249547404,0.0793788908993972
2022-10-17,2023-04-14,180,2,wemedia_to_mainstream,1.1672625076808607,0.3136564759682058
2022-10-17,2023-04-14,180,3,wemedia_to_mainstream,0.9616488481223565,0.4122471714288314
2022-11-16,2023-05-14,180,1,mainstream_to_wemedia,7.999708773734549,0.0052213844911991325
2022-11-16,2023-05-14,180,2,mainstream_to_wemedia,4.090365406004264,0.01837804482995875
2022-11-16,2023-05-14,180,3,mainstream_to_wemedia,3.3160544464669117,0.021333195909154057
2022-11-16,2023-05-14,180,1,wemedia_to_mainstream,1.727010660572066,0.19050329427995938
2022-11-16,2023-05-14,180,2,wemedia_to_mainstream,0.8305358319957216,0.43754577594809263
2022-11-16,2023-05-14,180,3,wemedia_to_mainstream,0.8678585606500572,0.45899726683498776
2022-12-16,2023-06-13,180,1,mainstream_to_wemedia,7.072101087780714,0.008551848605968249
2022-12-16,2023-06-13,180,2,mainstream_to_wemedia,3.8322224695518448,0.02352340254622265
2022-12-16,2023-06-13,180,3,mainstream_to_wemedia,2.9827665257788945,0.03286240708816823
2022-12-16,2023-06-13,180,1,wemedia_to_mainstream,0.5644452952819373,0.45347809357305535
2022-12-16,2023-06-13,180,2,wemedia_to_mainstream,1.3367622531873102,0.26539437360055884
2022-12-16,2023-06-13,180,3,wemedia_to_mainstream,1.0297245765821912,0.38089618385873414
2023-01-15,2023-07-13,180,1,mainstream_to_wemedia,12.807307140985014,0.00044623927026576915
2023-01-15,2023-07-13,180,2,mainstream_to_wemedia,4.676344421396557,0.010521679930286632
2023-01-15,2023-07-13,180,3,mainstream_to_wemedia,2.4226295849271997,0.06763810813742699
2023-01-15,2023-07-13,180,1,wemedia_to_mainstream,14.1335045941232,0.00023150563622253983
2023-01-15,2023-07-13,180,2,wemedia_to_mainstream,7.909388948176625,0.0005165110814768781
2023-01-15,2023-07-13,180,3,wemedia_to_mainstream,4.459244138442507,0.0048240928662093285
2023-02-14,2023-08-12,180,1,mainstream_to_wemedia,25.10554216937715,1.3137115904005014e-06
2023-02-14,2023-08-12,180,2,mainstream_to_wemedia,7.593997594471455,0.0006899017042306665
2023-02-14,2023-08-12,180,3,mainstream_to_wemedia,2.8604751038598777,0.038493175833046234
2023-02-14,2023-08-12,180,1,wemedia_to_mainstream,13.796225385456262,0.00027334433864567576
2023-02-14,2023-08-12,180,2,wemedia_to_mainstream,14.708437213498826,1.2608026557225926e-06
2023-02-14,2023-08-12,180,3,wemedia_to_mainstream,8.001638493698776,5.084959841827885e-05
2023-03-16,2023-09-11,180,1,mainstream_to_wemedia,15.831048426563761,0.00010108311436951567
2023-03-16,2023-09-11,180,2,mainstream_to_wemedia,7.4250903219967395,0.0008059035098477718
2023-03-16,2023-09-11,180,3,mainstream_to_wemedia,4.213586864468706,0.006640267779043363
2023-03-16,2023-09-11,180,1,wemedia_to_mainstream,7.21350018455186,0.007928271665521014
2023-03-16,2023-09-11,180,2,wemedia_to_mainstream,8.196905436941536,0.00039705229616582294
2023-03-16,2023-09-11,180,3,wemedia_to_mainstream,4.18096907374718,0.006928117820487856
2023-04-15,2023-10-11,180,1,mainstream_to_wemedia,14.784523801750195,0.0001682352831290368
2023-04-15,2023-10-11,180,2,mainstream_to_wemedia,7.015089812219782,0.0011765940633494676
2023-04-15,2023-10-11,180,3,mainstream_to_wemedia,4.147532705999842,0.007236158153108407
2023-04-15,2023-10-11,180,1,wemedia_to_mainstream,8.947948110670431,0.0031764180866492575
2023-04-15,2023-10-11,180,2,wemedia_to_mainstream,9.067317326526055,0.00017994120352538
2023-04-15,2023-10-11,180,3,wemedia_to_mainstream,4.664647652573538,0.0036936090783914466
2023-05-15,2023-11-10,180,1,mainstream_to_wemedia,18.391421493948194,2.9599225039089738e-05
2023-05-15,2023-11-10,180,2,mainstream_to_wemedia,8.809472489308007,0.00022731264688014008
2023-05-15,2023-11-10,180,3,mainstream_to_wemedia,5.5021723488582035,0.0012465909725629665
2023-05-15,2023-11-10,180,1,wemedia_to_mainstream,5.805330419912506,0.017008641708717742
2023-05-15,2023-11-10,180,2,wemedia_to_mainstream,5.72730809242234,0.0039043047879325776
2023-05-15,2023-11-10,180,3,wemedia_to_mainstream,2.7352417806125264,0.045247999855854815
2023-06-14,2023-12-10,180,1,mainstream_to_wemedia,12.102732681113624,0.0006345694677396541
2023-06-14,2023-12-10,180,2,mainstream_to_wemedia,5.183752673525209,0.006510320137466663
2023-06-14,2023-12-10,180,3,mainstream_to_wemedia,3.488487804174588,0.017052470790539176
2023-06-14,2023-12-10,180,1,wemedia_to_mainstream,2.345869281679307,0.12741094827896127
2023-06-14,2023-12-10,180,2,wemedia_to_mainstream,0.3175569652369109,0.7283486112811399
2023-06-14,2023-12-10,180,3,wemedia_to_mainstream,0.4309791272417775,0.7310758950649527
2023-07-14,2024-01-09,180,1,mainstream_to_wemedia,5.569584747103193,0.019370434415395876
2023-07-14,2024-01-09,180,2,mainstream_to_wemedia,3.170481221975386,0.044433600736657475
2023-07-14,2024-01-09,180,3,mainstream_to_wemedia,2.8943040000095,0.03684637553625125
2023-07-14,2024-01-09,180,1,wemedia_to_mainstream,0.2396181973533731,0.6250915495674638
2023-07-14,2024-01-09,180,2,wemedia_to_mainstream,0.27880662798577566,0.7570255558910475
2023-07-14,2024-01-09,180,3,wemedia_to_mainstream,0.31136107188044726,0.8171536234318494
2023-08-13,2024-02-08,180,1,mainstream_to_wemedia,3.012898009903369,0.08435464426067452
2023-08-13,2024-02-08,180,2,mainstream_to_wemedia,2.0184787264927713,0.1359744625262438
2023-08-13,2024-02-08,180,3,mainstream_to_wemedia,1.8335708904755972,0.14292066587212338
2023-08-13,2024-02-08,180,1,wemedia_to_mainstream,0.005465040263990222,0.9411532908193847
2023-08-13,2024-02-08,180,2,wemedia_to_mainstream,0.12028517097732556,0.886741637966298
2023-08-13,2024-02-08,180,3,wemedia_to_mainstream,0.14871812311965985,0.9303973169379869
2023-09-12,2024-03-09,180,1,mainstream_to_wemedia,5.247674033045471,0.02316180879024976
2023-09-12,2024-03-09,180,2,mainstream_to_wemedia,4.370781902252418,0.014066769631010279
2023-09-12,2024-03-09,180,3,mainstream_to_wemedia,2.990179038347435,0.03254863876408165
2023-09-12,2024-03-09,180,1,wemedia_to_mainstream,2.0056700993529812,0.15847941108827945
2023-09-12,2024-03-09,180,2,wemedia_to_mainstream,0.9125820236027379,0.4034100628059907
2023-09-12,2024-03-09,180,3,wemedia_to_mainstream,0.6977857167473411,0.5546139190281715
2023-10-12,2024-04-08,180,1,mainstream_to_wemedia,2.4749205189910266,0.11747121783596737
2023-10-12,2024-04-08,180,2,mainstream_to_wemedia,1.2746024160383307,0.28215383503964975
2023-10-12,2024-04-08,180,3,mainstream_to_wemedia,0.8634426745645303,0.46130218979034476
2023-10-12,2024-04-08,180,1,wemedia_to_mainstream,0.08560147760237771,0.7701898999242929
2023-10-12,2024-04-08,180,2,wemedia_to_mainstream,0.22364560948694248,0.7998292679245466
2023-10-12,2024-04-08,180,3,wemedia_to_mainstream,0.14957822668269438,0.9298463647993604
2023-11-11,2024-05-08,180,1,mainstream_to_wemedia,0.015457618761831497,0.9011969290382308
2023-11-11,2024-05-08,180,2,mainstream_to_wemedia,0.12299090362860673,0.8843489552390873
2023-11-11,2024-05-08,180,3,mainstream_to_wemedia,0.33745940332592084,0.7982671132386203
2023-11-11,2024-05-08,180,1,wemedia_to_mainstream,0.10659274365305474,0.7444450160675768
2023-11-11,2024-05-08,180,2,wemedia_to_mainstream,0.10528753460326011,0.9001233146907115
2023-11-11,2024-05-08,180,3,wemedia_to_mainstream,0.06650745069066384,0.9775908550077179
2023-12-11,2024-06-07,180,1,mainstream_to_wemedia,0.0009351083255902676,0.9756395074311456
2023-12-11,2024-06-07,180,2,mainstream_to_wemedia,0.252930606941706,0.7768084105086259
2023-12-11,2024-06-07,180,3,mainstream_to_wemedia,0.2512324235616005,0.8603786177760556
2023-12-11,2024-06-07,180,1,wemedia_to_mainstream,0.03485490731537849,0.8521150459576349
2023-12-11,2024-06-07,180,2,wemedia_to_mainstream,0.0688039966867096,0.9335351645948694
2023-12-11,2024-06-07,180,3,wemedia_to_mainstream,0.07891524120091074,0.9713586752793214
2024-01-10,2024-07-07,180,1,mainstream_to_wemedia,0.01600175230861972,0.8994821026464217
2024-01-10,2024-07-07,180,2,mainstream_to_wemedia,0.01253521005906649,0.9875439253072869
2024-01-10,2024-07-07,180,3,mainstream_to_wemedia,0.4225574258413084,0.7370618340211643
2024-01-10,2024-07-07,180,1,wemedia_to_mainstream,0.17555599461177418,0.6757314006047768
2024-01-10,2024-07-07,180,2,wemedia_to_mainstream,0.19376150495909514,0.8240329072211365
2024-01-10,2024-07-07,180,3,wemedia_to_mainstream,0.18796679500590366,0.9044821901371732
2024-02-09,2024-08-06,180,1,mainstream_to_wemedia,0.010978744984159482,0.916670085223674
2024-02-09,2024-08-06,180,2,mainstream_to_wemedia,0.026875911032315607,0.9734860960872879
2024-02-09,2024-08-06,180,3,mainstream_to_wemedia,0.3216851196342296,0.8096841090694101
2024-02-09,2024-08-06,180,1,wemedia_to_mainstream,0.03903680083003467,0.843603776486522
2024-02-09,2024-08-06,180,2,wemedia_to_mainstream,0.05388404522019586,0.9475578684533429
2024-02-09,2024-08-06,180,3,wemedia_to_mainstream,0.040496233559940024,0.9890985481932013
2024-03-10,2024-09-05,180,1,mainstream_to_wemedia,0.06946015717237294,0.7924327292359552
2024-03-10,2024-09-05,180,2,mainstream_to_wemedia,0.04273048969389651,0.9581797013895923
2024-03-10,2024-09-05,180,3,mainstream_to_wemedia,0.7834992984362502,0.5046668940410154
2024-03-10,2024-09-05,180,1,wemedia_to_mainstream,0.1748596136164058,0.6763383054067089
2024-03-10,2024-09-05,180,2,wemedia_to_mainstream,2.2189191284736705,0.11181198364937073
2024-03-10,2024-09-05,180,3,wemedia_to_mainstream,1.6789630616970084,0.17339742187314267
2024-04-09,2024-10-05,180,1,mainstream_to_wemedia,0.2486733328221174,0.6186334346056295
2024-04-09,2024-10-05,180,2,mainstream_to_wemedia,0.339509157257248,0.7125931664940296
2024-04-09,2024-10-05,180,3,mainstream_to_wemedia,1.174516375149365,0.32105471211398906
2024-04-09,2024-10-05,180,1,wemedia_to_mainstream,1.4882969880517836,0.2241130689383003
2024-04-09,2024-10-05,180,2,wemedia_to_mainstream,2.769571095137974,0.06547040527891712
2024-04-09,2024-10-05,180,3,wemedia_to_mainstream,1.9655940646922379,0.12103042346105852
2024-05-09,2024-11-04,180,1,mainstream_to_wemedia,0.05151035294691935,0.8207190858005072
2024-05-09,2024-11-04,180,2,mainstream_to_wemedia,0.0014920042739263995,0.998509121059268
2024-05-09,2024-11-04,180,3,mainstream_to_wemedia,0.7782838276428686,0.507604146977148
2024-05-09,2024-11-04,180,1,wemedia_to_mainstream,2.6977519226995628,0.10227532604009026
2024-05-09,2024-11-04,180,2,wemedia_to_mainstream,3.191864945439121,0.04352653521474814
2024-05-09,2024-11-04,180,3,wemedia_to_mainstream,3.6007254902925467,0.014737664923130667
2024-06-08,2024-12-04,180,1,mainstream_to_wemedia,0.02341337172001225,0.8785622966907108
2024-06-08,2024-12-04,180,2,mainstream_to_wemedia,0.2926157341878665,0.7466775019795897
2024-06-08,2024-12-04,180,3,mainstream_to_wemedia,0.9969634765441573,0.39571795295804113
2024-06-08,2024-12-04,180,1,wemedia_to_mainstream,7.202143013563163,0.007976576233960087
2024-06-08,2024-12-04,180,2,wemedia_to_mainstream,5.767313052008452,0.003760557495335548
2024-06-08,2024-12-04,180,3,wemedia_to_mainstream,5.192901536490258,0.0018606484246229682
2024-07-08,2025-01-03,180,1,mainstream_to_wemedia,0.2865687164384204,0.5931035721293714
2024-07-08,2025-01-03,180,2,mainstream_to_wemedia,2.193313727856395,0.11463891729499032
2024-07-08,2025-01-03,180,3,mainstream_to_wemedia,0.6979049154000532,0.5545419991676381
2024-07-08,2025-01-03,180,1,wemedia_to_mainstream,37.28001951995642,6.367319227429391e-09
2024-07-08,2025-01-03,180,2,wemedia_to_mainstream,17.998983943603502,7.919530464750579e-08
2024-07-08,2025-01-03,180,3,wemedia_to_mainstream,14.230513046003182,2.5673657200186994e-08
2024-08-07,2025-02-02,180,1,mainstream_to_wemedia,1.9492850523810807,0.1644224097972241
2024-08-07,2025-02-02,180,2,mainstream_to_wemedia,1.632230486196318,0.19848898942664606
2024-08-07,2025-02-02,180,3,mainstream_to_wemedia,0.35506648385054873,0.7855316329543071
2024-08-07,2025-02-02,180,1,wemedia_to_mainstream,48.22892489443563,7.047207262189659e-11
2024-08-07,2025-02-02,180,2,wemedia_to_mainstream,21.76492477111517,3.704251461122965e-09
2024-08-07,2025-02-02,180,3,wemedia_to_mainstream,20.001838288483658,3.7557068566229646e-11
2024-09-06,2025-03-04,180,1,mainstream_to_wemedia,0.9275033717020595,0.336833850437839
2024-09-06,2025-03-04,180,2,mainstream_to_wemedia,0.46364507102516356,0.6297660290223743
2024-09-06,2025-03-04,180,3,mainstream_to_wemedia,0.5284162582391603,0.6633576740629272
2024-09-06,2025-03-04,180,1,wemedia_to_mainstream,11.243693873692584,0.0009781987525970814
2024-09-06,2025-03-04,180,2,wemedia_to_mainstream,7.534464827837098,0.0007287236180482104
2024-09-06,2025-03-04,180,3,wemedia_to_mainstream,11.564716008053797,6.162130642417551e-07
2024-10-06,2025-04-03,180,1,mainstream_to_wemedia,0.03378890769657351,0.8543681611266819
2024-10-06,2025-04-03,180,2,mainstream_to_wemedia,0.027071294498633606,0.9732959708611151
2024-10-06,2025-04-03,180,3,mainstream_to_wemedia,0.0930646035376867,0.9637847687125953
2024-10-06,2025-04-03,180,1,wemedia_to_mainstream,10.296600713614932,0.001583864369148591
2024-10-06,2025-04-03,180,2,wemedia_to_mainstream,5.534684588984704,0.004678278787497603
2024-10-06,2025-04-03,180,3,wemedia_to_mainstream,8.263326617783909,3.6543597333515976e-05
2024-11-05,2025-05-03,180,1,mainstream_to_wemedia,0.29935926521883105,0.5849774687676552
2024-11-05,2025-05-03,180,2,mainstream_to_wemedia,0.16737501866059454,0.8460191410151855
2024-11-05,2025-05-03,180,3,mainstream_to_wemedia,0.1613004106306936,0.9222546538685553
2024-11-05,2025-05-03,180,1,wemedia_to_mainstream,8.824720447191964,0.003387046230182711
2024-11-05,2025-05-03,180,2,wemedia_to_mainstream,4.399953604397393,0.013681589980425568
2024-11-05,2025-05-03,180,3,wemedia_to_mainstream,6.541011768481423,0.00032685439640600666
2024-12-05,2025-06-02,180,1,mainstream_to_wemedia,19.325205996196402,1.9025391583826767e-05
2024-12-05,2025-06-02,180,2,mainstream_to_wemedia,18.94915310578554,3.61964084261146e-08
2024-12-05,2025-06-02,180,3,mainstream_to_wemedia,12.189807214872065,2.8969605980755375e-07
2024-12-05,2025-06-02,180,1,wemedia_to_mainstream,11.831770065953409,0.0007270732695472404
2024-12-05,2025-06-02,180,2,wemedia_to_mainstream,7.749090105778746,0.0005982992013732202
2024-12-05,2025-06-02,180,3,wemedia_to_mainstream,5.515068101173443,0.0012259667623057968
2025-01-04,2025-07-02,180,1,mainstream_to_wemedia,19.07646295557434,2.1396158204955995e-05
2025-01-04,2025-07-02,180,2,mainstream_to_wemedia,18.757742557094883,4.2356282592415084e-08
2025-01-04,2025-07-02,180,3,mainstream_to_wemedia,11.97187641193807,3.766457743470397e-07
2025-01-04,2025-07-02,180,1,wemedia_to_mainstream,11.748121159875536,0.0007583269431712392
2025-01-04,2025-07-02,180,2,wemedia_to_mainstream,7.6500101171435775,0.0006552864721437457
2025-01-04,2025-07-02,180,3,wemedia_to_mainstream,5.474697624563491,0.0012917020152033443
